,dt,LandAverageTemperature
0,1750-01-01,3.034
1,1750-02-01,3.083
2,1750-03-01,5.626
3,1750-04-01,8.49
4,1750-05-01,11.573
5,1750-06-01,12.937
6,1750-07-01,15.868
7,1750-08-01,14.75
8,1750-09-01,11.413
9,1750-10-01,6.367
10,1750-11-01,
11,1750-12-01,2.772
12,1751-01-01,2.495
13,1751-02-01,0.963
14,1751-03-01,5.8
15,1751-04-01,7.67
16,1751-05-01,
17,1751-06-01,13.827
18,1751-07-01,
19,1751-08-01,14.405
20,1751-09-01,10.673
21,1751-10-01,
22,1751-11-01,
23,1751-12-01,
24,1752-01-01,0.348
25,1752-02-01,
26,1752-03-01,5.806
27,1752-04-01,8.265
28,1752-05-01,
29,1752-06-01,
30,1752-07-01,
31,1752-08-01,
32,1752-09-01,
33,1752-10-01,7.839
34,1752-11-01,7.335
35,1752-12-01,5.086
36,1753-01-01,2.039
37,1753-02-01,0.715
38,1753-03-01,5.424
39,1753-04-01,8.272
40,1753-05-01,12.186
41,1753-06-01,14.585
42,1753-07-01,15.092
43,1753-08-01,14.148
44,1753-09-01,13.322
45,1753-10-01,8.962
46,1753-11-01,5.353
47,1753-12-01,0.559
48,1754-01-01,1.574
49,1754-02-01,-1.249
50,1754-03-01,3.677
51,1754-04-01,11.61
52,1754-05-01,11.936
53,1754-06-01,14.388
54,1754-07-01,14.681
55,1754-08-01,13.556
56,1754-09-01,11.129
57,1754-10-01,9.582
58,1754-11-01,6.161
59,1754-12-01,4.587
60,1755-01-01,1.067
61,1755-02-01,-0.108
62,1755-03-01,3.607
63,1755-04-01,9.263
64,1755-05-01,12.881
65,1755-06-01,15.38
66,1755-07-01,14.397
67,1755-08-01,13.515
68,1755-09-01,11.773
69,1755-10-01,9.97
70,1755-11-01,5.958
71,1755-12-01,2.564
72,1756-01-01,3.887
73,1756-02-01,5.666
74,1756-03-01,4.192
75,1756-04-01,10.042
76,1756-05-01,14.164
77,1756-06-01,14.547
78,1756-07-01,13.906
79,1756-08-01,13.437
80,1756-09-01,12.652
81,1756-10-01,7.312
82,1756-11-01,4.225
83,1756-12-01,2.165
84,1757-01-01,-0.276
85,1757-02-01,3.704
86,1757-03-01,4.529
87,1757-04-01,8.246
88,1757-05-01,13.039
89,1757-06-01,17.115
90,1757-07-01,17.61
91,1757-08-01,17.91
92,1757-09-01,14.852
93,1757-10-01,6.482
94,1757-11-01,4.032
95,1757-12-01,1.021
96,1758-01-01,-1.503
97,1758-02-01,0.806
98,1758-03-01,3.765
99,1758-04-01,7.21
100,1758-05-01,9.715
101,1758-06-01,13.139
102,1758-07-01,13.847
103,1758-08-01,11.818
104,1758-09-01,10.028
105,1758-10-01,1.894
106,1758-11-01,6.955
107,1758-12-01,3.249
108,1759-01-01,5.014
109,1759-02-01,4.082
110,1759-03-01,4.52
111,1759-04-01,5.983
112,1759-05-01,10.189
113,1759-06-01,13.512
114,1759-07-01,12.526
115,1759-08-01,14.587
116,1759-09-01,12.626
117,1759-10-01,8.267
118,1759-11-01,4.268
119,1759-12-01,0.247
120,1760-01-01,-0.811
121,1760-02-01,2.436
122,1760-03-01,1.864
123,1760-04-01,7.436
124,1760-05-01,10.661
125,1760-06-01,11.945
126,1760-07-01,12.887
127,1760-08-01,13.917
128,1760-09-01,11.197
129,1760-10-01,6.701
130,1760-11-01,5.436
131,1760-12-01,2.553
132,1761-01-01,0.6
133,1761-02-01,2.735
134,1761-03-01,5.976
135,1761-04-01,7.321
136,1761-05-01,13.451
137,1761-06-01,16.821
138,1761-07-01,19.021
139,1761-08-01,15.331
140,1761-09-01,12.535
141,1761-10-01,7.227
142,1761-11-01,5.089
143,1761-12-01,-0.837
144,1762-01-01,6.866
145,1762-02-01,4.801
146,1762-03-01,3.528
147,1762-04-01,9.019
148,1762-05-01,10.881
149,1762-06-01,13.499
150,1762-07-01,14.72
151,1762-08-01,13.992
152,1762-09-01,10.326
153,1762-10-01,6.156
154,1762-11-01,6.367
155,1762-12-01,3.123
156,1763-01-01,1.369
157,1763-02-01,0.771
158,1763-03-01,1.576
159,1763-04-01,7.871
160,1763-05-01,10.701
161,1763-06-01,12.271
162,1763-07-01,16.391
163,1763-08-01,14.126
164,1763-09-01,11.378
165,1763-10-01,5.535
166,1763-11-01,4.588
167,1763-12-01,3.384
168,1764-01-01,1.741
169,1764-02-01,6.162
170,1764-03-01,5.521
171,1764-04-01,7.88
172,1764-05-01,11.175
173,1764-06-01,11.723
174,1764-07-01,12.507
175,1764-08-01,12.282
176,1764-09-01,10.696
177,1764-10-01,10.011
178,1764-11-01,5.791
179,1764-12-01,5.315
180,1765-01-01,3.78
181,1765-02-01,3.832
182,1765-03-01,6.859
183,1765-04-01,9.013
184,1765-05-01,10.734
185,1765-06-01,10.833
186,1765-07-01,13.953
187,1765-08-01,13.12
188,1765-09-01,10.993
189,1765-10-01,7.904
190,1765-11-01,5.603
191,1765-12-01,2.399
192,1766-01-01,-0.793
193,1766-02-01,4.896
194,1766-03-01,6.062
195,1766-04-01,8.007
196,1766-05-01,11.228
197,1766-06-01,13.653
198,1766-07-01,13.555
199,1766-08-01,13.758
200,1766-09-01,12.25
201,1766-10-01,8.465
202,1766-11-01,7.454
203,1766-12-01,2.333
204,1767-01-01,-0.643
205,1767-02-01,3.932
206,1767-03-01,7.022
207,1767-04-01,6.278
208,1767-05-01,10.193
209,1767-06-01,14.112
210,1767-07-01,13.361
211,1767-08-01,14.597
212,1767-09-01,11.675
213,1767-10-01,9.027
214,1767-11-01,7.915
215,1767-12-01,1.189
216,1768-01-01,-2.08
217,1768-02-01,0.506
218,1768-03-01,2.446
219,1768-04-01,6.92
220,1768-05-01,9.066
221,1768-06-01,12.49
222,1768-07-01,13.875
223,1768-08-01,12.352
224,1768-09-01,10.824
225,1768-10-01,7.729
226,1768-11-01,4.581
227,1768-12-01,2.667
228,1769-01-01,2.305
229,1769-02-01,2.164
230,1769-03-01,4.57
231,1769-04-01,8.967
232,1769-05-01,12.873
233,1769-06-01,15.142
234,1769-07-01,14.461
235,1769-08-01,13.494
236,1769-09-01,11.25
237,1769-10-01,5.297
238,1769-11-01,2.79
239,1769-12-01,-0.978
240,1770-01-01,1.974
241,1770-02-01,4.105
242,1770-03-01,1.612
243,1770-04-01,9.788
244,1770-05-01,9.996
245,1770-06-01,11.884
246,1770-07-01,11.621
247,1770-08-01,11.413
248,1770-09-01,10.724
249,1770-10-01,8.661
250,1770-11-01,5.791
251,1770-12-01,4.734
252,1771-01-01,5.101
253,1771-02-01,-0.274
254,1771-03-01,2.814
255,1771-04-01,5.717
256,1771-05-01,9.626
257,1771-06-01,14.104
258,1771-07-01,13.828
259,1771-08-01,14.204
260,1771-09-01,11.363
261,1771-10-01,10.317
262,1771-11-01,4.916
263,1771-12-01,2.522
264,1772-01-01,1.253
265,1772-02-01,1.478
266,1772-03-01,3.057
267,1772-04-01,8.858
268,1772-05-01,9.531
269,1772-06-01,12.647
270,1772-07-01,14.581
271,1772-08-01,14.098
272,1772-09-01,10.303
273,1772-10-01,9.268
274,1772-11-01,7.736
275,1772-12-01,5.512
276,1773-01-01,-0.437
277,1773-02-01,1.421
278,1773-03-01,4.422
279,1773-04-01,9.415
280,1773-05-01,12.764
281,1773-06-01,12.811
282,1773-07-01,14.484
283,1773-08-01,13.624
284,1773-09-01,12.488
285,1773-10-01,9.206
286,1773-11-01,3.369
287,1773-12-01,5.091
288,1774-01-01,-0.325
289,1774-02-01,4.914
290,1774-03-01,5.643
291,1774-04-01,10.153
292,1774-05-01,16.025
293,1774-06-01,15.371
294,1774-07-01,16.521
295,1774-08-01,14.099
296,1774-09-01,10.936
297,1774-10-01,8.59
298,1774-11-01,3.029
299,1774-12-01,0.31
300,1775-01-01,4.261
301,1775-02-01,6.427
302,1775-03-01,7.759
303,1775-04-01,7.952
304,1775-05-01,11.399
305,1775-06-01,12.314
306,1775-07-01,14.719
307,1775-08-01,14.435
308,1775-09-01,11.096
309,1775-10-01,10.372
310,1775-11-01,8.179
311,1775-12-01,1.284
312,1776-01-01,-0.806
313,1776-02-01,4.825
314,1776-03-01,4.652
315,1776-04-01,7.44
316,1776-05-01,10.475
317,1776-06-01,14.564
318,1776-07-01,14.108
319,1776-08-01,14.837
320,1776-09-01,10.602
321,1776-10-01,8.06
322,1776-11-01,5.87
323,1776-12-01,5.021
324,1777-01-01,6.021
325,1777-02-01,4.919
326,1777-03-01,5.572
327,1777-04-01,6.362
328,1777-05-01,11.389
329,1777-06-01,12.323
330,1777-07-01,12.743
331,1777-08-01,12.815
332,1777-09-01,11.379
333,1777-10-01,6.956
334,1777-11-01,5.529
335,1777-12-01,3.067
336,1778-01-01,2.521
337,1778-02-01,6.094
338,1778-03-01,4.604
339,1778-04-01,10.984
340,1778-05-01,11.286
341,1778-06-01,11.731
342,1778-07-01,15.037
343,1778-08-01,12.869
344,1778-09-01,13.377
345,1778-10-01,8.049
346,1778-11-01,3.854
347,1778-12-01,2.101
348,1779-01-01,1.47
349,1779-02-01,5.14
350,1779-03-01,6.967
351,1779-04-01,9.965
352,1779-05-01,14.18
353,1779-06-01,12.547
354,1779-07-01,13.659
355,1779-08-01,13.799
356,1779-09-01,12.683
357,1779-10-01,9.35
358,1779-11-01,5.77
359,1779-12-01,2.269
360,1780-01-01,2.515
361,1780-02-01,4.08
362,1780-03-01,5.724
363,1780-04-01,13.732
364,1780-05-01,15.757
365,1780-06-01,14.747
366,1780-07-01,16.183
367,1780-08-01,12.947
368,1780-09-01,8.844
369,1780-10-01,9.376
370,1780-11-01,6.706
371,1780-12-01,2.584
372,1781-01-01,2.401
373,1781-02-01,2.267
374,1781-03-01,4.772
375,1781-04-01,6.923
376,1781-05-01,11.102
377,1781-06-01,11.678
378,1781-07-01,14.285
379,1781-08-01,14.141
380,1781-09-01,10.304
381,1781-10-01,8.547
382,1781-11-01,7.523
383,1781-12-01,3.288
384,1782-01-01,0.341
385,1782-02-01,0.639
386,1782-03-01,2.565
387,1782-04-01,8.618
388,1782-05-01,10.99
389,1782-06-01,13.801
390,1782-07-01,13.925
391,1782-08-01,15.683
392,1782-09-01,12.398
393,1782-10-01,8.978
394,1782-11-01,4.956
395,1782-12-01,1.921
396,1783-01-01,-1.431
397,1783-02-01,5.294
398,1783-03-01,4.799
399,1783-04-01,8.574
400,1783-05-01,11.819
401,1783-06-01,14.34
402,1783-07-01,13.069
403,1783-08-01,13.971
404,1783-09-01,9.958
405,1783-10-01,7.357
406,1783-11-01,2.196
407,1783-12-01,2.224
408,1784-01-01,2.596
409,1784-02-01,0.989
410,1784-03-01,3.919
411,1784-04-01,8.142
412,1784-05-01,10.013
413,1784-06-01,12.803
414,1784-07-01,14.947
415,1784-08-01,15.861
416,1784-09-01,10.266
417,1784-10-01,6.836
418,1784-11-01,4.557
419,1784-12-01,3.415
420,1785-01-01,0.865
421,1785-02-01,1.045
422,1785-03-01,2.289
423,1785-04-01,6.379
424,1785-05-01,9.853
425,1785-06-01,13.744
426,1785-07-01,14.468
427,1785-08-01,14.466
428,1785-09-01,10.497
429,1785-10-01,7.351
430,1785-11-01,5.526
431,1785-12-01,1.873
432,1786-01-01,0.763
433,1786-02-01,2.657
434,1786-03-01,5.648
435,1786-04-01,9.318
436,1786-05-01,11.583
437,1786-06-01,13.035
438,1786-07-01,15.294
439,1786-08-01,14.455
440,1786-09-01,12.158
441,1786-10-01,7.712
442,1786-11-01,5.741
443,1786-12-01,0.734
444,1787-01-01,2.845
445,1787-02-01,2.563
446,1787-03-01,4.698
447,1787-04-01,7.772
448,1787-05-01,11.403
449,1787-06-01,14.369
450,1787-07-01,13.451
451,1787-08-01,13.555
452,1787-09-01,10.357
453,1787-10-01,7.772
454,1787-11-01,5.801
455,1787-12-01,1.796
456,1788-01-01,0.735
457,1788-02-01,3.581
458,1788-03-01,5.336
459,1788-04-01,8.714
460,1788-05-01,10.428
461,1788-06-01,13.808
462,1788-07-01,16.468
463,1788-08-01,13.885
464,1788-09-01,11.699
465,1788-10-01,9.349
466,1788-11-01,6.111
467,1788-12-01,1.252
468,1789-01-01,3.706
469,1789-02-01,1.675
470,1789-03-01,3.989
471,1789-04-01,7.694
472,1789-05-01,11.666
473,1789-06-01,13.507
474,1789-07-01,15.462
475,1789-08-01,13.84
476,1789-09-01,12.018
477,1789-10-01,7.39
478,1789-11-01,5.964
479,1789-12-01,3.099
480,1790-01-01,2.444
481,1790-02-01,2.973
482,1790-03-01,4.582
483,1790-04-01,6.053
484,1790-05-01,10.357
485,1790-06-01,13.746
486,1790-07-01,13.812
487,1790-08-01,13.925
488,1790-09-01,11.233
489,1790-10-01,8.577
490,1790-11-01,5.331
491,1790-12-01,2.755
492,1791-01-01,1.493
493,1791-02-01,3.466
494,1791-03-01,4.79
495,1791-04-01,9.127
496,1791-05-01,9.859
497,1791-06-01,13.231
498,1791-07-01,13.612
499,1791-08-01,13.744
500,1791-09-01,11.677
501,1791-10-01,8.08
502,1791-11-01,6.206
503,1791-12-01,3.526
504,1792-01-01,0.348
505,1792-02-01,3.62
506,1792-03-01,4.429
507,1792-04-01,7.994
508,1792-05-01,11.321
509,1792-06-01,13.581
510,1792-07-01,14.212
511,1792-08-01,12.281
512,1792-09-01,12.491
513,1792-10-01,8.097
514,1792-11-01,5.306
515,1792-12-01,3.388
516,1793-01-01,0.521
517,1793-02-01,4.745
518,1793-03-01,5.042
519,1793-04-01,8.643
520,1793-05-01,11.059
521,1793-06-01,13.146
522,1793-07-01,14.336
523,1793-08-01,13.16
524,1793-09-01,12.002
525,1793-10-01,8.393
526,1793-11-01,5.666
527,1793-12-01,2.037
528,1794-01-01,3.71
529,1794-02-01,3.605
530,1794-03-01,5.696
531,1794-04-01,9.367
532,1794-05-01,12.376
533,1794-06-01,11.994
534,1794-07-01,12.874
535,1794-08-01,13.484
536,1794-09-01,11.896
537,1794-10-01,9.108
538,1794-11-01,5.284
539,1794-12-01,2.918
540,1795-01-01,2.731
541,1795-02-01,4.39
542,1795-03-01,5.709
543,1795-04-01,8.918
544,1795-05-01,11.029
545,1795-06-01,13.293
546,1795-07-01,14.295
547,1795-08-01,13.14
548,1795-09-01,11.133
549,1795-10-01,7.786
550,1795-11-01,5.207
551,1795-12-01,2.573
552,1796-01-01,2.844
553,1796-02-01,2.736
554,1796-03-01,3.477
555,1796-04-01,7.773
556,1796-05-01,11.273
557,1796-06-01,14.216
558,1796-07-01,14.314
559,1796-08-01,14.722
560,1796-09-01,12.012
561,1796-10-01,8.924
562,1796-11-01,5.702
563,1796-12-01,1.259
564,1797-01-01,4.396
565,1797-02-01,4.957
566,1797-03-01,4.056
567,1797-04-01,6.6
568,1797-05-01,10.417
569,1797-06-01,13.852
570,1797-07-01,14.107
571,1797-08-01,14.04
572,1797-09-01,12.459
573,1797-10-01,9.191
574,1797-11-01,4.777
575,1797-12-01,3.275
576,1798-01-01,2.679
577,1798-02-01,3.213
578,1798-03-01,7.008
579,1798-04-01,8.083
580,1798-05-01,11.769
581,1798-06-01,13.246
582,1798-07-01,14.951
583,1798-08-01,14.754
584,1798-09-01,11.627
585,1798-10-01,8.655
586,1798-11-01,6.031
587,1798-12-01,2.027
588,1799-01-01,1.923
589,1799-02-01,2.078
590,1799-03-01,3.986
591,1799-04-01,8.786
592,1799-05-01,11.353
593,1799-06-01,13.68
594,1799-07-01,14.869
595,1799-08-01,14.086
596,1799-09-01,12.311
597,1799-10-01,9.606
598,1799-11-01,5.904
599,1799-12-01,3.487
600,1800-01-01,2.815
601,1800-02-01,3.634
602,1800-03-01,4.452
603,1800-04-01,9.125
604,1800-05-01,11.097
605,1800-06-01,13.606
606,1800-07-01,13.763
607,1800-08-01,13.619
608,1800-09-01,10.795
609,1800-10-01,9.469
610,1800-11-01,5.572
611,1800-12-01,3.864
612,1801-01-01,2.687
613,1801-02-01,3.149
614,1801-03-01,6.455
615,1801-04-01,7.404
616,1801-05-01,12.123
617,1801-06-01,12.536
618,1801-07-01,14.676
619,1801-08-01,13.187
620,1801-09-01,11.462
621,1801-10-01,9.099
622,1801-11-01,5.72
623,1801-12-01,4.578
624,1802-01-01,3.74
625,1802-02-01,2.828
626,1802-03-01,5.201
627,1802-04-01,7.623
628,1802-05-01,10.457
629,1802-06-01,14.471
630,1802-07-01,14.628
631,1802-08-01,14.039
632,1802-09-01,11.788
633,1802-10-01,9.747
634,1802-11-01,5.535
635,1802-12-01,2.881
636,1803-01-01,0.602
637,1803-02-01,1.443
638,1803-03-01,4.875
639,1803-04-01,9.291
640,1803-05-01,11.795
641,1803-06-01,13.821
642,1803-07-01,15.106
643,1803-08-01,15.366
644,1803-09-01,12.33
645,1803-10-01,9.119
646,1803-11-01,5.961
647,1803-12-01,2.327
648,1804-01-01,2.445
649,1804-02-01,1.939
650,1804-03-01,4.425
651,1804-04-01,10.057
652,1804-05-01,12.107
653,1804-06-01,13.774
654,1804-07-01,15.774
655,1804-08-01,14.511
656,1804-09-01,12.468
657,1804-10-01,9.282
658,1804-11-01,7.132
659,1804-12-01,2.224
660,1805-01-01,2.822
661,1805-02-01,2.557
662,1805-03-01,5.76
663,1805-04-01,8.123
664,1805-05-01,11.104
665,1805-06-01,14.027
666,1805-07-01,14.702
667,1805-08-01,15.27
668,1805-09-01,12.039
669,1805-10-01,7.636
670,1805-11-01,4.555
671,1805-12-01,4.158
672,1806-01-01,2.917
673,1806-02-01,2.937
674,1806-03-01,4.691
675,1806-04-01,8.032
676,1806-05-01,11.503
677,1806-06-01,12.418
678,1806-07-01,13.923
679,1806-08-01,14.593
680,1806-09-01,12.549
681,1806-10-01,8.426
682,1806-11-01,5.231
683,1806-12-01,3.989
684,1807-01-01,1.055
685,1807-02-01,4.094
686,1807-03-01,4.788
687,1807-04-01,6.971
688,1807-05-01,9.331
689,1807-06-01,13.293
690,1807-07-01,14.138
691,1807-08-01,13.799
692,1807-09-01,12.615
693,1807-10-01,8.857
694,1807-11-01,6.015
695,1807-12-01,4.421
696,1808-01-01,1.131
697,1808-02-01,2.142
698,1808-03-01,4.361
699,1808-04-01,7.482
700,1808-05-01,9.357
701,1808-06-01,13.429
702,1808-07-01,14.491
703,1808-08-01,13.047
704,1808-09-01,12.711
705,1808-10-01,7.972
706,1808-11-01,4.512
707,1808-12-01,0.887
708,1809-01-01,0.208
709,1809-02-01,0.856
710,1809-03-01,3.425
711,1809-04-01,7.833
712,1809-05-01,9.243
713,1809-06-01,12.998
714,1809-07-01,12.656
715,1809-08-01,12.905
716,1809-09-01,10.967
717,1809-10-01,8.65
718,1809-11-01,3.099
719,1809-12-01,2.077
720,1810-01-01,0.888
721,1810-02-01,2.391
722,1810-03-01,5.014
723,1810-04-01,6.533
724,1810-05-01,9.069
725,1810-06-01,11.934
726,1810-07-01,12.551
727,1810-08-01,12.041
728,1810-09-01,9.532
729,1810-10-01,6.632
730,1810-11-01,3.827
731,1810-12-01,2.66
732,1811-01-01,1.374
733,1811-02-01,0.45
734,1811-03-01,3.701
735,1811-04-01,6.302
736,1811-05-01,9.443
737,1811-06-01,12.137
738,1811-07-01,11.956
739,1811-08-01,13.326
740,1811-09-01,10.368
741,1811-10-01,6.58
742,1811-11-01,3.503
743,1811-12-01,3.174
744,1812-01-01,0.977
745,1812-02-01,0.131
746,1812-03-01,2.044
747,1812-04-01,6.95
748,1812-05-01,9.58
749,1812-06-01,12.005
750,1812-07-01,14.355
751,1812-08-01,15.018
752,1812-09-01,10.185
753,1812-10-01,7.593
754,1812-11-01,4.369
755,1812-12-01,1.348
756,1813-01-01,-1.385
757,1813-02-01,2.258
758,1813-03-01,1.596
759,1813-04-01,8.182
760,1813-05-01,11.367
761,1813-06-01,13.242
762,1813-07-01,14.521
763,1813-08-01,13.097
764,1813-09-01,12.339
765,1813-10-01,8.666
766,1813-11-01,6.825
767,1813-12-01,2.171
768,1814-01-01,1.502
769,1814-02-01,1.689
770,1814-03-01,2.664
771,1814-04-01,7.193
772,1814-05-01,9.417
773,1814-06-01,12.818
774,1814-07-01,12.532
775,1814-08-01,12.668
776,1814-09-01,10.676
777,1814-10-01,7.374
778,1814-11-01,6.739
779,1814-12-01,5.829
780,1815-01-01,2.051
781,1815-02-01,2.273
782,1815-03-01,3.663
783,1815-04-01,6.588
784,1815-05-01,9.845
785,1815-06-01,11.162
786,1815-07-01,14.394
787,1815-08-01,13.209
788,1815-09-01,11.151
789,1815-10-01,7.137
790,1815-11-01,4.178
791,1815-12-01,1.221
792,1816-01-01,2.737
793,1816-02-01,0.676
794,1816-03-01,3.905
795,1816-04-01,7.606
796,1816-05-01,10.594
797,1816-06-01,11.79
798,1816-07-01,12.267
799,1816-08-01,12.57
800,1816-09-01,10.39
801,1816-10-01,5.699
802,1816-11-01,4.058
803,1816-12-01,0.958
804,1817-01-01,1.54
805,1817-02-01,3.649
806,1817-03-01,4.569
807,1817-04-01,7.889
808,1817-05-01,9.476
809,1817-06-01,11.287
810,1817-07-01,12.072
811,1817-08-01,13.403
812,1817-09-01,8.812
813,1817-10-01,6.203
814,1817-11-01,4.638
815,1817-12-01,0.17
816,1818-01-01,1.204
817,1818-02-01,0.755
818,1818-03-01,5.565
819,1818-04-01,9.901
820,1818-05-01,11.247
821,1818-06-01,13.825
822,1818-07-01,13.51
823,1818-08-01,13.166
824,1818-09-01,10.578
825,1818-10-01,6.654
826,1818-11-01,5.035
827,1818-12-01,2.507
828,1819-01-01,1.014
829,1819-02-01,2.286
830,1819-03-01,2.931
831,1819-04-01,7.029
832,1819-05-01,9.851
833,1819-06-01,12.526
834,1819-07-01,13.038
835,1819-08-01,12.557
836,1819-09-01,10.894
837,1819-10-01,9.312
838,1819-11-01,5.15
839,1819-12-01,1.842
840,1820-01-01,1.236
841,1820-02-01,2.145
842,1820-03-01,4.618
843,1820-04-01,8.7
844,1820-05-01,11.62
845,1820-06-01,13.323
846,1820-07-01,13.311
847,1820-08-01,11.978
848,1820-09-01,11.16
849,1820-10-01,7.588
850,1820-11-01,4.443
851,1820-12-01,1.273
852,1821-01-01,2.999
853,1821-02-01,3.758
854,1821-03-01,5.462
855,1821-04-01,7.739
856,1821-05-01,11.3
857,1821-06-01,12.608
858,1821-07-01,13.039
859,1821-08-01,13.145
860,1821-09-01,10.178
861,1821-10-01,8.535
862,1821-11-01,5.601
863,1821-12-01,2.717
864,1822-01-01,2.759
865,1822-02-01,4.465
866,1822-03-01,7.787
867,1822-04-01,8.278
868,1822-05-01,10.486
869,1822-06-01,13.067
870,1822-07-01,14.212
871,1822-08-01,13.215
872,1822-09-01,10.695
873,1822-10-01,7.774
874,1822-11-01,4.501
875,1822-12-01,1.021
876,1823-01-01,1.758
877,1823-02-01,1.966
878,1823-03-01,5.068
879,1823-04-01,7.665
880,1823-05-01,10.563
881,1823-06-01,13.958
882,1823-07-01,14.197
883,1823-08-01,13.13
884,1823-09-01,10.198
885,1823-10-01,7.642
886,1823-11-01,4.508
887,1823-12-01,1.971
888,1824-01-01,2.651
889,1824-02-01,2.679
890,1824-03-01,5.357
891,1824-04-01,8.375
892,1824-05-01,11.132
893,1824-06-01,13.427
894,1824-07-01,14.83
895,1824-08-01,13.437
896,1824-09-01,11.528
897,1824-10-01,8.197
898,1824-11-01,5.877
899,1824-12-01,5.076
900,1825-01-01,3.213
901,1825-02-01,3.092
902,1825-03-01,5.365
903,1825-04-01,8.988
904,1825-05-01,10.751
905,1825-06-01,13.765
906,1825-07-01,14.007
907,1825-08-01,13.269
908,1825-09-01,11.148
909,1825-10-01,7.979
910,1825-11-01,6.058
911,1825-12-01,3.037
912,1826-01-01,1.893
913,1826-02-01,1.533
914,1826-03-01,4.888
915,1826-04-01,8.403
916,1826-05-01,11.804
917,1826-06-01,13.02
918,1826-07-01,14.482
919,1826-08-01,13.109
920,1826-09-01,11.178
921,1826-10-01,8.459
922,1826-11-01,6.634
923,1826-12-01,4.876
924,1827-01-01,3.593
925,1827-02-01,4.415
926,1827-03-01,6.141
927,1827-04-01,9.429
928,1827-05-01,11.807
929,1827-06-01,13.548
930,1827-07-01,14.684
931,1827-08-01,13.694
932,1827-09-01,10.883
933,1827-10-01,8.51
934,1827-11-01,6.279
935,1827-12-01,2.722
936,1828-01-01,0.595
937,1828-02-01,1.853
938,1828-03-01,5.729
939,1828-04-01,8.737
940,1828-05-01,11.281
941,1828-06-01,14.124
942,1828-07-01,14.384
943,1828-08-01,13.635
944,1828-09-01,10.08
945,1828-10-01,8.656
946,1828-11-01,5.957
947,1828-12-01,2.953
948,1829-01-01,2.032
949,1829-02-01,1.715
950,1829-03-01,5.061
951,1829-04-01,7.815
952,1829-05-01,11.336
953,1829-06-01,12.86
954,1829-07-01,14.225
955,1829-08-01,13.399
956,1829-09-01,10.598
957,1829-10-01,8.806
958,1829-11-01,5.003
959,1829-12-01,2.452
960,1830-01-01,2.957
961,1830-02-01,4.085
962,1830-03-01,4.454
963,1830-04-01,8.841
964,1830-05-01,10.202
965,1830-06-01,12.827
966,1830-07-01,14.942
967,1830-08-01,13.386
968,1830-09-01,10.54
969,1830-10-01,7.993
970,1830-11-01,7.493
971,1830-12-01,4.481
972,1831-01-01,2.182
973,1831-02-01,2.479
974,1831-03-01,4.558
975,1831-04-01,7.731
976,1831-05-01,10.994
977,1831-06-01,13.203
978,1831-07-01,13.58
979,1831-08-01,12.49
980,1831-09-01,9.946
981,1831-10-01,7.83
982,1831-11-01,4.412
983,1831-12-01,2.265
984,1832-01-01,1.717
985,1832-02-01,1.833
986,1832-03-01,4.65
987,1832-04-01,8.059
988,1832-05-01,10.489
989,1832-06-01,12.857
990,1832-07-01,13.727
991,1832-08-01,11.966
992,1832-09-01,10.426
993,1832-10-01,8.634
994,1832-11-01,4.262
995,1832-12-01,0.782
996,1833-01-01,2.006
997,1833-02-01,2.815
998,1833-03-01,4.521
999,1833-04-01,7.869
1000,1833-05-01,10.581
1001,1833-06-01,13.049
1002,1833-07-01,13.803
1003,1833-08-01,13.222
1004,1833-09-01,11.236
1005,1833-10-01,7.9
1006,1833-11-01,6.596
1007,1833-12-01,2.558
1008,1834-01-01,0.334
1009,1834-02-01,2.329
1010,1834-03-01,5.736
1011,1834-04-01,8.085
1012,1834-05-01,11.234
1013,1834-06-01,12.799
1014,1834-07-01,14.197
1015,1834-08-01,13.412
1016,1834-09-01,11.571
1017,1834-10-01,8.617
1018,1834-11-01,6.355
1019,1834-12-01,3.092
1020,1835-01-01,2.551
1021,1835-02-01,2.967
1022,1835-03-01,4.507
1023,1835-04-01,7.769
1024,1835-05-01,10.171
1025,1835-06-01,12.007
1026,1835-07-01,13.129
1027,1835-08-01,12.322
1028,1835-09-01,9.942
1029,1835-10-01,7.835
1030,1835-11-01,4.312
1031,1835-12-01,1.198
1032,1836-01-01,1.67
1033,1836-02-01,2.371
1034,1836-03-01,5.448
1035,1836-04-01,7.315
1036,1836-05-01,10.279
1037,1836-06-01,12.549
1038,1836-07-01,13.646
1039,1836-08-01,12.83
1040,1836-09-01,10.812
1041,1836-10-01,8.756
1042,1836-11-01,3.814
1043,1836-12-01,2.86
1044,1837-01-01,1.94
1045,1837-02-01,2.619
1046,1837-03-01,3.865
1047,1837-04-01,6.556
1048,1837-05-01,9.973
1049,1837-06-01,12.099
1050,1837-07-01,13.526
1051,1837-08-01,13.018
1052,1837-09-01,10.805
1053,1837-10-01,7.653
1054,1837-11-01,4.169
1055,1837-12-01,2.285
1056,1838-01-01,-0.557
1057,1838-02-01,1.563
1058,1838-03-01,3.723
1059,1838-04-01,7.383
1060,1838-05-01,9.985
1061,1838-06-01,12.742
1062,1838-07-01,14.367
1063,1838-08-01,13.568
1064,1838-09-01,11.106
1065,1838-10-01,8.526
1066,1838-11-01,5.16
1067,1838-12-01,2.613
1068,1839-01-01,2.156
1069,1839-02-01,3.482
1070,1839-03-01,2.673
1071,1839-04-01,7.892
1072,1839-05-01,10.289
1073,1839-06-01,12.548
1074,1839-07-01,14.411
1075,1839-08-01,14.07
1076,1839-09-01,10.853
1077,1839-10-01,8.219
1078,1839-11-01,3.92
1079,1839-12-01,1.074
1080,1840-01-01,2.561
1081,1840-02-01,2.102
1082,1840-03-01,4.04
1083,1840-04-01,7.943
1084,1840-05-01,11.173
1085,1840-06-01,13.411
1086,1840-07-01,14.714
1087,1840-08-01,13.086
1088,1840-09-01,11.01
1089,1840-10-01,7.505
1090,1840-11-01,4.101
1091,1840-12-01,1.909
1092,1841-01-01,0.649
1093,1841-02-01,2.468
1094,1841-03-01,3.307
1095,1841-04-01,6.77
1096,1841-05-01,10.764
1097,1841-06-01,13.062
1098,1841-07-01,14.552
1099,1841-08-01,13.708
1100,1841-09-01,10.921
1101,1841-10-01,8.765
1102,1841-11-01,4.744
1103,1841-12-01,2.548
1104,1842-01-01,1.636
1105,1842-02-01,2.787
1106,1842-03-01,5.75
1107,1842-04-01,8.31
1108,1842-05-01,10.535
1109,1842-06-01,12.629
1110,1842-07-01,13.584
1111,1842-08-01,13.241
1112,1842-09-01,10.94
1113,1842-10-01,8.307
1114,1842-11-01,4.824
1115,1842-12-01,3.73
1116,1843-01-01,2.974
1117,1843-02-01,3.92
1118,1843-03-01,4.744
1119,1843-04-01,7.83
1120,1843-05-01,10.04
1121,1843-06-01,12.53
1122,1843-07-01,13.991
1123,1843-08-01,13.295
1124,1843-09-01,11.326
1125,1843-10-01,8.722
1126,1843-11-01,4.947
1127,1843-12-01,3.765
1128,1844-01-01,1.868
1129,1844-02-01,2.038
1130,1844-03-01,4.734
1131,1844-04-01,7.389
1132,1844-05-01,10.109
1133,1844-06-01,12.84
1134,1844-07-01,13.921
1135,1844-08-01,13.046
1136,1844-09-01,10.819
1137,1844-10-01,8.7
1138,1844-11-01,4.401
1139,1844-12-01,1.891
1140,1845-01-01,2.661
1141,1845-02-01,1.627
1142,1845-03-01,4.651
1143,1845-04-01,8.158
1144,1845-05-01,10.433
1145,1845-06-01,12.863
1146,1845-07-01,14.319
1147,1845-08-01,13.556
1148,1845-09-01,11.234
1149,1845-10-01,7.782
1150,1845-11-01,5.194
1151,1845-12-01,1.736
1152,1846-01-01,3.213
1153,1846-02-01,3.376
1154,1846-03-01,6.314
1155,1846-04-01,7.473
1156,1846-05-01,10.896
1157,1846-06-01,13.53
1158,1846-07-01,14.923
1159,1846-08-01,14.121
1160,1846-09-01,11.738
1161,1846-10-01,8.229
1162,1846-11-01,5.044
1163,1846-12-01,3.776
1164,1847-01-01,2.753
1165,1847-02-01,3.602
1166,1847-03-01,4.046
1167,1847-04-01,7.98
1168,1847-05-01,10.622
1169,1847-06-01,12.828
1170,1847-07-01,14.25
1171,1847-08-01,13.414
1172,1847-09-01,11.619
1173,1847-10-01,8.618
1174,1847-11-01,5.574
1175,1847-12-01,1.726
1176,1848-01-01,0.51
1177,1848-02-01,3.726
1178,1848-03-01,4.806
1179,1848-04-01,8.11
1180,1848-05-01,10.58
1181,1848-06-01,13.247
1182,1848-07-01,14.466
1183,1848-08-01,13.268
1184,1848-09-01,10.997
1185,1848-10-01,8.655
1186,1848-11-01,5.29
1187,1848-12-01,2.099
1188,1849-01-01,1.941
1189,1849-02-01,2.638
1190,1849-03-01,5.302
1191,1849-04-01,7.028
1192,1849-05-01,10.159
1193,1849-06-01,13.0
1194,1849-07-01,14.458
1195,1849-08-01,13.603
1196,1849-09-01,11.093
1197,1849-10-01,8.89
1198,1849-11-01,5.778
1199,1849-12-01,1.923
1200,1850-01-01,0.749
1201,1850-02-01,3.071
1202,1850-03-01,4.954
1203,1850-04-01,7.217
1204,1850-05-01,10.004
1205,1850-06-01,13.15
1206,1850-07-01,14.492
1207,1850-08-01,14.039
1208,1850-09-01,11.505
1209,1850-10-01,8.091
1210,1850-11-01,4.733
1211,1850-12-01,2.803
1212,1851-01-01,2.431
1213,1851-02-01,2.508
1214,1851-03-01,4.192
1215,1851-04-01,7.287
1216,1851-05-01,11.113
1217,1851-06-01,13.418
1218,1851-07-01,14.531
1219,1851-08-01,13.751
1220,1851-09-01,11.677
1221,1851-10-01,9.122
1222,1851-11-01,4.973
1223,1851-12-01,3.14
1224,1852-01-01,2.376
1225,1852-02-01,2.54
1226,1852-03-01,3.884
1227,1852-04-01,7.487
1228,1852-05-01,11.169
1229,1852-06-01,13.164
1230,1852-07-01,14.512
1231,1852-08-01,13.304
1232,1852-09-01,11.478
1233,1852-10-01,8.91
1234,1852-11-01,4.593
1235,1852-12-01,3.785
1236,1853-01-01,1.786
1237,1853-02-01,2.228
1238,1853-03-01,4.078
1239,1853-04-01,7.541
1240,1853-05-01,10.975
1241,1853-06-01,13.41
1242,1853-07-01,14.645
1243,1853-08-01,13.953
1244,1853-09-01,11.71
1245,1853-10-01,8.535
1246,1853-11-01,4.783
1247,1853-12-01,2.858
1248,1854-01-01,1.281
1249,1854-02-01,1.941
1250,1854-03-01,4.698
1251,1854-04-01,7.622
1252,1854-05-01,11.095
1253,1854-06-01,12.829
1254,1854-07-01,14.692
1255,1854-08-01,13.889
1256,1854-09-01,11.514
1257,1854-10-01,9.763
1258,1854-11-01,5.745
1259,1854-12-01,3.457
1260,1855-01-01,2.522
1261,1855-02-01,2.982
1262,1855-03-01,4.617
1263,1855-04-01,8.58
1264,1855-05-01,11.186
1265,1855-06-01,12.984
1266,1855-07-01,13.926
1267,1855-08-01,13.547
1268,1855-09-01,11.141
1269,1855-10-01,8.444
1270,1855-11-01,5.186
1271,1855-12-01,2.214
1272,1856-01-01,2.76
1273,1856-02-01,2.226
1274,1856-03-01,4.372
1275,1856-04-01,7.751
1276,1856-05-01,10.53
1277,1856-06-01,13.496
1278,1856-07-01,14.019
1279,1856-08-01,13.021
1280,1856-09-01,10.948
1281,1856-10-01,8.087
1282,1856-11-01,5.36
1283,1856-12-01,3.381
1284,1857-01-01,1.821
1285,1857-02-01,2.481
1286,1857-03-01,4.312
1287,1857-04-01,6.827
1288,1857-05-01,9.885
1289,1857-06-01,12.611
1290,1857-07-01,13.953
1291,1857-08-01,13.203
1292,1857-09-01,11.056
1293,1857-10-01,8.198
1294,1857-11-01,5.236
1295,1857-12-01,3.515
1296,1858-01-01,2.739
1297,1858-02-01,2.284
1298,1858-03-01,4.834
1299,1858-04-01,8.25
1300,1858-05-01,10.851
1301,1858-06-01,12.956
1302,1858-07-01,13.677
1303,1858-08-01,13.22
1304,1858-09-01,11.148
1305,1858-10-01,8.81
1306,1858-11-01,5.99
1307,1858-12-01,2.444
1308,1859-01-01,2.015
1309,1859-02-01,2.611
1310,1859-03-01,5.023
1311,1859-04-01,8.542
1312,1859-05-01,11.456
1313,1859-06-01,13.142
1314,1859-07-01,13.827
1315,1859-08-01,13.217
1316,1859-09-01,11.08
1317,1859-10-01,8.834
1318,1859-11-01,5.912
1319,1859-12-01,3.365
1320,1860-01-01,2.077
1321,1860-02-01,2.632
1322,1860-03-01,3.494
1323,1860-04-01,7.76
1324,1860-05-01,11.062
1325,1860-06-01,13.272
1326,1860-07-01,14.203
1327,1860-08-01,13.765
1328,1860-09-01,11.892
1329,1860-10-01,8.712
1330,1860-11-01,5.027
1331,1860-12-01,1.634
1332,1861-01-01,0.404
1333,1861-02-01,2.137
1334,1861-03-01,4.489
1335,1861-04-01,7.487
1336,1861-05-01,10.516
1337,1861-06-01,13.017
1338,1861-07-01,13.967
1339,1861-08-01,13.656
1340,1861-09-01,11.409
1341,1861-10-01,8.475
1342,1861-11-01,5.707
1343,1861-12-01,2.894
1344,1862-01-01,0.685
1345,1862-02-01,1.769
1346,1862-03-01,4.485
1347,1862-04-01,7.323
1348,1862-05-01,10.739
1349,1862-06-01,12.86
1350,1862-07-01,13.928
1351,1862-08-01,13.188
1352,1862-09-01,11.028
1353,1862-10-01,8.283
1354,1862-11-01,4.792
1355,1862-12-01,1.623
1356,1863-01-01,3.034
1357,1863-02-01,3.253
1358,1863-03-01,4.682
1359,1863-04-01,7.931
1360,1863-05-01,11.081
1361,1863-06-01,12.794
1362,1863-07-01,13.765
1363,1863-08-01,13.294
1364,1863-09-01,11.23
1365,1863-10-01,8.235
1366,1863-11-01,5.392
1367,1863-12-01,2.651
1368,1864-01-01,1.551
1369,1864-02-01,2.506
1370,1864-03-01,4.651
1371,1864-04-01,7.515
1372,1864-05-01,10.956
1373,1864-06-01,13.365
1374,1864-07-01,14.162
1375,1864-08-01,13.434
1376,1864-09-01,11.37
1377,1864-10-01,8.795
1378,1864-11-01,5.232
1379,1864-12-01,2.266
1380,1865-01-01,2.975
1381,1865-02-01,2.152
1382,1865-03-01,4.039
1383,1865-04-01,7.314
1384,1865-05-01,10.917
1385,1865-06-01,13.214
1386,1865-07-01,14.22
1387,1865-08-01,13.58
1388,1865-09-01,11.797
1389,1865-10-01,9.136
1390,1865-11-01,6.144
1391,1865-12-01,2.646
1392,1866-01-01,2.932
1393,1866-02-01,2.274
1394,1866-03-01,4.421
1395,1866-04-01,7.914
1396,1866-05-01,10.898
1397,1866-06-01,12.853
1398,1866-07-01,14.602
1399,1866-08-01,13.532
1400,1866-09-01,11.527
1401,1866-10-01,8.506
1402,1866-11-01,5.895
1403,1866-12-01,4.152
1404,1867-01-01,2.482
1405,1867-02-01,2.664
1406,1867-03-01,4.454
1407,1867-04-01,8.258
1408,1867-05-01,10.495
1409,1867-06-01,13.303
1410,1867-07-01,14.223
1411,1867-08-01,13.506
1412,1867-09-01,11.763
1413,1867-10-01,9.212
1414,1867-11-01,6.939
1415,1867-12-01,3.937
1416,1868-01-01,1.834
1417,1868-02-01,2.039
1418,1868-03-01,4.538
1419,1868-04-01,8.183
1420,1868-05-01,11.308
1421,1868-06-01,13.162
1422,1868-07-01,14.514
1423,1868-08-01,13.744
1424,1868-09-01,11.669
1425,1868-10-01,9.448
1426,1868-11-01,5.192
1427,1868-12-01,3.344
1428,1869-01-01,2.115
1429,1869-02-01,3.864
1430,1869-03-01,4.374
1431,1869-04-01,7.921
1432,1869-05-01,11.295
1433,1869-06-01,13.537
1434,1869-07-01,14.337
1435,1869-08-01,14.01
1436,1869-09-01,12.247
1437,1869-10-01,9.006
1438,1869-11-01,5.773
1439,1869-12-01,2.706
1440,1870-01-01,2.082
1441,1870-02-01,2.134
1442,1870-03-01,4.656
1443,1870-04-01,7.879
1444,1870-05-01,11.339
1445,1870-06-01,13.653
1446,1870-07-01,14.599
1447,1870-08-01,13.484
1448,1870-09-01,11.952
1449,1870-10-01,8.81
1450,1870-11-01,5.6
1451,1870-12-01,2.228
1452,1871-01-01,1.447
1453,1871-02-01,1.736
1454,1871-03-01,4.685
1455,1871-04-01,8.34
1456,1871-05-01,10.788
1457,1871-06-01,13.08
1458,1871-07-01,14.29
1459,1871-08-01,13.932
1460,1871-09-01,11.711
1461,1871-10-01,9.096
1462,1871-11-01,5.113
1463,1871-12-01,3.163
1464,1872-01-01,1.652
1465,1872-02-01,2.35
1466,1872-03-01,4.922
1467,1872-04-01,7.846
1468,1872-05-01,11.198
1469,1872-06-01,13.055
1470,1872-07-01,14.285
1471,1872-08-01,13.821
1472,1872-09-01,11.958
1473,1872-10-01,9.24
1474,1872-11-01,5.372
1475,1872-12-01,2.627
1476,1873-01-01,2.013
1477,1873-02-01,3.195
1478,1873-03-01,4.704
1479,1873-04-01,7.462
1480,1873-05-01,11.006
1481,1873-06-01,13.405
1482,1873-07-01,14.287
1483,1873-08-01,13.755
1484,1873-09-01,11.487
1485,1873-10-01,9.234
1486,1873-11-01,5.819
1487,1873-12-01,3.846
1488,1874-01-01,2.685
1489,1874-02-01,3.069
1490,1874-03-01,4.221
1491,1874-04-01,8.231
1492,1874-05-01,11.306
1493,1874-06-01,13.306
1494,1874-07-01,14.122
1495,1874-08-01,13.815
1496,1874-09-01,12.111
1497,1874-10-01,9.12
1498,1874-11-01,5.809
1499,1874-12-01,3.407
1500,1875-01-01,1.533
1501,1875-02-01,2.259
1502,1875-03-01,4.256
1503,1875-04-01,7.636
1504,1875-05-01,10.746
1505,1875-06-01,13.157
1506,1875-07-01,14.144
1507,1875-08-01,13.401
1508,1875-09-01,11.319
1509,1875-10-01,8.585
1510,1875-11-01,4.614
1511,1875-12-01,2.665
1512,1876-01-01,1.856
1513,1876-02-01,2.617
1514,1876-03-01,4.748
1515,1876-04-01,8.199
1516,1876-05-01,10.69
1517,1876-06-01,13.131
1518,1876-07-01,14.319
1519,1876-08-01,13.481
1520,1876-09-01,11.687
1521,1876-10-01,8.946
1522,1876-11-01,5.093
1523,1876-12-01,2.194
1524,1877-01-01,2.286
1525,1877-02-01,2.928
1526,1877-03-01,5.297
1527,1877-04-01,8.039
1528,1877-05-01,11.056
1529,1877-06-01,13.384
1530,1877-07-01,14.642
1531,1877-08-01,14.151
1532,1877-09-01,12.075
1533,1877-10-01,9.273
1534,1877-11-01,6.348
1535,1877-12-01,2.996
1536,1878-01-01,2.017
1537,1878-02-01,3.728
1538,1878-03-01,6.608
1539,1878-04-01,8.899
1540,1878-05-01,11.017
1541,1878-06-01,13.796
1542,1878-07-01,14.742
1543,1878-08-01,14.094
1544,1878-09-01,12.093
1545,1878-10-01,9.173
1546,1878-11-01,6.446
1547,1878-12-01,3.344
1548,1879-01-01,2.303
1549,1879-02-01,2.737
1550,1879-03-01,4.924
1551,1879-04-01,7.768
1552,1879-05-01,10.803
1553,1879-06-01,13.23
1554,1879-07-01,14.238
1555,1879-08-01,13.245
1556,1879-09-01,11.449
1557,1879-10-01,9.229
1558,1879-11-01,5.526
1559,1879-12-01,2.538
1560,1880-01-01,1.755
1561,1880-02-01,2.052
1562,1880-03-01,4.63
1563,1880-04-01,7.559
1564,1880-05-01,11.096
1565,1880-06-01,13.327
1566,1880-07-01,14.141
1567,1880-08-01,13.807
1568,1880-09-01,11.386
1569,1880-10-01,8.673
1570,1880-11-01,5.893
1571,1880-12-01,3.106
1572,1881-01-01,2.461
1573,1881-02-01,2.626
1574,1881-03-01,5.01
1575,1881-04-01,8.323
1576,1881-05-01,11.165
1577,1881-06-01,12.745
1578,1881-07-01,14.203
1579,1881-08-01,13.71
1580,1881-09-01,11.689
1581,1881-10-01,8.851
1582,1881-11-01,5.272
1583,1881-12-01,3.196
1584,1882-01-01,2.99
1585,1882-02-01,3.231
1586,1882-03-01,5.04
1587,1882-04-01,7.691
1588,1882-05-01,10.888
1589,1882-06-01,12.805
1590,1882-07-01,13.747
1591,1882-08-01,13.703
1592,1882-09-01,11.736
1593,1882-10-01,8.445
1594,1882-11-01,5.066
1595,1882-12-01,2.205
1596,1883-01-01,1.46
1597,1883-02-01,1.856
1598,1883-03-01,4.929
1599,1883-04-01,7.691
1600,1883-05-01,10.832
1601,1883-06-01,13.302
1602,1883-07-01,14.011
1603,1883-08-01,13.224
1604,1883-09-01,11.343
1605,1883-10-01,8.909
1606,1883-11-01,4.905
1607,1883-12-01,3.261
1608,1884-01-01,2.12
1609,1884-02-01,2.474
1610,1884-03-01,3.892
1611,1884-04-01,7.186
1612,1884-05-01,10.198
1613,1884-06-01,12.527
1614,1884-07-01,13.622
1615,1884-08-01,13.257
1616,1884-09-01,11.235
1617,1884-10-01,8.581
1618,1884-11-01,5.164
1619,1884-12-01,3.028
1620,1885-01-01,1.003
1621,1885-02-01,2.243
1622,1885-03-01,4.622
1623,1885-04-01,7.336
1624,1885-05-01,10.567
1625,1885-06-01,12.716
1626,1885-07-01,13.972
1627,1885-08-01,13.351
1628,1885-09-01,11.435
1629,1885-10-01,8.722
1630,1885-11-01,5.425
1631,1885-12-01,3.644
1632,1886-01-01,1.436
1633,1886-02-01,1.793
1634,1886-03-01,4.262
1635,1886-04-01,7.909
1636,1886-05-01,10.784
1637,1886-06-01,12.789
1638,1886-07-01,14.226
1639,1886-08-01,13.323
1640,1886-09-01,11.6
1641,1886-10-01,8.604
1642,1886-11-01,5.226
1643,1886-12-01,3.502
1644,1887-01-01,0.824
1645,1887-02-01,2.054
1646,1887-03-01,4.552
1647,1887-04-01,7.789
1648,1887-05-01,10.84
1649,1887-06-01,12.89
1650,1887-07-01,14.021
1651,1887-08-01,13.097
1652,1887-09-01,11.707
1653,1887-10-01,8.738
1654,1887-11-01,5.592
1655,1887-12-01,2.875
1656,1888-01-01,1.708
1657,1888-02-01,2.039
1658,1888-03-01,4.3
1659,1888-04-01,7.845
1660,1888-05-01,10.62
1661,1888-06-01,12.921
1662,1888-07-01,14.242
1663,1888-08-01,13.511
1664,1888-09-01,11.685
1665,1888-10-01,9.201
1666,1888-11-01,5.792
1667,1888-12-01,3.222
1668,1889-01-01,1.762
1669,1889-02-01,3.409
1670,1889-03-01,5.299
1671,1889-04-01,8.589
1672,1889-05-01,11.242
1673,1889-06-01,13.288
1674,1889-07-01,14.225
1675,1889-08-01,13.504
1676,1889-09-01,11.547
1677,1889-10-01,8.865
1678,1889-11-01,4.999
1679,1889-12-01,3.099
1680,1890-01-01,1.836
1681,1890-02-01,2.516
1682,1890-03-01,4.21
1683,1890-04-01,7.739
1684,1890-05-01,10.464
1685,1890-06-01,12.872
1686,1890-07-01,14.034
1687,1890-08-01,13.266
1688,1890-09-01,11.546
1689,1890-10-01,9.178
1690,1890-11-01,5.03
1691,1890-12-01,2.969
1692,1891-01-01,1.678
1693,1891-02-01,1.88
1694,1891-03-01,4.755
1695,1891-04-01,7.618
1696,1891-05-01,10.785
1697,1891-06-01,12.888
1698,1891-07-01,13.93
1699,1891-08-01,13.496
1700,1891-09-01,11.763
1701,1891-10-01,8.722
1702,1891-11-01,5.115
1703,1891-12-01,3.602
1704,1892-01-01,2.018
1705,1892-02-01,2.805
1706,1892-03-01,4.362
1707,1892-04-01,7.562
1708,1892-05-01,10.622
1709,1892-06-01,13.263
1710,1892-07-01,13.89
1711,1892-08-01,13.42
1712,1892-09-01,11.764
1713,1892-10-01,9.29
1714,1892-11-01,4.859
1715,1892-12-01,2.935
1716,1893-01-01,0.5
1717,1893-02-01,1.654
1718,1893-03-01,4.979
1719,1893-04-01,7.994
1720,1893-05-01,10.747
1721,1893-06-01,13.051
1722,1893-07-01,14.318
1723,1893-08-01,13.454
1724,1893-09-01,11.767
1725,1893-10-01,9.16
1726,1893-11-01,5.902
1727,1893-12-01,3.155
1728,1894-01-01,1.691
1729,1894-02-01,2.923
1730,1894-03-01,5.118
1731,1894-04-01,7.663
1732,1894-05-01,10.944
1733,1894-06-01,12.858
1734,1894-07-01,14.004
1735,1894-08-01,13.488
1736,1894-09-01,11.58
1737,1894-10-01,9.125
1738,1894-11-01,5.405
1739,1894-12-01,3.133
1740,1895-01-01,1.295
1741,1895-02-01,2.0
1742,1895-03-01,4.689
1743,1895-04-01,8.247
1744,1895-05-01,10.867
1745,1895-06-01,13.058
1746,1895-07-01,14.053
1747,1895-08-01,13.489
1748,1895-09-01,11.743
1749,1895-10-01,9.117
1750,1895-11-01,5.744
1751,1895-12-01,3.462
1752,1896-01-01,2.291
1753,1896-02-01,2.707
1754,1896-03-01,4.279
1755,1896-04-01,7.33
1756,1896-05-01,10.893
1757,1896-06-01,13.304
1758,1896-07-01,14.233
1759,1896-08-01,13.624
1760,1896-09-01,11.824
1761,1896-10-01,9.416
1762,1896-11-01,5.366
1763,1896-12-01,3.312
1764,1897-01-01,1.893
1765,1897-02-01,2.429
1766,1897-03-01,4.345
1767,1897-04-01,8.278
1768,1897-05-01,11.377
1769,1897-06-01,13.319
1770,1897-07-01,14.31
1771,1897-08-01,13.668
1772,1897-09-01,11.925
1773,1897-10-01,9.197
1774,1897-11-01,5.608
1775,1897-12-01,3.171
1776,1898-01-01,2.737
1777,1898-02-01,2.354
1778,1898-03-01,3.751
1779,1898-04-01,7.907
1780,1898-05-01,10.835
1781,1898-06-01,13.395
1782,1898-07-01,14.138
1783,1898-08-01,13.579
1784,1898-09-01,11.753
1785,1898-10-01,8.828
1786,1898-11-01,5.452
1787,1898-12-01,3.407
1788,1899-01-01,2.515
1789,1899-02-01,2.38
1790,1899-03-01,4.618
1791,1899-04-01,8.281
1792,1899-05-01,11.023
1793,1899-06-01,12.856
1794,1899-07-01,14.159
1795,1899-08-01,13.777
1796,1899-09-01,12.128
1797,1899-10-01,9.409
1798,1899-11-01,6.605
1799,1899-12-01,3.005
1800,01-01-1900,1.461
1801,01-02-1900,3.098
1802,01-03-1900,5.492
1803,01-04-1900,8.223
1804,01-05-1900,11.385
1805,01-06-1900,13.293
1806,01-07-1900,14.171
1807,01-08-1900,13.816
1808,01-09-1900,11.955
1809,01-10-1900,9.666
1810,01-11-1900,5.804
1811,01-12-1900,3.655
1812,01-01-1901,2.191
1813,01-02-1901,3.092
1814,01-03-1901,5.671
1815,01-04-1901,8.522
1816,01-05-1901,11.178
1817,01-06-1901,13.423
1818,01-07-1901,14.339
1819,01-08-1901,13.789
1820,01-09-1901,11.984
1821,01-10-1901,9.003
1822,01-11-1901,5.976
1823,01-12-1901,3.335
1824,01-01-1902,2.684
1825,01-02-1902,3.606
1826,01-03-1902,4.883
1827,01-04-1902,7.956
1828,01-05-1902,10.893
1829,01-06-1902,13.214
1830,01-07-1902,14.231
1831,01-08-1902,13.599
1832,01-09-1902,11.799
1833,01-10-1902,8.801
1834,01-11-1902,5.274
1835,01-12-1902,2.713
1836,01-01-1903,2.514
1837,01-02-1903,3.555
1838,01-03-1903,4.93
1839,01-04-1903,7.832
1840,01-05-1903,10.794
1841,01-06-1903,12.886
1842,01-07-1903,13.992
1843,01-08-1903,13.412
1844,01-09-1903,11.501
1845,01-10-1903,8.812
1846,01-11-1903,5.516
1847,01-12-1903,2.898
1848,01-01-1904,1.637
1849,01-02-1904,2.297
1850,01-03-1904,4.506
1851,01-04-1904,7.684
1852,01-05-1904,10.84
1853,01-06-1904,13.014
1854,01-07-1904,13.836
1855,01-08-1904,13.459
1856,01-09-1904,11.381
1857,01-10-1904,8.833
1858,01-11-1904,6.23
1859,01-12-1904,3.374
1860,01-01-1905,2.254
1861,01-02-1905,1.927
1862,01-03-1905,4.635
1863,01-04-1905,7.755
1864,01-05-1905,10.982
1865,01-06-1905,13.112
1866,01-07-1905,14.077
1867,01-08-1905,13.578
1868,01-09-1905,11.804
1869,01-10-1905,9.041
1870,01-11-1905,6.183
1871,01-12-1905,3.354
1872,01-01-1906,2.068
1873,01-02-1906,2.301
1874,01-03-1906,4.866
1875,01-04-1906,8.626
1876,01-05-1906,11.24
1877,01-06-1906,13.334
1878,01-07-1906,14.122
1879,01-08-1906,13.691
1880,01-09-1906,11.772
1881,01-10-1906,9.267
1882,01-11-1906,5.501
1883,01-12-1906,3.761
1884,01-01-1907,1.798
1885,01-02-1907,2.117
1886,01-03-1907,4.575
1887,01-04-1907,7.579
1888,01-05-1907,10.375
1889,01-06-1907,12.729
1890,01-07-1907,13.769
1891,01-08-1907,13.362
1892,01-09-1907,11.665
1893,01-10-1907,9.234
1894,01-11-1907,5.207
1895,01-12-1907,2.956
1896,01-01-1908,2.304
1897,01-02-1908,2.769
1898,01-03-1908,4.136
1899,01-04-1908,7.832
1900,01-05-1908,11.141
1901,01-06-1908,13.293
1902,01-07-1908,14.197
1903,01-08-1908,13.376
1904,01-09-1908,11.977
1905,01-10-1908,8.865
1906,01-11-1908,5.272
1907,01-12-1908,3.071
1908,01-01-1909,1.395
1909,01-02-1909,2.706
1910,01-03-1909,4.589
1911,01-04-1909,7.534
1912,01-05-1909,10.611
1913,01-06-1909,12.962
1914,01-07-1909,14.06
1915,01-08-1909,13.752
1916,01-09-1909,11.879
1917,01-10-1909,9.192
1918,01-11-1909,6.236
1919,01-12-1909,3.223
1920,01-01-1910,2.333
1921,01-02-1910,2.779
1922,01-03-1910,4.606
1923,01-04-1910,8.105
1924,01-05-1910,11.005
1925,01-06-1910,13.151
1926,01-07-1910,14.279
1927,01-08-1910,13.677
1928,01-09-1910,11.733
1929,01-10-1910,9.006
1930,01-11-1910,5.318
1931,01-12-1910,2.684
1932,01-01-1911,1.66
1933,01-02-1911,2.453
1934,01-03-1911,4.347
1935,01-04-1911,7.99
1936,01-05-1911,10.829
1937,01-06-1911,13.009
1938,01-07-1911,14.082
1939,01-08-1911,13.499
1940,01-09-1911,11.638
1941,01-10-1911,9.263
1942,01-11-1911,5.964
1943,01-12-1911,3.39
1944,01-01-1912,2.402
1945,01-02-1912,3.354
1946,01-03-1912,4.356
1947,01-04-1912,8.229
1948,01-05-1912,11.254
1949,01-06-1912,13.435
1950,01-07-1912,13.723
1951,01-08-1912,13.053
1952,01-09-1912,11.222
1953,01-10-1912,8.367
1954,01-11-1912,5.521
1955,01-12-1912,3.069
1956,01-01-1913,2.083
1957,01-02-1913,2.376
1958,01-03-1913,4.517
1959,01-04-1913,8.023
1960,01-05-1913,10.745
1961,01-06-1913,13.005
1962,01-07-1913,14.137
1963,01-08-1913,13.724
1964,01-09-1913,11.759
1965,01-10-1913,9.077
1966,01-11-1913,6.024
1967,01-12-1913,4.103
1968,01-01-1914,3.376
1969,01-02-1914,3.2
1970,01-03-1914,4.942
1971,01-04-1914,8.098
1972,01-05-1914,11.285
1973,01-06-1914,13.496
1974,01-07-1914,14.298
1975,01-08-1914,13.73
1976,01-09-1914,11.915
1977,01-10-1914,9.387
1978,01-11-1914,5.759
1979,01-12-1914,3.6
1980,01-01-1915,2.299
1981,01-02-1915,3.265
1982,01-03-1915,5.143
1983,01-04-1915,8.705
1984,01-05-1915,11.493
1985,01-06-1915,13.3
1986,01-07-1915,14.443
1987,01-08-1915,13.77
1988,01-09-1915,11.867
1989,01-10-1915,8.984
1990,01-11-1915,6.216
1991,01-12-1915,3.633
1992,01-01-1916,2.616
1993,01-02-1916,2.957
1994,01-03-1916,4.846
1995,01-04-1916,8.047
1996,01-05-1916,10.972
1997,01-06-1916,12.942
1998,01-07-1916,14.052
1999,01-08-1916,13.58
2000,01-09-1916,11.726
2001,01-10-1916,9.053
2002,01-11-1916,5.596
2003,01-12-1916,2.316
2004,01-01-1917,2.133
2005,01-02-1917,2.36
2006,01-03-1917,4.488
2007,01-04-1917,7.855
2008,01-05-1917,10.443
2009,01-06-1917,12.915
2010,01-07-1917,14.259
2011,01-08-1917,13.471
2012,01-09-1917,11.745
2013,01-10-1917,8.544
2014,01-11-1917,5.82
2015,01-12-1917,2.247
2016,01-01-1918,1.934
2017,01-02-1918,2.455
2018,01-03-1918,4.811
2019,01-04-1918,7.644
2020,01-05-1918,10.54
2021,01-06-1918,12.908
2022,01-07-1918,14.002
2023,01-08-1918,13.431
2024,01-09-1918,11.881
2025,01-10-1918,9.433
2026,01-11-1918,5.683
2027,01-12-1918,2.848
2028,01-01-1919,2.184
2029,01-02-1919,2.852
2030,01-03-1919,4.743
2031,01-04-1919,8.487
2032,01-05-1919,10.969
2033,01-06-1919,13.228
2034,01-07-1919,14.274
2035,01-08-1919,13.786
2036,01-09-1919,11.99
2037,01-10-1919,9.361
2038,01-11-1919,5.489
2039,01-12-1919,3.224
2040,01-01-1920,2.841
2041,01-02-1920,2.755
2042,01-03-1920,5.227
2043,01-04-1920,8.293
2044,01-05-1920,11.131
2045,01-06-1920,13.105
2046,01-07-1920,14.245
2047,01-08-1920,13.698
2048,01-09-1920,11.794
2049,01-10-1920,9.021
2050,01-11-1920,5.566
2051,01-12-1920,2.629
2052,01-01-1921,2.98
2053,01-02-1921,3.125
2054,01-03-1921,5.081
2055,01-04-1921,8.324
2056,01-05-1921,11.245
2057,01-06-1921,13.44
2058,01-07-1921,14.436
2059,01-08-1921,13.561
2060,01-09-1921,11.869
2061,01-10-1921,9.264
2062,01-11-1921,5.864
2063,01-12-1921,3.663
2064,01-01-1922,2.15
2065,01-02-1922,2.376
2066,01-03-1922,5.156
2067,01-04-1922,8.38
2068,01-05-1922,11.097
2069,01-06-1922,13.331
2070,01-07-1922,14.278
2071,01-08-1922,13.584
2072,01-09-1922,11.775
2073,01-10-1922,9.056
2074,01-11-1922,6.046
2075,01-12-1922,3.667
2076,01-01-1923,2.487
2077,01-02-1923,2.563
2078,01-03-1923,4.866
2079,01-04-1923,7.749
2080,01-05-1923,10.849
2081,01-06-1923,13.296
2082,01-07-1923,13.984
2083,01-08-1923,13.611
2084,01-09-1923,11.883
2085,01-10-1923,9.52
2086,01-11-1923,6.378
2087,01-12-1923,3.88
2088,01-01-1924,2.339
2089,01-02-1924,2.888
2090,01-03-1924,5.352
2091,01-04-1924,7.97
2092,01-05-1924,11.188
2093,01-06-1924,13.342
2094,01-07-1924,14.304
2095,01-08-1924,13.654
2096,01-09-1924,11.957
2097,01-10-1924,9.203
2098,01-11-1924,6.4
2099,01-12-1924,3.485
2100,01-01-1925,2.268
2101,01-02-1925,2.701
2102,01-03-1925,5.126
2103,01-04-1925,8.442
2104,01-05-1925,11.039
2105,01-06-1925,13.089
2106,01-07-1925,14.066
2107,01-08-1925,13.769
2108,01-09-1925,11.979
2109,01-10-1925,9.196
2110,01-11-1925,6.34
2111,01-12-1925,4.398
2112,01-01-1926,3.453
2113,01-02-1926,3.717
2114,01-03-1926,5.831
2115,01-04-1926,8.193
2116,01-05-1926,10.931
2117,01-06-1926,13.285
2118,01-07-1926,14.168
2119,01-08-1926,13.877
2120,01-09-1926,12.075
2121,01-10-1926,9.55
2122,01-11-1926,6.3
2123,01-12-1926,3.366
2124,01-01-1927,2.372
2125,01-02-1927,3.039
2126,01-03-1927,4.668
2127,01-04-1927,8.035
2128,01-05-1927,11.104
2129,01-06-1927,13.272
2130,01-07-1927,14.323
2131,01-08-1927,13.698
2132,01-09-1927,12.254
2133,01-10-1927,9.887
2134,01-11-1927,6.346
2135,01-12-1927,3.267
2136,01-01-1928,3.046
2137,01-02-1928,3.333
2138,01-03-1928,4.959
2139,01-04-1928,8.244
2140,01-05-1928,11.169
2141,01-06-1928,13.113
2142,01-07-1928,14.31
2143,01-08-1928,13.687
2144,01-09-1928,12.03
2145,01-10-1928,9.486
2146,01-11-1928,6.336
2147,01-12-1928,3.873
2148,01-01-1929,2.054
2149,01-02-1929,2.172
2150,01-03-1929,5.099
2151,01-04-1929,8.094
2152,01-05-1929,10.915
2153,01-06-1929,12.928
2154,01-07-1929,13.957
2155,01-08-1929,13.68
2156,01-09-1929,11.807
2157,01-10-1929,9.46
2158,01-11-1929,6.172
2159,01-12-1929,2.571
2160,01-01-1930,2.401
2161,01-02-1930,3.152
2162,01-03-1930,5.483
2163,01-04-1930,8.182
2164,01-05-1930,11.105
2165,01-06-1930,13.347
2166,01-07-1930,14.465
2167,01-08-1930,13.928
2168,01-09-1930,11.874
2169,01-10-1930,9.261
2170,01-11-1930,6.574
2171,01-12-1930,3.831
2172,01-01-1931,2.761
2173,01-02-1931,2.708
2174,01-03-1931,5.22
2175,01-04-1931,8.163
2176,01-05-1931,11.02
2177,01-06-1931,13.573
2178,01-07-1931,14.576
2179,01-08-1931,14.12
2180,01-09-1931,12.283
2181,01-10-1931,9.937
2182,01-11-1931,6.243
2183,01-12-1931,4.027
2184,01-01-1932,3.604
2185,01-02-1932,2.989
2186,01-03-1932,4.94
2187,01-04-1932,8.769
2188,01-05-1932,11.239
2189,01-06-1932,13.383
2190,01-07-1932,14.372
2191,01-08-1932,13.74
2192,01-09-1932,12.31
2193,01-10-1932,9.682
2194,01-11-1932,5.908
2195,01-12-1932,3.527
2196,01-01-1933,2.169
2197,01-02-1933,2.657
2198,01-03-1933,4.869
2199,01-04-1933,8.125
2200,01-05-1933,11.047
2201,01-06-1933,13.11
2202,01-07-1933,14.236
2203,01-08-1933,13.76
2204,01-09-1933,11.854
2205,01-10-1933,9.238
2206,01-11-1933,5.89
2207,01-12-1933,3.104
2208,01-01-1934,2.476
2209,01-02-1934,3.699
2210,01-03-1934,4.818
2211,01-04-1934,8.016
2212,01-05-1934,11.478
2213,01-06-1934,13.402
2214,01-07-1934,14.343
2215,01-08-1934,13.778
2216,01-09-1934,11.727
2217,01-10-1934,9.421
2218,01-11-1934,6.397
2219,01-12-1934,3.985
2220,01-01-1935,2.175
2221,01-02-1935,4.125
2222,01-03-1935,5.399
2223,01-04-1935,7.771
2224,01-05-1935,10.906
2225,01-06-1935,13.326
2226,01-07-1935,14.331
2227,01-08-1935,13.775
2228,01-09-1935,11.999
2229,01-10-1935,9.516
2230,01-11-1935,5.443
2231,01-12-1935,3.423
2232,01-01-1936,2.249
2233,01-02-1936,2.506
2234,01-03-1936,5.031
2235,01-04-1936,8.127
2236,01-05-1936,11.251
2237,01-06-1936,13.363
2238,01-07-1936,14.629
2239,01-08-1936,13.86
2240,01-09-1936,12.021
2241,01-10-1936,9.457
2242,01-11-1936,6.233
2243,01-12-1936,3.921
2244,01-01-1937,2.453
2245,01-02-1937,3.553
2246,01-03-1937,4.851
2247,01-04-1937,8.14
2248,01-05-1937,11.422
2249,01-06-1937,13.603
2250,01-07-1937,14.375
2251,01-08-1937,14.007
2252,01-09-1937,12.413
2253,01-10-1937,9.729
2254,01-11-1937,6.356
2255,01-12-1937,3.478
2256,01-01-1938,2.91
2257,01-02-1938,3.417
2258,01-03-1938,5.651
2259,01-04-1938,8.913
2260,01-05-1938,11.456
2261,01-06-1938,13.321
2262,01-07-1938,14.482
2263,01-08-1938,13.963
2264,01-09-1938,12.427
2265,01-10-1938,9.784
2266,01-11-1938,6.53
2267,01-12-1938,3.51
2268,01-01-1939,2.932
2269,01-02-1939,3.232
2270,01-03-1939,4.926
2271,01-04-1939,8.328
2272,01-05-1939,11.524
2273,01-06-1939,13.531
2274,01-07-1939,14.395
2275,01-08-1939,13.932
2276,01-09-1939,11.958
2277,01-10-1939,9.218
2278,01-11-1939,6.189
2279,01-12-1939,4.959
2280,01-01-1940,2.335
2281,01-02-1940,3.423
2282,01-03-1940,5.424
2283,01-04-1940,8.756
2284,01-05-1940,11.338
2285,01-06-1940,13.583
2286,01-07-1940,14.571
2287,01-08-1940,13.811
2288,01-09-1940,12.268
2289,01-10-1940,9.457
2290,01-11-1940,6.076
2291,01-12-1940,4.134
2292,01-01-1941,2.735
2293,01-02-1941,3.67
2294,01-03-1941,5.213
2295,01-04-1941,8.575
2296,01-05-1941,11.493
2297,01-06-1941,13.63
2298,01-07-1941,14.694
2299,01-08-1941,14.028
2300,01-09-1941,11.816
2301,01-10-1941,9.71
2302,01-11-1941,5.953
2303,01-12-1941,3.707
2304,01-01-1942,3.103
2305,01-02-1942,2.857
2306,01-03-1942,5.308
2307,01-04-1942,8.416
2308,01-05-1942,11.338
2309,01-06-1942,13.578
2310,01-07-1942,14.242
2311,01-08-1942,13.786
2312,01-09-1942,12.146
2313,01-10-1942,9.627
2314,01-11-1942,6.395
2315,01-12-1942,3.945
2316,01-01-1943,2.396
2317,01-02-1943,3.513
2318,01-03-1943,5.138
2319,01-04-1943,8.638
2320,01-05-1943,11.485
2321,01-06-1943,13.161
2322,01-07-1943,14.46
2323,01-08-1943,13.774
2324,01-09-1943,12.096
2325,01-10-1943,9.907
2326,01-11-1943,6.26
2327,01-12-1943,4.233
2328,01-01-1944,3.504
2329,01-02-1944,3.591
2330,01-03-1944,5.531
2331,01-04-1944,8.434
2332,01-05-1944,11.334
2333,01-06-1944,13.478
2334,01-07-1944,14.468
2335,01-08-1944,14.017
2336,01-09-1944,12.45
2337,01-10-1944,9.808
2338,01-11-1944,6.091
2339,01-12-1944,3.434
2340,01-01-1945,2.525
2341,01-02-1945,2.646
2342,01-03-1945,5.184
2343,01-04-1945,8.681
2344,01-05-1945,11.097
2345,01-06-1945,13.328
2346,01-07-1945,14.213
2347,01-08-1945,14.313
2348,01-09-1945,12.225
2349,01-10-1945,9.575
2350,01-11-1945,6.073
2351,01-12-1945,3.158
2352,01-01-1946,2.979
2353,01-02-1946,3.461
2354,01-03-1946,5.236
2355,01-04-1946,8.837
2356,01-05-1946,11.355
2357,01-06-1946,13.298
2358,01-07-1946,14.409
2359,01-08-1946,13.834
2360,01-09-1946,12.064
2361,01-10-1946,9.281
2362,01-11-1946,6.235
2363,01-12-1946,3.134
2364,01-01-1947,2.597
2365,01-02-1947,3.277
2366,01-03-1947,5.801
2367,01-04-1947,8.686
2368,01-05-1947,11.329
2369,01-06-1947,13.459
2370,01-07-1947,14.349
2371,01-08-1947,13.827
2372,01-09-1947,12.166
2373,01-10-1947,10.011
2374,01-11-1947,6.407
2375,01-12-1947,3.656
2376,01-01-1948,3.366
2377,01-02-1948,3.22
2378,01-03-1948,4.919
2379,01-04-1948,8.499
2380,01-05-1948,11.537
2381,01-06-1948,13.664
2382,01-07-1948,14.445
2383,01-08-1948,13.896
2384,01-09-1948,12.155
2385,01-10-1948,9.584
2386,01-11-1948,6.185
2387,01-12-1948,3.491
2388,01-01-1949,3.219
2389,01-02-1949,2.759
2390,01-03-1949,5.077
2391,01-04-1949,8.344
2392,01-05-1949,11.309
2393,01-06-1949,13.223
2394,01-07-1949,14.199
2395,01-08-1949,13.826
2396,01-09-1949,11.957
2397,01-10-1949,9.531
2398,01-11-1949,6.148
2399,01-12-1949,3.449
2400,01-01-1950,2.008
2401,01-02-1950,2.721
2402,01-03-1950,5.247
2403,01-04-1950,8.123
2404,01-05-1950,11.297
2405,01-06-1950,13.382
2406,01-07-1950,14.14
2407,01-08-1950,13.46
2408,01-09-1950,11.952
2409,01-10-1950,9.153
2410,01-11-1950,5.372
2411,01-12-1950,3.528
2412,01-01-1951,2.138
2413,01-02-1951,2.332
2414,01-03-1951,5.091
2415,01-04-1951,8.367
2416,01-05-1951,11.438
2417,01-06-1951,13.25
2418,01-07-1951,14.324
2419,01-08-1951,14.021
2420,01-09-1951,12.324
2421,01-10-1951,9.67
2422,01-11-1951,6.225
2423,01-12-1951,4.328
2424,01-01-1952,3.049
2425,01-02-1952,3.396
2426,01-03-1952,4.967
2427,01-04-1952,8.461
2428,01-05-1952,11.352
2429,01-06-1952,13.442
2430,01-07-1952,14.549
2431,01-08-1952,13.964
2432,01-09-1952,12.238
2433,01-10-1952,9.157
2434,01-11-1952,5.425
2435,01-12-1952,3.659
2436,01-01-1953,2.964
2437,01-02-1953,3.629
2438,01-03-1953,5.712
2439,01-04-1953,8.892
2440,01-05-1953,11.514
2441,01-06-1953,13.612
2442,01-07-1953,14.392
2443,01-08-1953,14.059
2444,01-09-1953,12.199
2445,01-10-1953,9.59
2446,01-11-1953,5.924
2447,01-12-1953,3.998
2448,01-01-1954,2.059
2449,01-02-1954,3.084
2450,01-03-1954,5.148
2451,01-04-1954,8.158
2452,01-05-1954,10.988
2453,01-06-1954,13.4
2454,01-07-1954,14.241
2455,01-08-1954,13.868
2456,01-09-1954,12.098
2457,01-10-1954,9.546
2458,01-11-1954,6.579
2459,01-12-1954,3.559
2460,01-01-1955,3.412
2461,01-02-1955,3.137
2462,01-03-1955,4.585
2463,01-04-1955,8.136
2464,01-05-1955,11.192
2465,01-06-1955,13.56
2466,01-07-1955,14.242
2467,01-08-1955,14.283
2468,01-09-1955,11.954
2469,01-10-1955,9.735
2470,01-11-1955,5.973
2471,01-12-1955,3.306
2472,01-01-1956,2.466
2473,01-02-1956,2.781
2474,01-03-1956,4.889
2475,01-04-1956,7.922
2476,01-05-1956,10.721
2477,01-06-1956,13.16
2478,01-07-1956,14.18
2479,01-08-1956,13.189
2480,01-09-1956,11.783
2481,01-10-1956,8.928
2482,01-11-1956,5.738
2483,01-12-1956,3.598
2484,01-01-1957,2.488
2485,01-02-1957,3.12
2486,01-03-1957,5.036
2487,01-04-1957,8.366
2488,01-05-1957,11.259
2489,01-06-1957,13.783
2490,01-07-1957,14.129
2491,01-08-1957,14.082
2492,01-09-1957,12.312
2493,01-10-1957,9.496
2494,01-11-1957,6.391
2495,01-12-1957,4.328
2496,01-01-1958,3.574
2497,01-02-1958,3.695
2498,01-03-1958,5.453
2499,01-04-1958,8.52
2500,01-05-1958,11.519
2501,01-06-1958,13.187
2502,01-07-1958,14.438
2503,01-08-1958,13.597
2504,01-09-1958,11.845
2505,01-10-1958,9.375
2506,01-11-1958,6.26
2507,01-12-1958,3.822
2508,01-01-1959,2.959
2509,01-02-1959,3.33
2510,01-03-1959,5.854
2511,01-04-1959,8.819
2512,01-05-1959,11.323
2513,01-06-1959,13.577
2514,01-07-1959,14.449
2515,01-08-1959,13.853
2516,01-09-1959,11.946
2517,01-10-1959,9.16
2518,01-11-1959,5.752
2519,01-12-1959,3.77
2520,01-01-1960,2.713
2521,01-02-1960,3.798
2522,01-03-1960,4.303
2523,01-04-1960,8.133
2524,01-05-1960,10.872
2525,01-06-1960,13.484
2526,01-07-1960,14.198
2527,01-08-1960,13.825
2528,01-09-1960,12.095
2529,01-10-1960,9.497
2530,01-11-1960,5.828
2531,01-12-1960,4.259
2532,01-01-1961,2.926
2533,01-02-1961,3.683
2534,01-03-1961,5.589
2535,01-04-1961,8.631
2536,01-05-1961,11.624
2537,01-06-1961,13.702
2538,01-07-1961,14.288
2539,01-08-1961,13.849
2540,01-09-1961,12.247
2541,01-10-1961,9.328
2542,01-11-1961,6.205
2543,01-12-1961,3.5
2544,01-01-1962,3.003
2545,01-02-1962,3.696
2546,01-03-1962,5.53
2547,01-04-1962,8.54
2548,01-05-1962,11.128
2549,01-06-1962,13.427
2550,01-07-1962,14.205
2551,01-08-1962,13.713
2552,01-09-1962,12.018
2553,01-10-1962,9.468
2554,01-11-1962,6.283
2555,01-12-1962,3.94
2556,01-01-1963,2.901
2557,01-02-1963,4.02
2558,01-03-1963,5.097
2559,01-04-1963,8.173
2560,01-05-1963,11.045
2561,01-06-1963,13.412
2562,01-07-1963,14.506
2563,01-08-1963,14.309
2564,01-09-1963,12.555
2565,01-10-1963,9.943
2566,01-11-1963,6.561
2567,01-12-1963,3.75
2568,01-01-1964,2.881
2569,01-02-1964,3.028
2570,01-03-1964,4.865
2571,01-04-1964,7.922
2572,01-05-1964,10.905
2573,01-06-1964,13.459
2574,01-07-1964,14.301
2575,01-08-1964,13.678
2576,01-09-1964,11.604
2577,01-10-1964,8.832
2578,01-11-1964,5.983
2579,01-12-1964,3.458
2580,01-01-1965,2.862
2581,01-02-1965,3.036
2582,01-03-1965,5.182
2583,01-04-1965,7.99
2584,01-05-1965,11.222
2585,01-06-1965,13.308
2586,01-07-1965,14.078
2587,01-08-1965,13.807
2588,01-09-1965,11.73
2589,01-10-1965,9.488
2590,01-11-1965,5.86
2591,01-12-1965,3.766
2592,01-01-1966,2.49
2593,01-02-1966,3.29
2594,01-03-1966,5.527
2595,01-04-1966,8.161
2596,01-05-1966,11.2
2597,01-06-1966,13.587
2598,01-07-1966,14.569
2599,01-08-1966,13.731
2600,01-09-1966,12.133
2601,01-10-1966,9.153
2602,01-11-1966,5.969
2603,01-12-1966,3.382
2604,01-01-1967,2.71
2605,01-02-1967,2.905
2606,01-03-1967,5.396
2607,01-04-1967,8.458
2608,01-05-1967,11.632
2609,01-06-1967,13.194
2610,01-07-1967,14.331
2611,01-08-1967,13.821
2612,01-09-1967,12.054
2613,01-10-1967,9.809
2614,01-11-1967,6.176
2615,01-12-1967,3.915
2616,01-01-1968,2.353
2617,01-02-1968,3.245
2618,01-03-1968,6.117
2619,01-04-1968,8.455
2620,01-05-1968,11.068
2621,01-06-1968,13.204
2622,01-07-1968,14.026
2623,01-08-1968,13.524
2624,01-09-1968,11.62
2625,01-10-1968,9.453
2626,01-11-1968,5.891
2627,01-12-1968,3.24
2628,01-01-1969,1.966
2629,01-02-1969,2.45
2630,01-03-1969,5.131
2631,01-04-1969,8.576
2632,01-05-1969,11.354
2633,01-06-1969,13.475
2634,01-07-1969,14.218
2635,01-08-1969,13.804
2636,01-09-1969,12.048
2637,01-10-1969,9.489
2638,01-11-1969,6.42
2639,01-12-1969,4.21
2640,01-01-1970,2.836
2641,01-02-1970,3.735
2642,01-03-1970,5.272
2643,01-04-1970,8.603
2644,01-05-1970,11.206
2645,01-06-1970,13.513
2646,01-07-1970,14.395
2647,01-08-1970,13.658
2648,01-09-1970,12.277
2649,01-10-1970,9.348
2650,01-11-1970,6.047
2651,01-12-1970,3.521
2652,01-01-1971,2.967
2653,01-02-1971,2.867
2654,01-03-1971,5.001
2655,01-04-1971,8.339
2656,01-05-1971,11.211
2657,01-06-1971,13.099
2658,01-07-1971,14.139
2659,01-08-1971,13.879
2660,01-09-1971,12.139
2661,01-10-1971,9.388
2662,01-11-1971,6.295
2663,01-12-1971,3.867
2664,01-01-1972,1.882
2665,01-02-1972,2.609
2666,01-03-1972,5.287
2667,01-04-1972,8.337
2668,01-05-1972,11.155
2669,01-06-1972,13.501
2670,01-07-1972,14.231
2671,01-08-1972,14.171
2672,01-09-1972,11.901
2673,01-10-1972,9.346
2674,01-11-1972,5.797
2675,01-12-1972,3.778
2676,01-01-1973,3.038
2677,01-02-1973,3.898
2678,01-03-1973,5.82
2679,01-04-1973,8.938
2680,01-05-1973,11.769
2681,01-06-1973,13.824
2682,01-07-1973,14.435
2683,01-08-1973,13.869
2684,01-09-1973,12.125
2685,01-10-1973,9.609
2686,01-11-1973,6.222
2687,01-12-1973,3.832
2688,01-01-1974,2.261
2689,01-02-1974,2.582
2690,01-03-1974,5.19
2691,01-04-1974,8.386
2692,01-05-1974,11.198
2693,01-06-1974,13.382
2694,01-07-1974,14.288
2695,01-08-1974,14.016
2696,01-09-1974,11.744
2697,01-10-1974,9.098
2698,01-11-1974,5.915
2699,01-12-1974,3.55
2700,01-01-1975,3.059
2701,01-02-1975,3.395
2702,01-03-1975,5.706
2703,01-04-1975,8.584
2704,01-05-1975,11.742
2705,01-06-1975,13.557
2706,01-07-1975,14.351
2707,01-08-1975,13.514
2708,01-09-1975,12.152
2709,01-10-1975,9.318
2710,01-11-1975,5.893
2711,01-12-1975,3.667
2712,01-01-1976,2.884
2713,01-02-1976,3.031
2714,01-03-1976,4.517
2715,01-04-1976,8.294
2716,01-05-1976,10.942
2717,01-06-1976,13.086
2718,01-07-1976,14.155
2719,01-08-1976,13.511
2720,01-09-1976,11.895
2721,01-10-1976,8.511
2722,01-11-1976,5.66
2723,01-12-1976,3.681
2724,01-01-1977,2.492
2725,01-02-1977,3.471
2726,01-03-1977,5.702
2727,01-04-1977,8.85
2728,01-05-1977,11.78
2729,01-06-1977,13.876
2730,01-07-1977,14.631
2731,01-08-1977,14.09
2732,01-09-1977,11.862
2733,01-10-1977,9.156
2734,01-11-1977,6.544
2735,01-12-1977,3.749
2736,01-01-1978,2.705
2737,01-02-1978,3.456
2738,01-03-1978,5.607
2739,01-04-1978,8.791
2740,01-05-1978,11.414
2741,01-06-1978,13.22
2742,01-07-1978,14.364
2743,01-08-1978,13.297
2744,01-09-1978,12.03
2745,01-10-1978,9.339
2746,01-11-1978,6.35
2747,01-12-1978,3.74
2748,01-01-1979,2.679
2749,01-02-1979,2.841
2750,01-03-1979,5.474
2751,01-04-1979,8.455
2752,01-05-1979,11.199
2753,01-06-1979,13.487
2754,01-07-1979,14.114
2755,01-08-1979,13.833
2756,01-09-1979,12.247
2757,01-10-1979,9.586
2758,01-11-1979,6.286
2759,01-12-1979,4.6
2760,01-01-1980,2.956
2761,01-02-1980,3.652
2762,01-03-1980,5.367
2763,01-04-1980,8.935
2764,01-05-1980,11.77
2765,01-06-1980,13.582
2766,01-07-1980,14.742
2767,01-08-1980,14.189
2768,01-09-1980,12.321
2769,01-10-1980,9.55
2770,01-11-1980,6.684
2771,01-12-1980,4.016
2772,01-01-1981,3.785
2773,01-02-1981,4.021
2774,01-03-1981,6.239
2775,01-04-1981,8.953
2776,01-05-1981,11.565
2777,01-06-1981,13.765
2778,01-07-1981,14.738
2779,01-08-1981,14.502
2780,01-09-1981,12.236
2781,01-10-1981,9.394
2782,01-11-1981,6.273
2783,01-12-1981,4.519
2784,01-01-1982,2.558
2785,01-02-1982,3.281
2786,01-03-1982,4.873
2787,01-04-1982,8.465
2788,01-05-1982,11.348
2789,01-06-1982,13.245
2790,01-07-1982,14.545
2791,01-08-1982,13.796
2792,01-09-1982,12.039
2793,01-10-1982,9.232
2794,01-11-1982,5.961
2795,01-12-1982,4.327
2796,01-01-1983,3.445
2797,01-02-1983,3.814
2798,01-03-1983,5.699
2799,01-04-1983,8.693
2800,01-05-1983,11.729
2801,01-06-1983,13.478
2802,01-07-1983,14.408
2803,01-08-1983,14.302
2804,01-09-1983,12.698
2805,01-10-1983,9.478
2806,01-11-1983,6.765
2807,01-12-1983,3.829
2808,01-01-1984,2.941
2809,01-02-1984,3.093
2810,01-03-1984,5.671
2811,01-04-1984,8.432
2812,01-05-1984,11.976
2813,01-06-1984,13.387
2814,01-07-1984,14.429
2815,01-08-1984,13.984
2816,01-09-1984,12.015
2817,01-10-1984,9.378
2818,01-11-1984,5.811
2819,01-12-1984,3.185
2820,01-01-1985,3.01
2821,01-02-1985,2.704
2822,01-03-1985,5.451
2823,01-04-1985,8.633
2824,01-05-1985,11.426
2825,01-06-1985,13.569
2826,01-07-1985,13.973
2827,01-08-1985,14.059
2828,01-09-1985,11.98
2829,01-10-1985,9.338
2830,01-11-1985,5.968
2831,01-12-1985,3.785
2832,01-01-1986,3.315
2833,01-02-1986,3.991
2834,01-03-1986,5.755
2835,01-04-1986,8.871
2836,01-05-1986,11.581
2837,01-06-1986,13.439
2838,01-07-1986,14.293
2839,01-08-1986,13.972
2840,01-09-1986,11.817
2841,01-10-1986,9.299
2842,01-11-1986,5.919
2843,01-12-1986,3.751
2844,01-01-1987,3.139
2845,01-02-1987,4.134
2846,01-03-1987,5.245
2847,01-04-1987,8.595
2848,01-05-1987,11.525
2849,01-06-1987,13.927
2850,01-07-1987,14.89
2851,01-08-1987,13.896
2852,01-09-1987,12.447
2853,01-10-1987,9.59
2854,01-11-1987,6.056
2855,01-12-1987,4.489
2856,01-01-1988,3.454
2857,01-02-1988,3.422
2858,01-03-1988,5.931
2859,01-04-1988,8.992
2860,01-05-1988,11.852
2861,01-06-1988,14.099
2862,01-07-1988,14.798
2863,01-08-1988,14.553
2864,01-09-1988,12.681
2865,01-10-1988,9.979
2866,01-11-1988,6.295
2867,01-12-1988,4.363
2868,01-01-1989,2.71
2869,01-02-1989,3.627
2870,01-03-1989,5.792
2871,01-04-1989,8.689
2872,01-05-1989,11.28
2873,01-06-1989,13.447
2874,01-07-1989,14.612
2875,01-08-1989,14.135
2876,01-09-1989,12.403
2877,01-10-1989,9.76
2878,01-11-1989,6.179
2879,01-12-1989,4.43
2880,01-01-1990,3.243
2881,01-02-1990,3.643
2882,01-03-1990,6.73
2883,01-04-1990,9.169
2884,01-05-1990,11.831
2885,01-06-1990,13.893
2886,01-07-1990,14.784
2887,01-08-1990,14.095
2888,01-09-1990,12.195
2889,01-10-1990,9.882
2890,01-11-1990,6.92
2891,01-12-1990,4.425
2892,01-01-1991,3.195
2893,01-02-1991,4.044
2894,01-03-1991,5.574
2895,01-04-1991,9.226
2896,01-05-1991,11.616
2897,01-06-1991,14.263
2898,01-07-1991,14.987
2899,01-08-1991,14.319
2900,01-09-1991,12.677
2901,01-10-1991,9.753
2902,01-11-1991,6.44
2903,01-12-1991,4.059
2904,01-01-1992,3.579
2905,01-02-1992,3.931
2906,01-03-1992,5.952
2907,01-04-1992,8.572
2908,01-05-1992,11.535
2909,01-06-1992,13.576
2910,01-07-1992,14.139
2911,01-08-1992,13.766
2912,01-09-1992,11.672
2913,01-10-1992,9.353
2914,01-11-1992,5.889
2915,01-12-1992,4.075
2916,01-01-1993,3.301
2917,01-02-1993,3.745
2918,01-03-1993,5.923
2919,01-04-1993,8.69
2920,01-05-1993,11.475
2921,01-06-1993,13.518
2922,01-07-1993,14.595
2923,01-08-1993,13.835
2924,01-09-1993,11.93
2925,01-10-1993,9.614
2926,01-11-1993,5.738
2927,01-12-1993,4.035
2928,01-01-1994,3.024
2929,01-02-1994,2.81
2930,01-03-1994,5.731
2931,01-04-1994,9.018
2932,01-05-1994,11.684
2933,01-06-1994,14.144
2934,01-07-1994,14.658
2935,01-08-1994,13.977
2936,01-09-1994,12.516
2937,01-10-1994,10.002
2938,01-11-1994,6.788
2939,01-12-1994,4.113
2940,01-01-1995,3.54
2941,01-02-1995,4.656
2942,01-03-1995,5.956
2943,01-04-1995,8.972
2944,01-05-1995,11.57
2945,01-06-1995,14.164
2946,01-07-1995,15.116
2947,01-08-1995,14.636
2948,01-09-1995,12.565
2949,01-10-1995,10.106
2950,01-11-1995,6.761
2951,01-12-1995,4.123
2952,01-01-1996,2.862
2953,01-02-1996,4.012
2954,01-03-1996,5.524
2955,01-04-1996,8.679
2956,01-05-1996,11.588
2957,01-06-1996,13.681
2958,01-07-1996,14.827
2959,01-08-1996,14.603
2960,01-09-1996,12.294
2961,01-10-1996,9.525
2962,01-11-1996,6.547
2963,01-12-1996,4.325
2964,01-01-1997,3.165
2965,01-02-1997,3.766
2966,01-03-1997,6.012
2967,01-04-1997,8.891
2968,01-05-1997,11.593
2969,01-06-1997,14.131
2970,01-07-1997,14.565
2971,01-08-1997,14.256
2972,01-09-1997,12.685
2973,01-10-1997,10.109
2974,01-11-1997,6.841
2975,01-12-1997,4.417
2976,01-01-1998,3.352
2977,01-02-1998,4.826
2978,01-03-1998,6.023
2979,01-04-1998,9.358
2980,01-05-1998,12.291
2981,01-06-1998,14.521
2982,01-07-1998,15.34
2983,01-08-1998,14.874
2984,01-09-1998,12.673
2985,01-10-1998,9.941
2986,01-11-1998,6.404
2987,01-12-1998,4.669
2988,01-01-1999,3.544
2989,01-02-1999,4.694
2990,01-03-1999,5.53
2991,01-04-1999,8.838
2992,01-05-1999,11.706
2993,01-06-1999,14.031
2994,01-07-1999,14.853
2995,01-08-1999,14.348
2996,01-09-1999,12.723
2997,01-10-1999,9.997
2998,01-11-1999,6.592
2999,01-12-1999,4.565
3000,01-01-2000,2.95
3001,01-02-2000,4.184
3002,01-03-2000,6.219
3003,01-04-2000,9.552
3004,01-05-2000,11.874
3005,01-06-2000,14.06
3006,01-07-2000,14.848
3007,01-08-2000,14.519
3008,01-09-2000,12.547
3009,01-10-2000,9.486
3010,01-11-2000,6.312
3011,01-12-2000,3.863
3012,01-01-2001,3.336
3013,01-02-2001,3.72
3014,01-03-2001,6.208
3015,01-04-2001,9.245
3016,01-05-2001,12.271
3017,01-06-2001,14.11
3018,01-07-2001,15.161
3019,01-08-2001,14.427
3020,01-09-2001,12.736
3021,01-10-2001,9.935
3022,01-11-2001,7.319
3023,01-12-2001,4.507
3024,01-01-2002,4.026
3025,01-02-2002,4.704
3026,01-03-2002,6.772
3027,01-04-2002,9.229
3028,01-05-2002,12.248
3029,01-06-2002,14.084
3030,01-07-2002,15.354
3031,01-08-2002,14.56
3032,01-09-2002,12.95
3033,01-10-2002,9.988
3034,01-11-2002,6.892
3035,01-12-2002,4.038
3036,01-01-2003,3.981
3037,01-02-2003,4.085
3038,01-03-2003,6.048
3039,01-04-2003,9.154
3040,01-05-2003,12.153
3041,01-06-2003,14.017
3042,01-07-2003,14.983
3043,01-08-2003,14.691
3044,01-09-2003,12.911
3045,01-10-2003,10.424
3046,01-11-2003,6.727
3047,01-12-2003,5.133
3048,01-01-2004,3.525
3049,01-02-2004,4.499
3050,01-03-2004,6.321
3051,01-04-2004,9.249
3052,01-05-2004,11.571
3053,01-06-2004,13.889
3054,01-07-2004,14.312
3055,01-08-2004,14.188
3056,01-09-2004,12.642
3057,01-10-2004,10.127
3058,01-11-2004,7.315
3059,01-12-2004,4.257
3060,01-01-2005,3.808
3061,01-02-2005,3.92
3062,01-03-2005,6.544
3063,01-04-2005,9.618
3064,01-05-2005,12.226
3065,01-06-2005,14.476
3066,01-07-2005,15.19
3067,01-08-2005,14.51
3068,01-09-2005,13.217
3069,01-10-2005,10.601
3070,01-11-2005,7.423
3071,01-12-2005,4.878
3072,01-01-2006,3.286
3073,01-02-2006,4.43
3074,01-03-2006,6.329
3075,01-04-2006,9.055
3076,01-05-2006,11.786
3077,01-06-2006,14.443
3078,01-07-2006,15.042
3079,01-08-2006,14.913
3080,01-09-2006,12.875
3081,01-10-2006,10.289
3082,01-11-2006,6.955
3083,01-12-2006,4.987
3084,01-01-2007,4.579
3085,01-02-2007,4.221
3086,01-03-2007,6.485
3087,01-04-2007,9.823
3088,01-05-2007,12.518
3089,01-06-2007,14.309
3090,01-07-2007,15.23
3091,01-08-2007,14.752
3092,01-09-2007,12.93
3093,01-10-2007,10.332
3094,01-11-2007,7.084
3095,01-12-2007,4.523
3096,01-01-2008,2.844
3097,01-02-2008,3.576
3098,01-03-2008,6.906
3099,01-04-2008,9.295
3100,01-05-2008,12.054
3101,01-06-2008,14.145
3102,01-07-2008,15.174
3103,01-08-2008,14.377
3104,01-09-2008,12.802
3105,01-10-2008,10.399
3106,01-11-2008,7.224
3107,01-12-2008,4.385
3108,01-01-2009,3.687
3109,01-02-2009,4.094
3110,01-03-2009,6.086
3111,01-04-2009,9.367
3112,01-05-2009,12.112
3113,01-06-2009,14.201
3114,01-07-2009,15.231
3115,01-08-2009,14.655
3116,01-09-2009,13.153
3117,01-10-2009,10.136
3118,01-11-2009,7.031
3119,01-12-2009,4.31
3120,01-01-2010,3.737
3121,01-02-2010,4.399
3122,01-03-2010,6.738
3123,01-04-2010,9.671
3124,01-05-2010,12.406
3125,01-06-2010,14.421
3126,01-07-2010,15.213
3127,01-08-2010,14.768
3128,01-09-2010,12.863
3129,01-10-2010,10.442
3130,01-11-2010,7.487
3131,01-12-2010,4.292
3132,01-01-2011,3.282
3133,01-02-2011,3.743
3134,01-03-2011,6.101
3135,01-04-2011,9.483
3136,01-05-2011,11.986
3137,01-06-2011,14.37
3138,01-07-2011,15.482
3139,01-08-2011,15.012
3140,01-09-2011,12.912
3141,01-10-2011,10.352
3142,01-11-2011,6.814
3143,01-12-2011,4.655
3144,01-01-2012,3.157
3145,01-02-2012,3.628
3146,01-03-2012,6.023
3147,01-04-2012,9.676
3148,01-05-2012,12.59
3149,01-06-2012,14.492
3150,01-07-2012,15.076
3151,01-08-2012,14.72
3152,01-09-2012,13.04
3153,01-10-2012,10.428
3154,01-11-2012,7.156
3155,01-12-2012,4.102
3156,01-01-2013,3.685
3157,01-02-2013,4.222
3158,01-03-2013,6.261
3159,01-04-2013,9.044
3160,01-05-2013,12.195
3161,01-06-2013,14.568
3162,01-07-2013,15.003
3163,01-08-2013,14.742
3164,01-09-2013,13.154
3165,01-10-2013,10.256
3166,01-11-2013,7.424
3167,01-12-2013,4.724
3168,01-01-2014,3.732
3169,01-02-2014,3.5
3170,01-03-2014,6.378
3171,01-04-2014,9.589
3172,01-05-2014,12.582
3173,01-06-2014,14.335
3174,01-07-2014,14.873
3175,01-08-2014,14.875
3176,01-09-2014,13.091
3177,01-10-2014,10.33
3178,01-11-2014,6.713
3179,01-12-2014,4.85
3180,01-01-2015,3.881
3181,01-02-2015,4.664
3182,01-03-2015,6.74
3183,01-04-2015,9.313
3184,01-05-2015,12.312
3185,01-06-2015,14.505
3186,01-07-2015,15.051
3187,01-08-2015,14.755
3188,01-09-2015,12.999
3189,01-10-2015,10.801
3190,01-11-2015,7.433
3191,01-12-2015,5.518
