dt,AverageTemperature
1796-01-01,17.044
1796-02-01,19.193
1796-03-01,22.319
1796-04-01,27.233
1796-05-01,30.035
1796-06-01,29.261
1796-07-01,26.8
1796-08-01,26.558
1796-09-01,25.958
1796-10-01,24.031
1796-11-01,20.186
1796-12-01,15.485
1797-01-01,17.95
1797-02-01,20.414
1797-03-01,22.879
1797-04-01,26.502
1797-05-01,29.364
1797-06-01,29.88
1797-07-01,26.891
1797-08-01,26.716
1797-09-01,26.072
1797-10-01,23.67
1797-11-01,19.323
1797-12-01,17.102
1798-01-01,17.226
1798-02-01,19.525
1798-03-01,24.328
1798-04-01,26.008
1798-05-01,27.689
1798-06-01,29.369
1798-07-01,27.968
1798-08-01,27.009
1798-09-01,25.973
1798-10-01,23.898
1798-11-01,20.709
1798-12-01,16.728
1799-01-01,16.648
1799-02-01,17.976
1799-03-01,23.08
1799-04-01,27.996
1799-05-01,30.217
1799-06-01,29.86
1799-07-01,27.178
1799-08-01,26.674
1799-09-01,26.105
1799-10-01,24.597
1799-11-01,20.158
1799-12-01,16.904
1800-01-01,17.081
1800-02-01,19.78
1800-03-01,22.938
1800-04-01,28.458
1800-05-01,29.372
1800-06-01,29.261
1800-07-01,26.494
1800-08-01,26.069
1800-09-01,24.999
1800-10-01,24.318
1800-11-01,20.625
1800-12-01,17.548
1801-01-01,17.433
1801-02-01,18.868
1801-03-01,25.084
1801-04-01,26.273
1801-05-01,27.463
1801-06-01,28.652
1801-07-01,27.272
1801-08-01,26.075
1801-09-01,25.598
1801-10-01,24.001
1801-11-01,20.492
1801-12-01,18.276
1802-01-01,17.904
1802-02-01,19.734
1802-03-01,24.829
1802-04-01,27.816
1802-05-01,29.209
1802-06-01,30.397
1802-07-01,27.826
1802-08-01,26.581
1802-09-01,26.699
1802-10-01,24.564
1802-11-01,20.258
1802-12-01,16.795
1803-01-01,15.603
1803-02-01,18.271
1803-03-01,23.323
1803-04-01,28.265
1803-05-01,30.257
1803-06-01,29.643
1803-07-01,27.876
1803-08-01,27.79
1803-09-01,26.732
1803-10-01,24.319
1803-11-01,20.749
1803-12-01,16.921
1804-01-01,17.443
1804-02-01,19.11
1804-03-01,23.215
1804-04-01,29.131
1804-05-01,30.692
1804-06-01,29.952
1804-07-01,28.694
1804-08-01,26.788
1804-09-01,26.513
1804-10-01,24.164
1804-11-01,21.624
1804-12-01,16.583
1805-01-01,17.173
1805-02-01,19.036
1805-03-01,23.942
1805-04-01,27.034
1805-05-01,30.077
1805-06-01,29.959
1805-07-01,27.069
1805-08-01,27.213
1805-09-01,25.936
1805-10-01,22.831
1805-11-01,19.951
1805-12-01,18.085
1806-01-01,17.092
1806-02-01,19.019
1806-03-01,23.013
1806-04-01,27.359
1806-05-01,29.971
1806-06-01,28.054
1806-07-01,26.995
1806-08-01,26.888
1806-09-01,26.855
1806-10-01,23.754
1806-11-01,20.452
1806-12-01,17.662
1807-01-01,15.975
1807-02-01,18.799
1807-03-01,21.824
1807-04-01,24.848
1807-05-01,27.873
1807-06-01,29.541
1807-07-01,27.631
1807-08-01,26.447
1807-09-01,26.465
1807-10-01,23.586
1807-11-01,20.375
1807-12-01,18.304
1808-01-01,18.241
1808-02-01,18.179
1808-03-01,18.116
1808-04-01,18.053
1808-05-01,17.99
1808-06-01,17.928
1808-07-01,17.865
1808-08-01,17.802
1808-09-01,17.74
1808-10-01,17.677
1808-11-01,17.614
1808-12-01,17.552
1809-01-01,17.489
1809-02-01,17.426
1809-03-01,17.363
1809-04-01,17.301
1809-05-01,17.238
1809-06-01,17.175
1809-07-01,17.113
1809-08-01,17.05
1809-09-01,16.987
1809-10-01,16.924
1809-11-01,16.862
1809-12-01,16.799
1810-01-01,16.736
1810-02-01,16.674
1810-03-01,16.611
1810-04-01,16.548
1810-05-01,16.486
1810-06-01,16.423
1810-07-01,16.36
1810-08-01,16.297
1810-09-01,16.235
1810-10-01,16.172
1810-11-01,16.109
1810-12-01,16.047
1811-01-01,15.984
1811-02-01,15.921
1811-03-01,15.859
1811-04-01,15.796
1811-05-01,15.733
1811-06-01,15.67
1811-07-01,15.608
1811-08-01,15.545
1811-09-01,15.482
1811-10-01,15.42
1811-11-01,15.357
1811-12-01,15.294
1812-01-01,15.231
1812-02-01,15.169
1812-03-01,15.106
1812-04-01,15.043
1812-05-01,14.981
1812-06-01,14.918
1812-07-01,14.855
1812-08-01,14.793
1812-09-01,14.73
1812-10-01,14.667
1812-11-01,14.604
1812-12-01,14.542
1813-01-01,14.479
1813-02-01,18.549
1813-03-01,21.409
1813-04-01,27.898
1813-05-01,30.54
1813-06-01,28.332
1813-07-01,26.881
1813-08-01,25.304
1813-09-01,25.773
1813-10-01,23.198
1813-11-01,21.076
1813-12-01,15.816
1814-01-01,15.45
1814-02-01,18.596
1814-03-01,22.213
1814-04-01,26.526
1814-05-01,27.728
1814-06-01,28.93
1814-07-01,25.53
1814-08-01,25.325
1814-09-01,24.583
1814-10-01,22.5
1814-11-01,21.007
1814-12-01,18.571
1815-01-01,15.915
1815-02-01,19.157
1815-03-01,22.208
1815-04-01,27.332
1815-05-01,29.24
1815-06-01,26.523
1815-07-01,26.316
1815-08-01,25.577
1815-09-01,25.154
1815-10-01,22.034
1815-11-01,18.865
1815-12-01,15.372
1816-01-01,16.376
1816-02-01,16.251
1816-03-01,22.414
1816-04-01,26.301
1816-05-01,29.514
1816-06-01,28.163
1816-07-01,25.06
1816-08-01,24.848
1816-09-01,23.977
1816-10-01,21.404
1816-11-01,18.967
1816-12-01,15.813
1817-01-01,15.916
1817-02-01,18.828
1817-03-01,22.551
1817-04-01,27.052
1817-05-01,28.28
1817-06-01,27.135
1817-07-01,25.614
1817-08-01,25.669
1817-09-01,23.313
1817-10-01,21.903
1817-11-01,19.313
1817-12-01,15.572
1818-01-01,16.076
1818-02-01,18.023
1818-03-01,23.085
1818-04-01,27.783
1818-05-01,29.952
1818-06-01,28.889
1818-07-01,25.302
1818-08-01,24.729
1818-09-01,24.058
1818-10-01,22.026
1818-11-01,19.335
1818-12-01,16.178
1819-01-01,14.385
1819-02-01,17.616
1819-03-01,22.021
1819-04-01,26.019
1819-05-01,28.662
1819-06-01,28.244
1819-07-01,25.901
1819-08-01,25.169
1819-09-01,24.613
1819-10-01,23.262
1819-11-01,19.983
1819-12-01,15.968
1820-01-01,14.902
1820-02-01,17.539
1820-03-01,22.622
1820-04-01,27.626
1820-05-01,29.083
1820-06-01,28.243
1820-07-01,25.972
1820-08-01,24.849
1820-09-01,24.896
1820-10-01,22.787
1820-11-01,19.562
1820-12-01,16.008
1821-01-01,17.268
1821-02-01,19.933
1821-03-01,23.809
1821-04-01,26.623
1821-05-01,29.613
1821-06-01,28.564
1821-07-01,26.174
1821-08-01,25.669
1821-09-01,24.188
1821-10-01,23.045
1821-11-01,20.411
1821-12-01,17.034
1822-01-01,17.522
1822-02-01,20.712
1822-03-01,25.528
1822-04-01,27.135
1822-05-01,29.57
1822-06-01,28.46
1822-07-01,26.667
1822-08-01,25.142
1822-09-01,24.52
1822-10-01,22.519
1822-11-01,19.336
1822-12-01,16.058
1823-01-01,16.882
1823-02-01,19.361
1823-03-01,23.47
1823-04-01,27.77
1823-05-01,29.427
1823-06-01,29.279
1823-07-01,26.703
1823-08-01,25.162
1823-09-01,23.894
1823-10-01,23.159
1823-11-01,19.397
1823-12-01,17.149
1824-01-01,17.323
1824-02-01,19.326
1824-03-01,23.737
1824-04-01,27.524
1824-05-01,29.551
1824-06-01,29.33
1824-07-01,28.039
1824-08-01,25.948
1824-09-01,25.79
1824-10-01,22.748
1824-11-01,20.546
1824-12-01,18.735
1825-01-01,17.412
1825-02-01,19.554
1825-03-01,23.61
1825-04-01,27.947
1825-05-01,29.516
1825-06-01,29.196
1825-07-01,26.856
1825-08-01,25.331
1825-09-01,24.905
1825-10-01,23.159
1825-11-01,21.021
1825-12-01,17.046
1826-01-01,17.047
1826-02-01,18.351
1826-03-01,23.743
1826-04-01,27.814
1826-05-01,30.463
1826-06-01,28.352
1826-07-01,27.152
1826-08-01,25.162
1826-09-01,24.969
1826-10-01,23.612
1826-11-01,21.067
1826-12-01,18.576
1827-01-01,17.876
1827-02-01,19.791
1827-03-01,24.153
1827-04-01,28.18
1827-05-01,29.563
1827-06-01,28.975
1827-07-01,27.285
1827-08-01,25.736
1827-09-01,24.674
1827-10-01,23.26
1827-11-01,21.007
1827-12-01,16.977
1828-01-01,16.118
1828-02-01,18.766
1828-03-01,23.678
1828-04-01,27.24
1828-05-01,29.547
1828-06-01,29.688
1828-07-01,27.167
1828-08-01,25.722
1828-09-01,23.899
1828-10-01,23.406
1828-11-01,20.851
1828-12-01,17.402
1829-01-01,16.815
1829-02-01,18.199
1829-03-01,23.331
1829-04-01,27.007
1829-05-01,29.775
1829-06-01,28.769
1829-07-01,26.73
1829-08-01,25.577
1829-09-01,24.601
1829-10-01,23.758
1829-11-01,19.862
1829-12-01,16.898
1830-01-01,17.047
1830-02-01,19.756
1830-03-01,23.056
1830-04-01,27.494
1830-05-01,27.903
1830-06-01,28.626
1830-07-01,27.355
1830-08-01,25.439
1830-09-01,24.538
1830-10-01,23.198
1830-11-01,21.574
1830-12-01,18.082
1831-01-01,16.565
1831-02-01,19.147
1831-03-01,23.557
1831-04-01,26.69
1831-05-01,29.921
1831-06-01,29.209
1831-07-01,26.245
1831-08-01,24.907
1831-09-01,24.056
1831-10-01,22.794
1831-11-01,19.301
1831-12-01,16.508
1832-01-01,16.078
1832-02-01,18.202
1832-03-01,23.534
1832-04-01,27.598
1832-05-01,29.973
1832-06-01,28.539
1832-07-01,27.105
1832-08-01,25.394
1832-09-01,24.211
1832-10-01,23.036
1832-11-01,19.455
1832-12-01,18.225
1833-01-01,16.995
1833-02-01,19.381
1833-03-01,23.141
1833-04-01,26.902
1833-05-01,28.941
1833-06-01,29.161
1833-07-01,26.9
1833-08-01,25.213
1833-09-01,24.817
1833-10-01,22.958
1833-11-01,20.702
1833-12-01,17.468
1834-01-01,15.609
1834-02-01,19.172
1834-03-01,23.655
1834-04-01,26.768
1834-05-01,30.234
1834-06-01,28.376
1834-07-01,26.552
1834-08-01,25.474
1834-09-01,25.195
1834-10-01,23.129
1834-11-01,20.486
1834-12-01,17.704
1835-01-01,16.966
1835-02-01,19.085
1835-03-01,22.397
1835-04-01,26.15
1835-05-01,28.282
1835-06-01,27.61
1835-07-01,25.674
1835-08-01,24.582
1835-09-01,24.038
1835-10-01,22.62
1835-11-01,18.8
1835-12-01,15.693
1836-01-01,16.279
1836-02-01,18.658
1836-03-01,22.974
1836-04-01,26.581
1836-05-01,29.178
1836-06-01,28.739
1836-07-01,26.399
1836-08-01,25.049
1836-09-01,25.011
1836-10-01,23.705
1836-11-01,19.315
1836-12-01,17.222
1837-01-01,16.974
1837-02-01,19.469
1837-03-01,22.557
1837-04-01,25.811
1837-05-01,28.233
1837-06-01,28.064
1837-07-01,26.407
1837-08-01,25.428
1837-09-01,25.252
1837-10-01,23.036
1837-11-01,19.7
1837-12-01,17.264
1838-01-01,14.552
1838-02-01,18.164
1838-03-01,22.433
1838-04-01,27.11
1838-05-01,28.662
1838-06-01,28.632
1838-07-01,27.264
1838-08-01,25.756
1838-09-01,25.333
1838-10-01,23.542
1838-11-01,19.936
1838-12-01,16.931
1839-01-01,17.08
1839-02-01,19.788
1839-03-01,21.856
1839-04-01,27.024
1839-05-01,28.879
1839-06-01,28.301
1839-07-01,26.879
1839-08-01,25.681
1839-09-01,24.73
1839-10-01,23.599
1839-11-01,18.948
1839-12-01,16.172
1840-01-01,17.353
1840-02-01,19.266
1840-03-01,22.937
1840-04-01,27.185
1840-05-01,29.242
1840-06-01,28.615
1840-07-01,27.185
1840-08-01,25.486
1840-09-01,24.75
1840-10-01,23.075
1840-11-01,19.404
1840-12-01,16.844
1841-01-01,16.706
1841-02-01,19.124
1841-03-01,22.343
1841-04-01,26.193
1841-05-01,28.79
1841-06-01,28.487
1841-07-01,27.141
1841-08-01,25.486
1841-09-01,25.078
1841-10-01,22.989
1841-11-01,19.971
1841-12-01,16.821
1842-01-01,16.59
1842-02-01,19.183
1842-03-01,23.559
1842-04-01,27.206
1842-05-01,29.148
1842-06-01,28.21
1842-07-01,26.667
1842-08-01,25.333
1842-09-01,24.59
1842-10-01,23.055
1842-11-01,19.829
1842-12-01,17.601
1843-01-01,17.105
1843-02-01,19.783
1843-03-01,22.84
1843-04-01,26.628
1843-05-01,28.404
1843-06-01,28.228
1843-07-01,26.735
1843-08-01,25.625
1843-09-01,25.035
1843-10-01,23.177
1843-11-01,19.531
1843-12-01,16.657
1844-01-01,16.37
1844-02-01,17.971
1844-03-01,23.072
1844-04-01,26.745
1844-05-01,28.368
1844-06-01,28.341
1844-07-01,26.32
1844-08-01,25.485
1844-09-01,24.646
1844-10-01,23.156
1844-11-01,19.836
1844-12-01,16.819
1845-01-01,16.9
1845-02-01,18.51
1845-03-01,23.43
1845-04-01,26.783
1845-05-01,29.158
1845-06-01,28.252
1845-07-01,26.902
1845-08-01,25.795
1845-09-01,25.258
1845-10-01,23.05
1845-11-01,19.824
1845-12-01,16.256
1846-01-01,17.963
1846-02-01,19.517
1846-03-01,24.426
1846-04-01,26.804
1846-05-01,29.276
1846-06-01,28.723
1846-07-01,27.418
1846-08-01,26.14
1846-09-01,25.14
1846-10-01,22.828
1846-11-01,20.151
1846-12-01,17.244
1847-01-01,17.203
1847-02-01,19.184
1847-03-01,22.714
1847-04-01,27.143
1847-05-01,28.803
1847-06-01,28.256
1847-07-01,26.877
1847-08-01,25.736
1847-09-01,25.202
1847-10-01,23.179
1847-11-01,19.965
1847-12-01,15.558
1848-01-01,15.931
1848-02-01,19.245
1848-03-01,22.931
1848-04-01,26.672
1848-05-01,28.837
1848-06-01,27.942
1848-07-01,26.885
1848-08-01,25.693
1848-09-01,25.08
1848-10-01,23.107
1848-11-01,19.552
1848-12-01,16.856
1849-01-01,16.002
1849-02-01,18.572
1849-03-01,23.277
1849-04-01,26.931
1849-05-01,28.961
1849-06-01,27.975
1849-07-01,26.631
1849-08-01,25.641
1849-09-01,25.006
1849-10-01,23.396
1849-11-01,20.333
1849-12-01,15.966
1850-01-01,15.898
1850-02-01,18.741
1850-03-01,22.975
1850-04-01,26.744
1850-05-01,28.587
1850-06-01,28.79
1850-07-01,27.063
1850-08-01,26.111
1850-09-01,25.492
1850-10-01,24.488
1850-11-01,20.602
1850-12-01,16.564
1851-01-01,16.091
1851-02-01,18.646
1851-03-01,22.994
1851-04-01,26.714
1851-05-01,29.508
1851-06-01,28.498
1851-07-01,26.798
1851-08-01,26.045
1851-09-01,25.681
1851-10-01,24.015
1851-11-01,19.906
1851-12-01,16.926
1852-01-01,16.816
1852-02-01,19.474
1852-03-01,22.372
1852-04-01,26.567
1852-05-01,29.053
1852-06-01,28.549
1852-07-01,26.79
1852-08-01,25.687
1852-09-01,25.395
1852-10-01,23.374
1852-11-01,19.466
1852-12-01,16.997
1853-01-01,15.862
1853-02-01,18.969
1853-03-01,23.503
1853-04-01,26.995
1853-05-01,29.598
1853-06-01,29.362
1853-07-01,27.497
1853-08-01,26.145
1853-09-01,25.714
1853-10-01,23.549
1853-11-01,19.694
1853-12-01,17.097
1854-01-01,16.844
1854-02-01,18.469
1854-03-01,23.49
1854-04-01,26.871
1854-05-01,29.674
1854-06-01,28.847
1854-07-01,27.28
1854-08-01,26.168
1854-09-01,25.409
1854-10-01,24.276
1854-11-01,20.507
1854-12-01,17.274
1855-01-01,17.122
1855-02-01,19.491
1855-03-01,23.327
1855-04-01,27.919
1855-05-01,30.131
1855-06-01,28.851
1855-07-01,27.083
1855-08-01,26.162
1855-09-01,25.429
1855-10-01,23.376
1855-11-01,19.943
1855-12-01,16.271
1856-01-01,16.928
1856-02-01,19.006
1856-03-01,23.084
1856-04-01,26.949
1856-05-01,29.095
1856-06-01,28.716
1856-07-01,26.478
1856-08-01,24.847
1856-09-01,24.87
1856-10-01,22.99
1856-11-01,19.765
1856-12-01,16.776
1857-01-01,16.039
1857-02-01,18.305
1857-03-01,22.687
1857-04-01,26.196
1857-05-01,28.663
1857-06-01,27.666
1857-07-01,26.262
1857-08-01,25.531
1857-09-01,25.11
1857-10-01,22.736
1857-11-01,19.622
1857-12-01,16.757
1858-01-01,17.017
1858-02-01,18.986
1858-03-01,23.347
1858-04-01,27.872
1858-05-01,29.408
1858-06-01,28.51
1858-07-01,26.404
1858-08-01,25.707
1858-09-01,25.259
1858-10-01,23.707
1858-11-01,20.666
1858-12-01,16.318
1859-01-01,16.65
1859-02-01,19.179
1859-03-01,23.664
1859-04-01,27.814
1859-05-01,29.891
1859-06-01,28.818
1859-07-01,26.559
1859-08-01,25.559
1859-09-01,25.1
1859-10-01,23.766
1859-11-01,20.244
1859-12-01,16.809
1860-01-01,16.324
1860-02-01,18.812
1860-03-01,22.138
1860-04-01,27.185
1860-05-01,29.518
1860-06-01,28.86
1860-07-01,26.882
1860-08-01,26.149
1860-09-01,25.839
1860-10-01,23.672
1860-11-01,19.835
1860-12-01,15.548
1861-01-01,15.27
1861-02-01,18.336
1861-03-01,23.034
1861-04-01,26.995
1861-05-01,29.198
1861-06-01,28.588
1861-07-01,26.642
1861-08-01,25.819
1861-09-01,25.318
1861-10-01,23.41
1861-11-01,20.327
1861-12-01,16.655
1862-01-01,15.332
1862-02-01,17.901
1862-03-01,22.746
1862-04-01,22.585
1862-05-01,22.425
1862-06-01,22.264
1862-07-01,22.104
1862-08-01,21.943
1862-09-01,21.783
1862-10-01,21.622
1862-11-01,21.462
1862-12-01,21.301
1863-01-01,21.14
1863-02-01,20.98
1863-03-01,20.819
1863-04-01,20.659
1863-05-01,20.498
1863-06-01,20.338
1863-07-01,20.177
1863-08-01,20.016
1863-09-01,19.856
1863-10-01,19.695
1863-11-01,19.535
1863-12-01,19.374
1864-01-01,19.214
1864-02-01,19.053
1864-03-01,18.893
1864-04-01,18.732
1864-05-01,18.571
1864-06-01,18.411
1864-07-01,18.25
1864-08-01,18.09
1864-09-01,17.929
1864-10-01,17.769
1864-11-01,17.608
1864-12-01,17.448
1865-01-01,17.287
1865-02-01,19.031
1865-03-01,22.661
1865-04-01,26.937
1865-05-01,29.503
1865-06-01,29.257
1865-07-01,26.924
1865-08-01,26.052
1865-09-01,26.048
1865-10-01,24.073
1865-11-01,20.838
1865-12-01,16.863
1866-01-01,17.224
1866-02-01,18.834
1866-03-01,23.022
1866-04-01,27.506
1866-05-01,29.919
1866-06-01,28.815
1866-07-01,27.153
1866-08-01,25.955
1866-09-01,25.745
1866-10-01,23.598
1866-11-01,20.313
1866-12-01,17.792
1867-01-01,17.011
1867-02-01,18.965
1867-03-01,23.342
1867-04-01,27.576
1867-05-01,29.356
1867-06-01,29.002
1867-07-01,26.886
1867-08-01,26.011
1867-09-01,25.693
1867-10-01,24.019
1867-11-01,21.194
1867-12-01,17.723
1868-01-01,16.346
1868-02-01,18.506
1868-03-01,22.925
1868-04-01,27.525
1868-05-01,29.913
1868-06-01,28.847
1868-07-01,26.882
1868-08-01,26.182
1868-09-01,25.785
1868-10-01,24.29
1868-11-01,20.111
1868-12-01,16.897
1869-01-01,16.581
1869-02-01,19.805
1869-03-01,23.022
1869-04-01,27.641
1869-05-01,29.692
1869-06-01,28.947
1869-07-01,26.995
1869-08-01,25.904
1869-09-01,25.937
1869-10-01,23.832
1869-11-01,20.112
1869-12-01,16.332
1870-01-01,16.51
1870-02-01,18.711
1870-03-01,23.23
1870-04-01,27.566
1870-05-01,30.15
1870-06-01,28.782
1870-07-01,26.588
1870-08-01,25.423
1870-09-01,25.516
1870-10-01,23.732
1870-11-01,20.086
1870-12-01,16.128
1871-01-01,16.165
1871-02-01,18.913
1871-03-01,23.25
1871-04-01,27.582
1871-05-01,29.435
1871-06-01,28.981
1871-07-01,26.534
1871-08-01,26.032
1871-09-01,25.841
1871-10-01,24.036
1871-11-01,19.83
1871-12-01,16.783
1872-01-01,16.469
1872-02-01,18.654
1872-03-01,23.876
1872-04-01,27.342
1872-05-01,29.562
1872-06-01,28.741
1872-07-01,26.615
1872-08-01,25.727
1872-09-01,25.574
1872-10-01,24.024
1872-11-01,20.055
1872-12-01,16.883
1873-01-01,16.271
1873-02-01,19.325
1873-03-01,23.128
1873-04-01,27.228
1873-05-01,29.873
1873-06-01,28.762
1873-07-01,26.851
1873-08-01,25.988
1873-09-01,25.632
1873-10-01,24.008
1873-11-01,20.145
1873-12-01,17.211
1874-01-01,16.268
1874-02-01,19.066
1874-03-01,22.575
1874-04-01,27.611
1874-05-01,29.463
1874-06-01,28.725
1874-07-01,26.666
1874-08-01,26.026
1874-09-01,25.55
1874-10-01,24.408
1874-11-01,20.685
1874-12-01,16.668
1875-01-01,16.312
1875-02-01,18.697
1875-03-01,24.889
1875-04-01,28.22
1875-05-01,29.57
1875-06-01,28.92
1875-07-01,26.566
1875-08-01,25.757
1875-09-01,25.608
1875-10-01,23.003
1875-11-01,20.031
1875-12-01,17.493
1876-01-01,16.989
1876-02-01,19.176
1876-03-01,23.687
1876-04-01,27.541
1876-05-01,30.01
1876-06-01,29.635
1876-07-01,26.58
1876-08-01,25.937
1876-09-01,25.334
1876-10-01,23.16
1876-11-01,19.915
1876-12-01,16.747
1877-01-01,16.713
1877-02-01,17.823
1877-03-01,23.198
1877-04-01,25.839
1877-05-01,28.607
1877-06-01,29.245
1877-07-01,27.837
1877-08-01,27.25
1877-09-01,26.533
1877-10-01,23.887
1877-11-01,21.593
1877-12-01,18.068
1878-01-01,16.421
1878-02-01,20.25
1878-03-01,24.427
1878-04-01,27.205
1878-05-01,28.485
1878-06-01,30.349
1878-07-01,27.407
1878-08-01,26.214
1878-09-01,26.356
1878-10-01,24.908
1878-11-01,20.819
1878-12-01,16.732
1879-01-01,16.977
1879-02-01,19.754
1879-03-01,23.725
1879-04-01,28.485
1879-05-01,30.072
1879-06-01,28.064
1879-07-01,26.626
1879-08-01,25.472
1879-09-01,25.449
1879-10-01,23.679
1879-11-01,18.962
1879-12-01,15.948
1880-01-01,16.969
1880-02-01,18.473
1880-03-01,25.279
1880-04-01,28.576
1880-05-01,29.532
1880-06-01,28.683
1880-07-01,26.06
1880-08-01,26.25
1880-09-01,25.552
1880-10-01,24.311
1880-11-01,19.941
1880-12-01,16.703
1881-01-01,16.505
1881-02-01,20.048
1881-03-01,22.817
1881-04-01,27.561
1881-05-01,29.857
1881-06-01,28.288
1881-07-01,26.634
1881-08-01,25.898
1881-09-01,25.818
1881-10-01,24.077
1881-11-01,19.683
1881-12-01,16.948
1882-01-01,17.5
1882-02-01,18.677
1882-03-01,24.403
1882-04-01,27.314
1882-05-01,28.806
1882-06-01,27.966
1882-07-01,25.87
1882-08-01,25.854
1882-09-01,25.64
1882-10-01,23.831
1882-11-01,19.63
1882-12-01,17.571
1883-01-01,16.645
1883-02-01,18.255
1883-03-01,23.104
1883-04-01,27.907
1883-05-01,29.436
1883-06-01,28.359
1883-07-01,26.356
1883-08-01,26.535
1883-09-01,25.592
1883-10-01,23.517
1883-11-01,19.064
1883-12-01,15.32
1884-01-01,16.231
1884-02-01,18.258
1884-03-01,24.038
1884-04-01,27.013
1884-05-01,29.532
1884-06-01,28.623
1884-07-01,26.527
1884-08-01,25.842
1884-09-01,25.247
1884-10-01,22.723
1884-11-01,18.692
1884-12-01,16.162
1885-01-01,16.816
1885-02-01,17.399
1885-03-01,23.56
1885-04-01,26.719
1885-05-01,28.011
1885-06-01,28.453
1885-07-01,26.602
1885-08-01,25.976
1885-09-01,25.81
1885-10-01,24.144
1885-11-01,20.33
1885-12-01,16.859
1886-01-01,16.46
1886-02-01,18.399
1886-03-01,23.481
1886-04-01,27.305
1886-05-01,29.333
1886-06-01,28.286
1886-07-01,26.298
1886-08-01,25.924
1886-09-01,26.031
1886-10-01,24.463
1886-11-01,20.621
1886-12-01,17.137
1887-01-01,16.279
1887-02-01,18.518
1887-03-01,23.784
1887-04-01,27.448
1887-05-01,30.062
1887-06-01,28.087
1887-07-01,25.998
1887-08-01,25.397
1887-09-01,25.331
1887-10-01,23.379
1887-11-01,19.978
1887-12-01,16.805
1888-01-01,15.716
1888-02-01,18.912
1888-03-01,24.513
1888-04-01,27.886
1888-05-01,29.386
1888-06-01,29.188
1888-07-01,26.423
1888-08-01,25.681
1888-09-01,25.871
1888-10-01,23.928
1888-11-01,20.342
1888-12-01,16.586
1889-01-01,17.616
1889-02-01,19.321
1889-03-01,24.723
1889-04-01,28.13
1889-05-01,30.025
1889-06-01,28.727
1889-07-01,26.822
1889-08-01,26.025
1889-09-01,26.049
1889-10-01,23.428
1889-11-01,19.834
1889-12-01,17.158
1890-01-01,17.122
1890-02-01,19.845
1890-03-01,23.896
1890-04-01,27.79
1890-05-01,29.95
1890-06-01,28.113
1890-07-01,25.692
1890-08-01,25.275
1890-09-01,25.557
1890-10-01,23.61
1890-11-01,20.016
1890-12-01,17.515
1891-01-01,16.583
1891-02-01,18.055
1891-03-01,22.014
1891-04-01,27.375
1891-05-01,29.183
1891-06-01,29.954
1891-07-01,27.32
1891-08-01,26.023
1891-09-01,25.934
1891-10-01,23.631
1891-11-01,20.453
1891-12-01,17.246
1892-01-01,17.621
1892-02-01,19.994
1892-03-01,24.809
1892-04-01,29.378
1892-05-01,30.172
1892-06-01,28.556
1892-07-01,26.768
1892-08-01,25.578
1892-09-01,25.382
1892-10-01,23.693
1892-11-01,19.384
1892-12-01,16.543
1893-01-01,15.643
1893-02-01,16.57
1893-03-01,21.431
1893-04-01,27.218
1893-05-01,28.666
1893-06-01,27.484
1893-07-01,25.981
1893-08-01,25.967
1893-09-01,25.164
1893-10-01,23.474
1893-11-01,20.213
1893-12-01,16.867
1894-01-01,16.849
1894-02-01,19.819
1894-03-01,23.497
1894-04-01,27.478
1894-05-01,30.165
1894-06-01,28.334
1894-07-01,26.176
1894-08-01,25.688
1894-09-01,25.646
1894-10-01,23.942
1894-11-01,19.677
1894-12-01,17.029
1895-01-01,16.557
1895-02-01,19.108
1895-03-01,23.521
1895-04-01,26.867
1895-05-01,30.519
1895-06-01,28.625
1895-07-01,26.814
1895-08-01,25.9
1895-09-01,26.143
1895-10-01,23.662
1895-11-01,21.269
1895-12-01,16.616
1896-01-01,16.9
1896-02-01,19.769
1896-03-01,24.66
1896-04-01,28.822
1896-05-01,30.707
1896-06-01,28.757
1896-07-01,27.2
1896-08-01,26.02
1896-09-01,26.452
1896-10-01,24.853
1896-11-01,21.296
1896-12-01,17.417
1897-01-01,17.445
1897-02-01,19.908
1897-03-01,23.659
1897-04-01,27.817
1897-05-01,30.695
1897-06-01,29.702
1897-07-01,27.681
1897-08-01,26.355
1897-09-01,26.106
1897-10-01,24.127
1897-11-01,20.43
1897-12-01,16.709
1898-01-01,16.897
1898-02-01,18.688
1898-03-01,23.92
1898-04-01,28.917
1898-05-01,30.043
1898-06-01,29.207
1898-07-01,26.681
1898-08-01,26.133
1898-09-01,25.725
1898-10-01,24.304
1898-11-01,20.619
1898-12-01,17.632
1899-01-01,15.345
1899-02-01,19.528
1899-03-01,24.715
1899-04-01,27.011
1899-05-01,29.985
1899-06-01,28.529
1899-07-01,26.958
1899-08-01,27.312
1899-09-01,26.907
1899-10-01,24.852
1899-11-01,20.945
1899-12-01,17.974
1900-01-01,17.385
1900-02-01,20.05
1900-03-01,24.958
1900-04-01,27.672
1900-05-01,29.772
1900-06-01,29.928
1900-07-01,27.609
1900-08-01,26.493
1900-09-01,25.643
1900-10-01,23.674
1900-11-01,21.122
1900-12-01,18.108
1901-01-01,16.172
1901-02-01,18.506
1901-03-01,23.703
1901-04-01,27.474
1901-05-01,29.787
1901-06-01,29.944
1901-07-01,27.522
1901-08-01,26.179
1901-09-01,26.296
1901-10-01,25.146
1901-11-01,20.879
1901-12-01,17.403
1902-01-01,17.719
1902-02-01,19.867
1902-03-01,25.17
1902-04-01,27.848
1902-05-01,30.26
1902-06-01,29.534
1902-07-01,27.214
1902-08-01,26.967
1902-09-01,25.887
1902-10-01,24.213
1902-11-01,20.255
1902-12-01,16.89
1903-01-01,16.939
1903-02-01,18.644
1903-03-01,22.983
1903-04-01,27.185
1903-05-01,29.496
1903-06-01,29.878
1903-07-01,27.564
1903-08-01,26.195
1903-09-01,26.061
1903-10-01,24.075
1903-11-01,19.707
1903-12-01,16.482
1904-01-01,16.723
1904-02-01,19.177
1904-03-01,23.349
1904-04-01,28.047
1904-05-01,29.465
1904-06-01,28.616
1904-07-01,26.408
1904-08-01,26.085
1904-09-01,25.904
1904-10-01,24.244
1904-11-01,19.988
1904-12-01,17.096
1905-01-01,15.754
1905-02-01,16.043
1905-03-01,21.969
1905-04-01,25.546
1905-05-01,30.149
1905-06-01,30.124
1905-07-01,27.231
1905-08-01,26.637
1905-09-01,26.23
1905-10-01,24.48
1905-11-01,21.126
1905-12-01,16.891
1906-01-01,16.315
1906-02-01,18.395
1906-03-01,22.443
1906-04-01,27.78
1906-05-01,30.947
1906-06-01,28.841
1906-07-01,27.041
1906-08-01,26.192
1906-09-01,25.791
1906-10-01,24.247
1906-11-01,21.004
1906-12-01,17.661
1907-01-01,17.669
1907-02-01,18.583
1907-03-01,22.283
1907-04-01,25.785
1907-05-01,28.962
1907-06-01,28.919
1907-07-01,27.661
1907-08-01,25.709
1907-09-01,26.164
1907-10-01,24.728
1907-11-01,21.125
1907-12-01,16.537
1908-01-01,16.417
1908-02-01,19.246
1908-03-01,23.22
1908-04-01,28.495
1908-05-01,29.963
1908-06-01,29.695
1908-07-01,26.375
1908-08-01,25.649
1908-09-01,25.751
1908-10-01,24.058
1908-11-01,19.831
1908-12-01,16.203
1909-01-01,16.949
1909-02-01,18.947
1909-03-01,24.33
1909-04-01,26.163
1909-05-01,29.56
1909-06-01,28.083
1909-07-01,26.132
1909-08-01,25.887
1909-09-01,25.544
1909-10-01,24.164
1909-11-01,20.99
1909-12-01,17.183
1910-01-01,16.613
1910-02-01,19.175
1910-03-01,23.656
1910-04-01,27.272
1910-05-01,29.873
1910-06-01,28.268
1910-07-01,26.461
1910-08-01,25.956
1910-09-01,25.724
1910-10-01,23.633
1910-11-01,19.419
1910-12-01,16.48
1911-01-01,17.656
1911-02-01,18.779
1911-03-01,22.388
1911-04-01,27.185
1911-05-01,30.436
1911-06-01,28.41
1911-07-01,27.672
1911-08-01,26.348
1911-09-01,25.879
1911-10-01,24.503
1911-11-01,20.135
1911-12-01,17.041
1912-01-01,17.237
1912-02-01,20.148
1912-03-01,23.552
1912-04-01,27.244
1912-05-01,30.203
1912-06-01,30.139
1912-07-01,27.001
1912-08-01,26.04
1912-09-01,25.765
1912-10-01,24.246
1912-11-01,19.889
1912-12-01,16.621
1913-01-01,16.626
1913-02-01,19.358
1913-03-01,22.333
1913-04-01,28.176
1913-05-01,29.167
1913-06-01,27.926
1913-07-01,26.644
1913-08-01,26.228
1913-09-01,26.316
1913-10-01,24.574
1913-11-01,20.15
1913-12-01,16.912
1914-01-01,17.441
1914-02-01,19.372
1914-03-01,23.091
1914-04-01,26.634
1914-05-01,29.852
1914-06-01,28.936
1914-07-01,26.629
1914-08-01,26.016
1914-09-01,25.994
1914-10-01,23.83
1914-11-01,21.017
1914-12-01,17.094
1915-01-01,17.044
1915-02-01,18.73
1915-03-01,23.344
1915-04-01,27.327
1915-05-01,30.59
1915-06-01,29.826
1915-07-01,27.691
1915-08-01,26.665
1915-09-01,26.513
1915-10-01,25.264
1915-11-01,21.429
1915-12-01,17.058
1916-01-01,17.013
1916-02-01,18.953
1916-03-01,24.942
1916-04-01,28.04
1916-05-01,30.005
1916-06-01,27.827
1916-07-01,26.899
1916-08-01,26.024
1916-09-01,25.878
1916-10-01,24.091
1916-11-01,19.943
1916-12-01,16.291
1917-01-01,16.729
1917-02-01,19.043
1917-03-01,22.795
1917-04-01,25.902
1917-05-01,27.232
1917-06-01,27.789
1917-07-01,26.52
1917-08-01,26.008
1917-09-01,25.273
1917-10-01,23.534
1917-11-01,19.416
1917-12-01,16.732
1918-01-01,15.769
1918-02-01,19.212
1918-03-01,23.433
1918-04-01,26.317
1918-05-01,29.728
1918-06-01,27.84
1918-07-01,27.898
1918-08-01,26.458
1918-09-01,26.283
1918-10-01,24.618
1918-11-01,20.936
1918-12-01,16.769
1919-01-01,17.379
1919-02-01,19.006
1919-03-01,23.94
1919-04-01,27.028
1919-05-01,29.547
1919-06-01,28.926
1919-07-01,26.703
1919-08-01,26.134
1919-09-01,25.755
1919-10-01,23.997
1919-11-01,20.701
1919-12-01,16.786
1920-01-01,17.183
1920-02-01,19.001
1920-03-01,23.686
1920-04-01,27.039
1920-05-01,28.449
1920-06-01,28.911
1920-07-01,26.793
1920-08-01,26.216
1920-09-01,26.582
1920-10-01,25.084
1920-11-01,21.209
1920-12-01,17.312
1921-01-01,17.406
1921-02-01,19.287
1921-03-01,25.23
1921-04-01,28.546
1921-05-01,31.329
1921-06-01,29.071
1921-07-01,27.418
1921-08-01,25.988
1921-09-01,25.581
1921-10-01,23.597
1921-11-01,19.844
1921-12-01,17.694
1922-01-01,16.714
1922-02-01,19.936
1922-03-01,24.374
1922-04-01,28.05
1922-05-01,30.235
1922-06-01,28.571
1922-07-01,26.724
1922-08-01,26.057
1922-09-01,25.659
1922-10-01,23.727
1922-11-01,20.33
1922-12-01,16.476
1923-01-01,16.819
1923-02-01,18.654
1923-03-01,23.688
1923-04-01,27.823
1923-05-01,29.656
1923-06-01,30.522
1923-07-01,26.731
1923-08-01,25.892
1923-09-01,25.886
1923-10-01,23.607
1923-11-01,20.255
1923-12-01,17.378
1924-01-01,16.724
1924-02-01,19.565
1924-03-01,24.943
1924-04-01,28.324
1924-05-01,29.211
1924-06-01,30.129
1924-07-01,27.041
1924-08-01,26.29
1924-09-01,25.406
1924-10-01,23.917
1924-11-01,19.87
1924-12-01,17.132
1925-01-01,15.629
1925-02-01,18.131
1925-03-01,23.903
1925-04-01,28.372
1925-05-01,29.13
1925-06-01,28.113
1925-07-01,26.223
1925-08-01,26.282
1925-09-01,26.33
1925-10-01,24.584
1925-11-01,20.413
1925-12-01,16.841
1926-01-01,17.236
1926-02-01,20.375
1926-03-01,23.152
1926-04-01,25.739
1926-05-01,29.002
1926-06-01,30.733
1926-07-01,27.488
1926-08-01,26.283
1926-09-01,25.774
1926-10-01,24.051
1926-11-01,19.354
1926-12-01,16.981
1927-01-01,16.709
1927-02-01,18.748
1927-03-01,22.994
1927-04-01,27.446
1927-05-01,29.554
1927-06-01,29.232
1927-07-01,26.751
1927-08-01,26.021
1927-09-01,26.04
1927-10-01,24.349
1927-11-01,19.79
1927-12-01,17.651
1928-01-01,17.08
1928-02-01,19.567
1928-03-01,23.99
1928-04-01,27.495
1928-05-01,30.574
1928-06-01,28.795
1928-07-01,26.84
1928-08-01,26.582
1928-09-01,26.261
1928-10-01,24.568
1928-11-01,20.817
1928-12-01,17.099
1929-01-01,16.866
1929-02-01,18.597
1929-03-01,24.69
1929-04-01,27.63
1929-05-01,30.574
1929-06-01,28.918
1929-07-01,26.718
1929-08-01,25.954
1929-09-01,26.319
1929-10-01,23.971
1929-11-01,20.717
1929-12-01,16.703
1930-01-01,16.528
1930-02-01,18.831
1930-03-01,24.028
1930-04-01,27.002
1930-05-01,29.751
1930-06-01,28.955
1930-07-01,26.566
1930-08-01,26.156
1930-09-01,26.296
1930-10-01,24.567
1930-11-01,20.005
1930-12-01,17.359
1931-01-01,17.86
1931-02-01,19.062
1931-03-01,23.518
1931-04-01,28.563
1931-05-01,30.211
1931-06-01,30.172
1931-07-01,27.031
1931-08-01,26.678
1931-09-01,25.998
1931-10-01,24.123
1931-11-01,20.334
1931-12-01,17.442
1932-01-01,17.783
1932-02-01,18.585
1932-03-01,23.757
1932-04-01,27.389
1932-05-01,29.613
1932-06-01,29.777
1932-07-01,27.001
1932-08-01,26.243
1932-09-01,26.294
1932-10-01,24.669
1932-11-01,20.601
1932-12-01,17.231
1933-01-01,16.262
1933-02-01,19.784
1933-03-01,23.753
1933-04-01,26.46
1933-05-01,28.127
1933-06-01,28.36
1933-07-01,26.851
1933-08-01,25.823
1933-09-01,25.645
1933-10-01,23.937
1933-11-01,20.428
1933-12-01,17.294
1934-01-01,15.991
1934-02-01,19.725
1934-03-01,23.297
1934-04-01,27.732
1934-05-01,29.917
1934-06-01,28.853
1934-07-01,26.77
1934-08-01,26.026
1934-09-01,26.073
1934-10-01,23.767
1934-11-01,19.761
1934-12-01,17.297
1935-01-01,15.888
1935-02-01,19.379
1935-03-01,23.618
1935-04-01,25.859
1935-05-01,30.518
1935-06-01,29.711
1935-07-01,26.714
1935-08-01,25.858
1935-09-01,25.639
1935-10-01,24.042
1935-11-01,20.556
1935-12-01,17.36
1936-01-01,16.589
1936-02-01,19.189
1936-03-01,23.562
1936-04-01,27.229
1936-05-01,30.41
1936-06-01,27.68
1936-07-01,26.706
1936-08-01,26.211
1936-09-01,26.074
1936-10-01,24.151
1936-11-01,20.903
1936-12-01,17.314
1937-01-01,16.143
1937-02-01,19.608
1937-03-01,22.893
1937-04-01,26.327
1937-05-01,29.823
1937-06-01,29.554
1937-07-01,26.657
1937-08-01,26.477
1937-09-01,26.214
1937-10-01,23.794
1937-11-01,20.539
1937-12-01,16.466
1938-01-01,17.305
1938-02-01,18.346
1938-03-01,24.786
1938-04-01,28.108
1938-05-01,30.312
1938-06-01,27.459
1938-07-01,26.655
1938-08-01,26.361
1938-09-01,26.284
1938-10-01,24.36
1938-11-01,19.572
1938-12-01,17.155
1939-01-01,17.484
1939-02-01,19.606
1939-03-01,22.512
1939-04-01,26.9
1939-05-01,30.429
1939-06-01,28.862
1939-07-01,26.785
1939-08-01,26.702
1939-09-01,26.148
1939-10-01,24.775
1939-11-01,20.425
1939-12-01,17.291
1940-01-01,16.722
1940-02-01,19.296
1940-03-01,22.363
1940-04-01,26.928
1940-05-01,30.061
1940-06-01,29.209
1940-07-01,26.86
1940-08-01,26.046
1940-09-01,26.077
1940-10-01,24.615
1940-11-01,21.33
1940-12-01,17.32
1941-01-01,16.932
1941-02-01,19.978
1941-03-01,25.153
1941-04-01,28.997
1941-05-01,30.595
1941-06-01,29.106
1941-07-01,27.493
1941-08-01,26.872
1941-09-01,26.452
1941-10-01,25.358
1941-11-01,20.846
1941-12-01,18.309
1942-01-01,16.664
1942-02-01,19.789
1942-03-01,24.535
1942-04-01,28.23
1942-05-01,30.642
1942-06-01,30.039
1942-07-01,26.631
1942-08-01,25.974
1942-09-01,25.663
1942-10-01,24.346
1942-11-01,20.919
1942-12-01,17.094
1943-01-01,17.534
1943-02-01,18.873
1943-03-01,24.052
1943-04-01,26.655
1943-05-01,29.941
1943-06-01,28.726
1943-07-01,26.638
1943-08-01,25.807
1943-09-01,25.931
1943-10-01,24.076
1943-11-01,21.077
1943-12-01,17.552
1944-01-01,16.725
1944-02-01,18.788
1944-03-01,22.7
1944-04-01,26.484
1944-05-01,30.657
1944-06-01,29.248
1944-07-01,26.608
1944-08-01,26.276
1944-09-01,25.992
1944-10-01,23.954
1944-11-01,20.681
1944-12-01,18.062
1945-01-01,15.918
1945-02-01,18.778
1945-03-01,24.102
1945-04-01,26.543
1945-05-01,29.869
1945-06-01,29.652
1945-07-01,26.747
1945-08-01,26.475
1945-09-01,25.905
1945-10-01,23.807
1945-11-01,20.12
1945-12-01,16.143
1946-01-01,16.905
1946-02-01,20.413
1946-03-01,23.832
1946-04-01,27.86
1946-05-01,29.843
1946-06-01,28.625
1946-07-01,26.767
1946-08-01,26.177
1946-09-01,26.045
1946-10-01,24.643
1946-11-01,20.712
1946-12-01,17.791
1947-01-01,16.861
1947-02-01,19.518
1947-03-01,24.311
1947-04-01,28.103
1947-05-01,30.586
1947-06-01,30.128
1947-07-01,27.14
1947-08-01,26.673
1947-09-01,25.805
1947-10-01,23.524
1947-11-01,20.986
1947-12-01,17.719
1948-01-01,17.289
1948-02-01,19.3
1948-03-01,23.455
1948-04-01,28.277
1948-05-01,30.765
1948-06-01,29.748
1948-07-01,26.999
1948-08-01,26.161
1948-09-01,25.975
1948-10-01,24.611
1948-11-01,20.874
1948-12-01,16.826
1949-01-01,17.703
1949-02-01,19.189
1949-03-01,24.296
1949-04-01,27.935
1949-05-01,30.044
1949-06-01,28.988
1949-07-01,26.817
1949-08-01,26.383
1949-09-01,26.235
1949-10-01,24.559
1949-11-01,19.68
1949-12-01,16.738
1950-01-01,17.318
1950-02-01,18.305
1950-03-01,22.933
1950-04-01,27.13
1950-05-01,30.267
1950-06-01,29.23
1950-07-01,26.582
1950-08-01,26.194
1950-09-01,25.711
1950-10-01,23.842
1950-11-01,19.818
1950-12-01,16.582
1951-01-01,16.331
1951-02-01,19.315
1951-03-01,23.841
1951-04-01,26.345
1951-05-01,29.826
1951-06-01,29.103
1951-07-01,27.47
1951-08-01,26.548
1951-09-01,26.762
1951-10-01,26.005
1951-11-01,21.601
1951-12-01,17.501
1952-01-01,17.707
1952-02-01,20.749
1952-03-01,23.39
1952-04-01,28.295
1952-05-01,30.426
1952-06-01,29.302
1952-07-01,27.036
1952-08-01,26.085
1952-09-01,26.315
1952-10-01,24.624
1952-11-01,20.51
1952-12-01,17.947
1953-01-01,16.733
1953-02-01,20.812
1953-03-01,25.969
1953-04-01,28.049
1953-05-01,30.717
1953-06-01,29.89
1953-07-01,26.922
1953-08-01,26.251
1953-09-01,26.126
1953-10-01,24.296
1953-11-01,20.544
1953-12-01,18.43
1954-01-01,16.445
1954-02-01,20.633
1954-03-01,24.173
1954-04-01,28.436
1954-05-01,30.921
1954-06-01,29.378
1954-07-01,26.932
1954-08-01,26.603
1954-09-01,25.871
1954-10-01,23.112
1954-11-01,20.084
1954-12-01,17.418
1955-01-01,17.075
1955-02-01,20.014
1955-03-01,25.048
1955-04-01,26.636
1955-05-01,29.526
1955-06-01,29.15
1955-07-01,26.999
1955-08-01,26.022
1955-09-01,26.008
1955-10-01,23.898
1955-11-01,19.913
1955-12-01,17.137
1956-01-01,17.035
1956-02-01,19.273
1956-03-01,24.437
1956-04-01,28.282
1956-05-01,30.411
1956-06-01,28.155
1956-07-01,25.997
1956-08-01,25.901
1956-09-01,26.001
1956-10-01,23.629
1956-11-01,20.167
1956-12-01,17.508
1957-01-01,17.035
1957-02-01,18.576
1957-03-01,22.721
1957-04-01,27.015
1957-05-01,29.611
1957-06-01,29.478
1957-07-01,27.105
1957-08-01,26.495
1957-09-01,26.213
1957-10-01,24.596
1957-11-01,21.349
1957-12-01,18.123
1958-01-01,18.31
1958-02-01,19.862
1958-03-01,24.626
1958-04-01,28.768
1958-05-01,30.492
1958-06-01,30.656
1958-07-01,27.074
1958-08-01,26.62
1958-09-01,26.056
1958-10-01,24.456
1958-11-01,21.192
1958-12-01,18.004
1959-01-01,17.45
1959-02-01,19.402
1959-03-01,24.544
1959-04-01,28.041
1959-05-01,30.207
1959-06-01,29.347
1959-07-01,26.647
1959-08-01,26.261
1959-09-01,26.001
1959-10-01,24.64
1959-11-01,20.762
1959-12-01,17.9
1960-01-01,16.885
1960-02-01,20.962
1960-03-01,23.285
1960-04-01,27.488
1960-05-01,30.185
1960-06-01,29.581
1960-07-01,27.091
1960-08-01,26.53
1960-09-01,26.517
1960-10-01,24.382
1960-11-01,20.403
1960-12-01,18.137
1961-01-01,17.514
1961-02-01,18.335
1961-03-01,24.665
1961-04-01,27.743
1961-05-01,29.963
1961-06-01,28.716
1961-07-01,26.677
1961-08-01,26.462
1961-09-01,25.882
1961-10-01,23.896
1961-11-01,19.907
1961-12-01,16.023
1962-01-01,15.838
1962-02-01,19.62
1962-03-01,23.545
1962-04-01,27.634
1962-05-01,29.728
1962-06-01,29.275
1962-07-01,27.299
1962-08-01,26.316
1962-09-01,25.816
1962-10-01,23.673
1962-11-01,20.493
1962-12-01,17.38
1963-01-01,16.554
1963-02-01,20.342
1963-03-01,23.609
1963-04-01,26.827
1963-05-01,29.309
1963-06-01,28.943
1963-07-01,27.324
1963-08-01,26.209
1963-09-01,26.146
1963-10-01,24.631
1963-11-01,21.437
1963-12-01,17.818
1964-01-01,16.468
1964-02-01,19.665
1964-03-01,25.022
1964-04-01,28.314
1964-05-01,29.573
1964-06-01,29.097
1964-07-01,26.491
1964-08-01,26.171
1964-09-01,25.911
1964-10-01,24.587
1964-11-01,20.232
1964-12-01,17.315
1965-01-01,17.907
1965-02-01,19.505
1965-03-01,23.14
1965-04-01,26.503
1965-05-01,29.366
1965-06-01,29.666
1965-07-01,26.834
1965-08-01,26.313
1965-09-01,26.041
1965-10-01,24.829
1965-11-01,21.368
1965-12-01,17.619
1966-01-01,17.543
1966-02-01,21.076
1966-03-01,24.008
1966-04-01,27.748
1966-05-01,30.114
1966-06-01,29.15
1966-07-01,27.668
1966-08-01,26.49
1966-09-01,26.096
1966-10-01,24.621
1966-11-01,21.457
1966-12-01,17.292
1967-01-01,16.668
1967-02-01,20.594
1967-03-01,22.982
1967-04-01,26.908
1967-05-01,29.777
1967-06-01,29.481
1967-07-01,26.967
1967-08-01,26.023
1967-09-01,25.871
1967-10-01,23.98
1967-11-01,20.492
1967-12-01,18.162
1968-01-01,16.341
1968-02-01,18.659
1968-03-01,23.477
1968-04-01,26.827
1968-05-01,29.368
1968-06-01,29.21
1968-07-01,26.948
1968-08-01,26.311
1968-09-01,26.786
1968-10-01,23.995
1968-11-01,20.794
1968-12-01,17.661
1969-01-01,17.129
1969-02-01,20.236
1969-03-01,25.479
1969-04-01,28.122
1969-05-01,29.537
1969-06-01,29.708
1969-07-01,27.086
1969-08-01,26.273
1969-09-01,25.968
1969-10-01,24.706
1969-11-01,21.852
1969-12-01,17.918
1970-01-01,17.4
1970-02-01,19.679
1970-03-01,23.807
1970-04-01,28.212
1970-05-01,30.42
1970-06-01,28.263
1970-07-01,27.102
1970-08-01,26.246
1970-09-01,25.975
1970-10-01,24.582
1970-11-01,20.204
1970-12-01,16.999
1971-01-01,16.778
1971-02-01,19.526
1971-03-01,23.577
1971-04-01,27.642
1971-05-01,28.794
1971-06-01,27.651
1971-07-01,26.391
1971-08-01,25.901
1971-09-01,26.05
1971-10-01,24.049
1971-11-01,20.125
1971-12-01,17.124
1972-01-01,17.132
1972-02-01,18.156
1972-03-01,24.385
1972-04-01,27.132
1972-05-01,30.29
1972-06-01,30.242
1972-07-01,27.55
1972-08-01,26.532
1972-09-01,26.145
1972-10-01,24.411
1972-11-01,20.974
1972-12-01,18.317
1973-01-01,17.62
1973-02-01,20.866
1973-03-01,24.178
1973-04-01,29.166
1973-05-01,30.69
1973-06-01,29.277
1973-07-01,26.986
1973-08-01,26.093
1973-09-01,26.002
1973-10-01,24.209
1973-11-01,20.516
1973-12-01,17.036
1974-01-01,16.738
1974-02-01,19.245
1974-03-01,24.923
1974-04-01,28.495
1974-05-01,29.697
1974-06-01,29.101
1974-07-01,26.961
1974-08-01,26.479
1974-09-01,26.544
1974-10-01,24.768
1974-11-01,20.471
1974-12-01,16.687
1975-01-01,16.257
1975-02-01,19.372
1975-03-01,23.703
1975-04-01,28.273
1975-05-01,30.431
1975-06-01,28.879
1975-07-01,26.416
1975-08-01,26.195
1975-09-01,25.576
1975-10-01,24.676
1975-11-01,19.646
1975-12-01,16.922
1976-01-01,16.913
1976-02-01,19.725
1976-03-01,24.028
1976-04-01,27.148
1976-05-01,29.785
1976-06-01,28.542
1976-07-01,26.897
1976-08-01,25.791
1976-09-01,25.841
1976-10-01,25.04
1976-11-01,22.473
1976-12-01,18.212
1977-01-01,17.035
1977-02-01,20.25
1977-03-01,25.44
1977-04-01,27.388
1977-05-01,28.856
1977-06-01,28.768
1977-07-01,26.619
1977-08-01,26.285
1977-09-01,25.927
1977-10-01,24.633
1977-11-01,22.308
1977-12-01,17.958
1978-01-01,16.64
1978-02-01,19.077
1978-03-01,22.812
1978-04-01,27.576
1978-05-01,30.939
1978-06-01,28.742
1978-07-01,26.344
1978-08-01,26.008
1978-09-01,25.846
1978-10-01,24.696
1978-11-01,21.694
1978-12-01,17.714
1979-01-01,17.828
1979-02-01,19.082
1979-03-01,23.214
1979-04-01,28.217
1979-05-01,29.686
1979-06-01,30.009
1979-07-01,27.479
1979-08-01,26.629
1979-09-01,26.475
1979-10-01,25.165
1979-11-01,22.516
1979-12-01,18.343
1980-01-01,17.593
1980-02-01,20.495
1980-03-01,24.071
1980-04-01,28.968
1980-05-01,31.054
1980-06-01,28.638
1980-07-01,26.887
1980-08-01,26.356
1980-09-01,26.529
1980-10-01,25.015
1980-11-01,21.517
1980-12-01,17.994
1981-01-01,17.067
1981-02-01,20.37
1981-03-01,23.57
1981-04-01,27.894
1981-05-01,29.998
1981-06-01,29.792
1981-07-01,26.82
1981-08-01,26.405
1981-09-01,26.406
1981-10-01,24.626
1981-11-01,20.366
1981-12-01,17.427
1982-01-01,17.866
1982-02-01,19.358
1982-03-01,22.928
1982-04-01,27.155
1982-05-01,29.069
1982-06-01,29.306
1982-07-01,27.911
1982-08-01,26.397
1982-09-01,26.444
1982-10-01,24.975
1982-11-01,21.074
1982-12-01,18.136
1983-01-01,16.758
1983-02-01,19.091
1983-03-01,23.603
1983-04-01,26.473
1983-05-01,29.619
1983-06-01,29.762
1983-07-01,27.492
1983-08-01,26.625
1983-09-01,26.238
1983-10-01,24.043
1983-11-01,20.182
1983-12-01,17.37
1984-01-01,16.993
1984-02-01,18.677
1984-03-01,24.742
1984-04-01,28.079
1984-05-01,31.199
1984-06-01,29.026
1984-07-01,26.721
1984-08-01,26.187
1984-09-01,25.646
1984-10-01,24.396
1984-11-01,20.395
1984-12-01,18.16
1985-01-01,17.592
1985-02-01,19.996
1985-03-01,25.561
1985-04-01,28.279
1985-05-01,30.506
1985-06-01,29.167
1985-07-01,26.684
1985-08-01,26.381
1985-09-01,26.354
1985-10-01,23.814
1985-11-01,20.913
1985-12-01,18.589
1986-01-01,17.185
1986-02-01,19.553
1986-03-01,24.088
1986-04-01,27.84
1986-05-01,29.572
1986-06-01,29.323
1986-07-01,26.944
1986-08-01,26.365
1986-09-01,26.606
1986-10-01,24.651
1986-11-01,21.683
1986-12-01,17.724
1987-01-01,17.611
1987-02-01,20.292
1987-03-01,24.256
1987-04-01,28.111
1987-05-01,29.22
1987-06-01,30.216
1987-07-01,28.174
1987-08-01,27.42
1987-09-01,27.327
1987-10-01,25.159
1987-11-01,21.655
1987-12-01,18.028
1988-01-01,18.235
1988-02-01,20.945
1988-03-01,24.296
1988-04-01,28.377
1988-05-01,31.21
1988-06-01,29.462
1988-07-01,26.92
1988-08-01,26.585
1988-09-01,26.809
1988-10-01,24.609
1988-11-01,20.973
1988-12-01,18.312
1989-01-01,16.735
1989-02-01,19.495
1989-03-01,23.577
1989-04-01,27.495
1989-05-01,30.493
1989-06-01,28.56
1989-07-01,27.036
1989-08-01,26.333
1989-09-01,26.362
1989-10-01,24.874
1989-11-01,21.406
1989-12-01,17.582
1990-01-01,18.557
1990-02-01,20.005
1990-03-01,22.989
1990-04-01,27.58
1990-05-01,29.199
1990-06-01,28.837
1990-07-01,26.53
1990-08-01,26.508
1990-09-01,26.164
1990-10-01,24.005
1990-11-01,21.602
1990-12-01,18.162
1991-01-01,16.987
1991-02-01,20.454
1991-03-01,24.437
1991-04-01,27.351
1991-05-01,30.459
1991-06-01,29.034
1991-07-01,27.572
1991-08-01,26.29
1991-09-01,26.508
1991-10-01,24.381
1991-11-01,20.628
1991-12-01,17.64
1992-01-01,17.102
1992-02-01,18.975
1992-03-01,24.228
1992-04-01,27.746
1992-05-01,29.694
1992-06-01,29.914
1992-07-01,27.43
1992-08-01,26.256
1992-09-01,26.041
1992-10-01,24.423
1992-11-01,21.091
1992-12-01,17.775
1993-01-01,17.481
1993-02-01,20.357
1993-03-01,23.076
1993-04-01,27.607
1993-05-01,30.554
1993-06-01,29.499
1993-07-01,27.289
1993-08-01,26.911
1993-09-01,26.0
1993-10-01,24.869
1993-11-01,21.416
1993-12-01,17.845
1994-01-01,18.15
1994-02-01,19.451
1994-03-01,25.081
1994-04-01,27.096
1994-05-01,30.833
1994-06-01,29.13
1994-07-01,26.566
1994-08-01,26.25
1994-09-01,26.066
1994-10-01,24.338
1994-11-01,21.033
1994-12-01,17.563
1995-01-01,16.241
1995-02-01,19.761
1995-03-01,23.476
1995-04-01,27.539
1995-05-01,30.265
1995-06-01,30.65
1995-07-01,27.307
1995-08-01,26.712
1995-09-01,26.558
1995-10-01,25.071
1995-11-01,21.247
1995-12-01,18.33
1996-01-01,17.819
1996-02-01,20.237
1996-03-01,25.032
1996-04-01,27.803
1996-05-01,30.506
1996-06-01,29.185
1996-07-01,27.31
1996-08-01,26.11
1996-09-01,26.435
1996-10-01,24.263
1996-11-01,21.013
1996-12-01,17.53
1997-01-01,16.666
1997-02-01,19.247
1997-03-01,24.18
1997-04-01,26.243
1997-05-01,29.47
1997-06-01,29.067
1997-07-01,27.504
1997-08-01,26.696
1997-09-01,26.428
1997-10-01,23.828
1997-11-01,21.638
1997-12-01,17.601
1998-01-01,17.511
1998-02-01,20.157
1998-03-01,23.313
1998-04-01,28.3
1998-05-01,31.176
1998-06-01,30.215
1998-07-01,27.538
1998-08-01,27.17
1998-09-01,26.66
1998-10-01,25.228
1998-11-01,21.843
1998-12-01,17.954
1999-01-01,16.96
1999-02-01,21.05
1999-03-01,25.097
1999-04-01,29.196
1999-05-01,29.934
1999-06-01,28.786
1999-07-01,27.293
1999-08-01,26.603
1999-09-01,26.463
1999-10-01,24.802
1999-11-01,21.71
1999-12-01,18.024
2000-01-01,17.84
2000-02-01,19.071
2000-03-01,23.674
2000-04-01,28.868
2000-05-01,30.089
2000-06-01,28.511
2000-07-01,26.98
2000-08-01,26.821
2000-09-01,26.505
2000-10-01,25.583
2000-11-01,21.986
2000-12-01,18.048
2001-01-01,17.295
2001-02-01,20.757
2001-03-01,24.401
2001-04-01,27.661
2001-05-01,30.374
2001-06-01,28.053
2001-07-01,26.891
2001-08-01,26.762
2001-09-01,27.119
2001-10-01,25.196
2001-11-01,22.027
2001-12-01,18.447
2002-01-01,17.419
2002-02-01,20.311
2002-03-01,24.871
2002-04-01,28.667
2002-05-01,30.9
2002-06-01,29.433
2002-07-01,28.487
2002-08-01,26.62
2002-09-01,26.38
2002-10-01,25.321
2002-11-01,21.636
2002-12-01,18.911
2003-01-01,17.245
2003-02-01,20.643
2003-03-01,24.162
2003-04-01,28.592
2003-05-01,30.614
2003-06-01,30.118
2003-07-01,27.186
2003-08-01,26.742
2003-09-01,26.248
2003-10-01,24.652
2003-11-01,21.573
2003-12-01,18.024
2004-01-01,17.223
2004-02-01,20.225
2004-03-01,26.019
2004-04-01,28.688
2004-05-01,30.045
2004-06-01,28.71
2004-07-01,27.473
2004-08-01,26.552
2004-09-01,26.79
2004-10-01,24.026
2004-11-01,21.411
2004-12-01,18.453
2005-01-01,17.45
2005-02-01,20.309
2005-03-01,24.805
2005-04-01,27.714
2005-05-01,30.042
2005-06-01,30.404
2005-07-01,27.013
2005-08-01,26.896
2005-09-01,26.497
2005-10-01,24.547
2005-11-01,20.759
2005-12-01,17.509
2006-01-01,17.759
2006-02-01,22.077
2006-03-01,23.93
2006-04-01,27.882
2006-05-01,30.238
2006-06-01,29.049
2006-07-01,27.344
2006-08-01,26.483
2006-09-01,26.588
2006-10-01,25.247
2006-11-01,21.739
2006-12-01,18.449
2007-01-01,17.785
2007-02-01,20.235
2007-03-01,24.074
2007-04-01,28.719
2007-05-01,30.524
2007-06-01,29.282
2007-07-01,27.362
2007-08-01,26.917
2007-09-01,26.498
2007-10-01,24.696
2007-11-01,21.55
2007-12-01,18.157
2008-01-01,17.248
2008-02-01,18.853
2008-03-01,24.873
2008-04-01,27.822
2008-05-01,30.079
2008-06-01,28.033
2008-07-01,27.152
2008-08-01,26.407
2008-09-01,26.382
2008-10-01,25.083
2008-11-01,21.696
2008-12-01,19.244
2009-01-01,18.661
2009-02-01,21.516
2009-03-01,25.083
2009-04-01,28.665
2009-05-01,30.493
2009-06-01,30.409
2009-07-01,27.611
2009-08-01,27.379
2009-09-01,27.08
2009-10-01,24.775
2009-11-01,21.457
2009-12-01,18.631
2010-01-01,17.109
2010-02-01,20.764
2010-03-01,26.373
2010-04-01,29.814
2010-05-01,31.169
2010-06-01,29.908
2010-07-01,27.433
2010-08-01,26.892
2010-09-01,26.296
2010-10-01,25.193
2010-11-01,22.204
2010-12-01,17.455
2011-01-01,16.478
2011-02-01,20.07
2011-03-01,24.595
2011-04-01,27.273
2011-05-01,30.421
2011-06-01,28.871
2011-07-01,27.209
2011-08-01,26.533
2011-09-01,26.321
2011-10-01,25.061
2011-11-01,21.982
2011-12-01,18.173
2012-01-01,16.778
2012-02-01,19.791
2012-03-01,24.354
2012-04-01,28.067
2012-05-01,30.805
2012-06-01,30.536
2012-07-01,27.699
2012-08-01,26.735
2012-09-01,26.551
2012-10-01,24.59
2012-11-01,21.162
2012-12-01,18.622
2013-01-01,17.16
2013-02-01,20.243
2013-03-01,24.575
2013-04-01,27.981
2013-05-01,31.014
2013-06-01,28.766
2013-07-01,27.012
2013-08-01,26.555
2013-09-01,26.555
