AverageTemperature,date
7.086,1743-11-01
7.193,1743-12-01
7.299,1744-01-01
7.406,1744-02-01
7.512,1744-03-01
7.619,1744-04-01
9.339,1744-05-01
12.379,1744-06-01
13.499,1744-07-01
12.334,1744-08-01
11.17,1744-09-01
8.31,1744-10-01
6.376,1744-11-01
4.014,1744-12-01
3.17,1745-01-01
2.659,1745-02-01
3.923,1745-03-01
6.45,1745-04-01
6.406,1745-05-01
6.362,1745-06-01
6.317,1745-07-01
6.273,1745-08-01
6.229,1745-09-01
6.185,1745-10-01
6.14,1745-11-01
6.096,1745-12-01
6.052,1746-01-01
6.008,1746-02-01
5.963,1746-03-01
5.919,1746-04-01
5.875,1746-05-01
5.831,1746-06-01
5.786,1746-07-01
5.742,1746-08-01
5.698,1746-09-01
5.654,1746-10-01
5.609,1746-11-01
5.565,1746-12-01
5.521,1747-01-01
5.477,1747-02-01
5.432,1747-03-01
5.388,1747-04-01
5.344,1747-05-01
5.3,1747-06-01
5.255,1747-07-01
5.211,1747-08-01
5.167,1747-09-01
5.123,1747-10-01
5.078,1747-11-01
5.034,1747-12-01
4.99,1748-01-01
4.946,1748-02-01
4.901,1748-03-01
4.857,1748-04-01
4.813,1748-05-01
4.769,1748-06-01
4.724,1748-07-01
4.68,1748-08-01
4.636,1748-09-01
4.592,1748-10-01
4.547,1748-11-01
4.503,1748-12-01
4.459,1749-01-01
4.415,1749-02-01
4.37,1749-03-01
4.326,1749-04-01
4.282,1749-05-01
4.238,1749-06-01
4.193,1749-07-01
4.149,1749-08-01
4.105,1749-09-01
4.061,1749-10-01
4.016,1749-11-01
3.972,1749-12-01
3.928,1750-01-01
6.654,1750-02-01
7.611,1750-03-01
7.471,1750-04-01
10.242,1750-05-01
12.493,1750-06-01
15.674,1750-07-01
14.231,1750-08-01
12.257,1750-09-01
6.613,1750-10-01
5.012,1750-11-01
3.412,1750-12-01
4.016,1751-01-01
1.677,1751-02-01
6.671,1751-03-01
6.59,1751-04-01
9.698,1751-05-01
12.805,1751-06-01
14.119,1751-07-01
14.014,1751-08-01
10.763,1751-09-01
8.924,1751-10-01
7.084,1751-11-01
5.245,1751-12-01
3.406,1752-01-01
4.83,1752-02-01
6.254,1752-03-01
6.519,1752-04-01
6.857,1752-05-01
7.195,1752-06-01
7.534,1752-07-01
7.872,1752-08-01
8.21,1752-09-01
8.548,1752-10-01
7.28,1752-11-01
5.524,1752-12-01
1.987,1753-01-01
3.916,1753-02-01
7.009,1753-03-01
7.111,1753-04-01
10.227,1753-05-01
13.838,1753-06-01
14.392,1753-07-01
13.309,1753-08-01
12.073,1753-09-01
9.376,1753-10-01
5.015,1753-11-01
2.86,1753-12-01
3.517,1754-01-01
2.468,1754-02-01
3.125,1754-03-01
7.574,1754-04-01
11.067,1754-05-01
12.87,1754-06-01
13.341,1754-07-01
13.911,1754-08-01
11.396,1754-09-01
9.771,1754-10-01
6.543,1754-11-01
4.483,1754-12-01
1.115,1755-01-01
1.296,1755-02-01
4.072,1755-03-01
9.085,1755-04-01
9.81,1755-05-01
14.674,1755-06-01
14.436,1755-07-01
12.714,1755-08-01
11.02,1755-09-01
8.392,1755-10-01
5.8,1755-11-01
4.244,1755-12-01
5.933,1756-01-01
6.561,1756-02-01
5.461,1756-03-01
6.389,1756-04-01
9.688,1756-05-01
13.995,1756-06-01
14.765,1756-07-01
13.17,1756-08-01
12.612,1756-09-01
8.115,1756-10-01
4.059,1756-11-01
1.685,1756-12-01
1.054,1757-01-01
4.31,1757-02-01
4.995,1757-03-01
7.708,1757-04-01
10.176,1757-05-01
14.264,1757-06-01
17.283,1757-07-01
14.523,1757-08-01
12.329,1757-09-01
6.063,1757-10-01
6.248,1757-11-01
3.066,1757-12-01
0.757,1758-01-01
3.622,1758-02-01
5.136,1758-03-01
5.897,1758-04-01
10.933,1758-05-01
13.03,1758-06-01
12.809,1758-07-01
13.538,1758-08-01
10.418,1758-09-01
6.388,1758-10-01
5.902,1758-11-01
3.948,1758-12-01
6.024,1759-01-01
6.375,1759-02-01
6.08,1759-03-01
6.901,1759-04-01
9.454,1759-05-01
13.285,1759-06-01
15.13,1759-07-01
14.599,1759-08-01
12.107,1759-09-01
9.312,1759-10-01
3.959,1759-11-01
0.959,1759-12-01
0.654,1760-01-01
3.673,1760-02-01
3.878,1760-03-01
7.328,1760-04-01
9.635,1760-05-01
12.828,1760-06-01
13.69,1760-07-01
13.522,1760-08-01
12.498,1760-09-01
7.892,1760-10-01
5.798,1760-11-01
5.002,1760-12-01
3.194,1761-01-01
5.507,1761-02-01
7.29,1761-03-01
6.942,1761-04-01
11.295,1761-05-01
14.384,1761-06-01
15.451,1761-07-01
14.887,1761-08-01
12.5,1761-09-01
6.836,1761-10-01
5.618,1761-11-01
1.262,1761-12-01
5.954,1762-01-01
4.162,1762-02-01
3.127,1762-03-01
9.016,1762-04-01
10.363,1762-05-01
12.853,1762-06-01
14.534,1762-07-01
12.504,1762-08-01
11.269,1762-09-01
5.741,1762-10-01
4.963,1762-11-01
2.612,1762-12-01
0.524,1763-01-01
4.876,1763-02-01
4.075,1763-03-01
6.413,1763-04-01
8.239,1763-05-01
12.207,1763-06-01
14.069,1763-07-01
13.496,1763-08-01
11.239,1763-09-01
7.235,1763-10-01
5.702,1763-11-01
5.281,1763-12-01
4.425,1764-01-01
5.102,1764-02-01
4.557,1764-03-01
6.53,1764-04-01
10.718,1764-05-01
11.852,1764-06-01
14.258,1764-07-01
13.242,1764-08-01
10.508,1764-09-01
8.003,1764-10-01
4.916,1764-11-01
3.476,1764-12-01
5.11,1765-01-01
1.621,1765-02-01
5.723,1765-03-01
7.322,1765-04-01
10.087,1765-05-01
11.699,1765-06-01
13.227,1765-07-01
13.437,1765-08-01
11.338,1765-09-01
8.596,1765-10-01
4.313,1765-11-01
2.522,1765-12-01
1.642,1766-01-01
2.988,1766-02-01
4.55,1766-03-01
7.822,1766-04-01
8.43,1766-05-01
12.478,1766-06-01
14.107,1766-07-01
14.527,1766-08-01
11.953,1766-09-01
8.592,1766-10-01
7.074,1766-11-01
3.566,1766-12-01
0.331,1767-01-01
5.984,1767-02-01
5.237,1767-03-01
6.168,1767-04-01
8.906,1767-05-01
11.257,1767-06-01
12.765,1767-07-01
14.513,1767-08-01
12.557,1767-09-01
8.434,1767-10-01
7.417,1767-11-01
3.667,1767-12-01
1.378,1768-01-01
4.292,1768-02-01
4.23,1768-03-01
7.131,1768-04-01
10.122,1768-05-01
12.277,1768-06-01
13.738,1768-07-01
14.038,1768-08-01
10.63,1768-09-01
8.273,1768-10-01
5.545,1768-11-01
4.77,1768-12-01
3.383,1769-01-01
3.347,1769-02-01
5.045,1769-03-01
7.362,1769-04-01
10.112,1769-05-01
11.903,1769-06-01
14.341,1769-07-01
13.311,1769-08-01
11.76,1769-09-01
6.729,1769-10-01
5.433,1769-11-01
4.764,1769-12-01
4.245,1770-01-01
5.274,1770-02-01
2.438,1770-03-01
5.517,1770-04-01
9.084,1770-05-01
11.592,1770-06-01
13.43,1770-07-01
14.049,1770-08-01
12.667,1770-09-01
7.718,1770-10-01
4.995,1770-11-01
4.391,1770-12-01
2.27,1771-01-01
2.996,1771-02-01
2.8,1771-03-01
4.672,1771-04-01
10.506,1771-05-01
12.584,1771-06-01
13.83,1771-07-01
13.277,1771-08-01
11.019,1771-09-01
8.83,1771-10-01
5.916,1771-11-01
5.921,1771-12-01
1.559,1772-01-01
2.067,1772-02-01
3.84,1772-03-01
6.112,1772-04-01
8.741,1772-05-01
13.506,1772-06-01
14.311,1772-07-01
14.153,1772-08-01
11.292,1772-09-01
10.103,1772-10-01
7.042,1772-11-01
5.148,1772-12-01
3.965,1773-01-01
2.715,1773-02-01
5.697,1773-03-01
7.453,1773-04-01
9.358,1773-05-01
12.296,1773-06-01
13.656,1773-07-01
14.617,1773-08-01
11.545,1773-09-01
8.729,1773-10-01
4.885,1773-11-01
4.061,1773-12-01
0.595,1774-01-01
4.106,1774-02-01
5.16,1774-03-01
7.457,1774-04-01
11.248,1774-05-01
13.025,1774-06-01
14.101,1774-07-01
14.251,1774-08-01
11.079,1774-09-01
8.811,1774-10-01
3.891,1774-11-01
2.919,1774-12-01
4.597,1775-01-01
6.094,1775-02-01
5.815,1775-03-01
8.2,1775-04-01
11.057,1775-05-01
13.448,1775-06-01
14.956,1775-07-01
13.986,1775-08-01
12.359,1775-09-01
8.386,1775-10-01
4.773,1775-11-01
4.197,1775-12-01
-1.225,1776-01-01
4.306,1776-02-01
5.963,1776-03-01
7.821,1776-04-01
9.214,1776-05-01
12.79,1776-06-01
14.85,1776-07-01
13.862,1776-08-01
10.943,1776-09-01
9.089,1776-10-01
5.751,1776-11-01
4.545,1776-12-01
3.028,1777-01-01
2.787,1777-02-01
5.631,1777-03-01
5.915,1777-04-01
10.44,1777-05-01
11.78,1777-06-01
13.496,1777-07-01
14.418,1777-08-01
12.614,1777-09-01
8.96,1777-10-01
6.5,1777-11-01
3.545,1777-12-01
3.089,1778-01-01
4.164,1778-02-01
4.71,1778-03-01
7.591,1778-04-01
11.37,1778-05-01
13.907,1778-06-01
16.03,1778-07-01
14.54,1778-08-01
10.811,1778-09-01
6.5,1778-10-01
5.883,1778-11-01
6.16,1778-12-01
2.924,1779-01-01
7.836,1779-02-01
7.784,1779-03-01
8.872,1779-04-01
11.185,1779-05-01
13.009,1779-06-01
16.153,1779-07-01
16.228,1779-08-01
13.429,1779-09-01
9.784,1779-10-01
5.637,1779-11-01
2.975,1779-12-01
0.082,1780-01-01
2.941,1780-02-01
7.634,1780-03-01
8.266,1780-04-01
12.254,1780-05-01
13.29,1780-06-01
15.259,1780-07-01
16.067,1780-08-01
12.522,1780-09-01
8.521,1780-10-01
4.627,1780-11-01
3.703,1780-12-01
3.135,1781-01-01
5.237,1781-02-01
6.808,1781-03-01
8.247,1781-04-01
10.984,1781-05-01
14.8,1781-06-01
15.411,1781-07-01
14.818,1781-08-01
11.87,1781-09-01
8.931,1781-10-01
6.551,1781-11-01
5.263,1781-12-01
4.365,1782-01-01
1.814,1782-02-01
3.491,1782-03-01
4.899,1782-04-01
7.883,1782-05-01
13.629,1782-06-01
14.436,1782-07-01
13.317,1782-08-01
11.58,1782-09-01
6.78,1782-10-01
2.833,1782-11-01
2.918,1782-12-01
3.384,1783-01-01
4.979,1783-02-01
3.59,1783-03-01
8.889,1783-04-01
9.671,1783-05-01
13.102,1783-06-01
16.602,1783-07-01
14.26,1783-08-01
11.598,1783-09-01
8.446,1783-10-01
5.817,1783-11-01
3.092,1783-12-01
0.932,1784-01-01
1.79,1784-02-01
2.585,1784-03-01
5.32,1784-04-01
11.735,1784-05-01
12.508,1784-06-01
14.312,1784-07-01
13.157,1784-08-01
12.609,1784-09-01
7.04,1784-10-01
5.338,1784-11-01
1.485,1784-12-01
3.432,1785-01-01
0.833,1785-02-01
1.201,1785-03-01
7.639,1785-04-01
10.003,1785-05-01
14.587,1785-06-01
14.453,1785-07-01
12.523,1785-08-01
12.293,1785-09-01
7.62,1785-10-01
6.047,1785-11-01
2.673,1785-12-01
3.202,1786-01-01
3.567,1786-02-01
2.346,1786-03-01
7.25,1786-04-01
9.928,1786-05-01
13.724,1786-06-01
13.222,1786-07-01
13.947,1786-08-01
10.688,1786-09-01
6.739,1786-10-01
3.654,1786-11-01
2.842,1786-12-01
4.292,1787-01-01
6.174,1787-02-01
6.949,1787-03-01
6.442,1787-04-01
9.773,1787-05-01
12.475,1787-06-01
14.011,1787-07-01
14.274,1787-08-01
11.726,1787-09-01
8.932,1787-10-01
4.491,1787-11-01
3.789,1787-12-01
4.2,1788-01-01
4.119,1788-02-01
3.816,1788-03-01
8.977,1788-04-01
11.286,1788-05-01
13.62,1788-06-01
15.399,1788-07-01
14.249,1788-08-01
12.486,1788-09-01
8.648,1788-10-01
5.703,1788-11-01
0.023,1788-12-01
2.316,1789-01-01
5.112,1789-02-01
1.842,1789-03-01
6.64,1789-04-01
11.391,1789-05-01
12.758,1789-06-01
14.682,1789-07-01
15.087,1789-08-01
12.112,1789-09-01
8.214,1789-10-01
5.057,1789-11-01
6.317,1789-12-01
4.743,1790-01-01
6.804,1790-02-01
6.71,1790-03-01
5.508,1790-04-01
10.988,1790-05-01
13.316,1790-06-01
13.552,1790-07-01
13.927,1790-08-01
10.909,1790-09-01
9.077,1790-10-01
5.188,1790-11-01
4.28,1790-12-01
5.06,1791-01-01
4.791,1791-02-01
6.519,1791-03-01
8.59,1791-04-01
9.967,1791-05-01
12.655,1791-06-01
14.132,1791-07-01
14.481,1791-08-01
12.266,1791-09-01
8.094,1791-10-01
5.488,1791-11-01
2.104,1791-12-01
2.716,1792-01-01
4.702,1792-02-01
5.681,1792-03-01
9.347,1792-04-01
9.457,1792-05-01
12.054,1792-06-01
14.221,1792-07-01
14.76,1792-08-01
10.84,1792-09-01
8.288,1792-10-01
6.877,1792-11-01
4.47,1792-12-01
3.241,1793-01-01
5.272,1793-02-01
4.377,1793-03-01
5.852,1793-04-01
9.691,1793-05-01
12.13,1793-06-01
15.634,1793-07-01
13.827,1793-08-01
11.308,1793-09-01
10.406,1793-10-01
6.006,1793-11-01
5.284,1793-12-01
3.174,1794-01-01
6.499,1794-02-01
7.09,1794-03-01
9.229,1794-04-01
9.845,1794-05-01
13.578,1794-06-01
15.791,1794-07-01
13.658,1794-08-01
11.292,1794-09-01
8.523,1794-10-01
5.884,1794-11-01
3.728,1794-12-01
0.002,1795-01-01
1.799,1795-02-01
4.063,1795-03-01
7.711,1795-04-01
9.517,1795-05-01
11.818,1795-06-01
13.646,1795-07-01
14.735,1795-08-01
13.874,1795-09-01
10.522,1795-10-01
4.546,1795-11-01
6.49,1795-12-01
7.094,1796-01-01
5.049,1796-02-01
4.286,1796-03-01
8.957,1796-04-01
9.576,1796-05-01
12.657,1796-06-01
13.926,1796-07-01
14.599,1796-08-01
13.05,1796-09-01
7.653,1796-10-01
4.879,1796-11-01
0.583,1796-12-01
4.785,1797-01-01
5.746,1797-02-01
4.591,1797-03-01
6.922,1797-04-01
10.508,1797-05-01
11.865,1797-06-01
15.223,1797-07-01
14.074,1797-08-01
11.604,1797-09-01
7.737,1797-10-01
5.065,1797-11-01
4.945,1797-12-01
4.328,1798-01-01
4.365,1798-02-01
5.16,1798-03-01
9.421,1798-04-01
11.484,1798-05-01
14.669,1798-06-01
14.805,1798-07-01
14.72,1798-08-01
12.019,1798-09-01
8.85,1798-10-01
4.939,1798-11-01
2.41,1798-12-01
2.354,1799-01-01
2.729,1799-02-01
3.358,1799-03-01
4.873,1799-04-01
8.635,1799-05-01
12.074,1799-06-01
13.48,1799-07-01
12.727,1799-08-01
11.595,1799-09-01
7.64,1799-10-01
5.51,1799-11-01
1.606,1799-12-01
2.873,1800-01-01
2.75,1800-02-01
3.693,1800-03-01
8.425,1800-04-01
10.695,1800-05-01
11.346,1800-06-01
14.792,1800-07-01
14.724,1800-08-01
12.221,1800-09-01
8.459,1800-10-01
5.544,1800-11-01
3.565,1800-12-01
4.529,1801-01-01
4.276,1801-02-01
6.353,1801-03-01
7.43,1801-04-01
10.795,1801-05-01
12.553,1801-06-01
13.588,1801-07-01
14.796,1801-08-01
12.869,1801-09-01
9.448,1801-10-01
4.937,1801-11-01
2.51,1801-12-01
2.339,1802-01-01
3.92,1802-02-01
5.641,1802-03-01
7.795,1802-04-01
9.257,1802-05-01
12.502,1802-06-01
12.615,1802-07-01
15.116,1802-08-01
12.506,1802-09-01
9.271,1802-10-01
5.702,1802-11-01
3.969,1802-12-01
1.803,1803-01-01
2.934,1803-02-01
5.425,1803-03-01
8.178,1803-04-01
9.145,1803-05-01
12.023,1803-06-01
15.641,1803-07-01
14.36,1803-08-01
10.359,1803-09-01
8.311,1803-10-01
4.908,1803-11-01
3.9,1803-12-01
5.596,1804-01-01
2.956,1804-02-01
4.142,1804-03-01
5.95,1804-04-01
11.769,1804-05-01
13.908,1804-06-01
13.754,1804-07-01
13.699,1804-08-01
12.622,1804-09-01
9.228,1804-10-01
5.702,1804-11-01
2.153,1804-12-01
2.531,1805-01-01
3.719,1805-02-01
5.779,1805-03-01
6.93,1805-04-01
8.645,1805-05-01
11.345,1805-06-01
13.841,1805-07-01
14.402,1805-08-01
12.772,1805-09-01
7.153,1805-10-01
5.033,1805-11-01
3.701,1805-12-01
3.782,1806-01-01
4.277,1806-02-01
4.503,1806-03-01
5.545,1806-04-01
10.645,1806-05-01
12.781,1806-06-01
13.692,1806-07-01
14.163,1806-08-01
12.294,1806-09-01
9.036,1806-10-01
6.864,1806-11-01
6.065,1806-12-01
3.116,1807-01-01
3.709,1807-02-01
2.972,1807-03-01
6.434,1807-04-01
9.876,1807-05-01
12.216,1807-06-01
15.216,1807-07-01
15.216,1807-08-01
10.282,1807-09-01
9.653,1807-10-01
3.139,1807-11-01
2.888,1807-12-01
3.01,1808-01-01
2.777,1808-02-01
3.146,1808-03-01
5.079,1808-04-01
12.051,1808-05-01
12.861,1808-06-01
16.211,1808-07-01
14.683,1808-08-01
11.65,1808-09-01
6.5,1808-10-01
5.443,1808-11-01
2.158,1808-12-01
1.123,1809-01-01
5.284,1809-02-01
5.485,1809-03-01
4.477,1809-04-01
11.134,1809-05-01
11.975,1809-06-01
13.049,1809-07-01
13.372,1809-08-01
11.098,1809-09-01
9.191,1809-10-01
4.307,1809-11-01
3.929,1809-12-01
2.227,1810-01-01
3.204,1810-02-01
4.332,1810-03-01
6.99,1810-04-01
7.875,1810-05-01
12.616,1810-06-01
13.254,1810-07-01
13.454,1810-08-01
12.45,1810-09-01
8.431,1810-10-01
4.948,1810-11-01
3.504,1810-12-01
1.603,1811-01-01
4.294,1811-02-01
6.772,1811-03-01
7.307,1811-04-01
11.234,1811-05-01
12.659,1811-06-01
13.992,1811-07-01
13.192,1811-08-01
12.182,1811-09-01
10.468,1811-10-01
6.985,1811-11-01
3.573,1811-12-01
2.871,1812-01-01
4.877,1812-02-01
3.077,1812-03-01
4.674,1812-04-01
9.714,1812-05-01
11.87,1812-06-01
12.785,1812-07-01
13.508,1812-08-01
11.712,1812-09-01
8.354,1812-10-01
4.575,1812-11-01
1.785,1812-12-01
2.179,1813-01-01
5.383,1813-02-01
5.901,1813-03-01
7.105,1813-04-01
10.475,1813-05-01
12.414,1813-06-01
14.134,1813-07-01
13.486,1813-08-01
11.647,1813-09-01
7.326,1813-10-01
4.654,1813-11-01
3.365,1813-12-01
-1.474,1814-01-01
1.731,1814-02-01
2.927,1814-03-01
8.403,1814-04-01
8.237,1814-05-01
11.376,1814-06-01
14.111,1814-07-01
13.319,1814-08-01
11.567,1814-09-01
7.151,1814-10-01
4.908,1814-11-01
4.084,1814-12-01
0.943,1815-01-01
5.515,1815-02-01
6.009,1815-03-01
6.958,1815-04-01
10.643,1815-05-01
12.275,1815-06-01
13.387,1815-07-01
13.534,1815-08-01
11.676,1815-09-01
8.661,1815-10-01
3.872,1815-11-01
2.078,1815-12-01
2.983,1816-01-01
2.223,1816-02-01
3.603,1816-03-01
5.678,1816-04-01
8.865,1816-05-01
11.266,1816-06-01
12.256,1816-07-01
12.163,1816-08-01
10.604,1816-09-01
7.979,1816-10-01
3.935,1816-11-01
2.928,1816-12-01
4.618,1817-01-01
6.017,1817-02-01
4.952,1817-03-01
6.107,1817-04-01
7.954,1817-05-01
12.825,1817-06-01
12.728,1817-07-01
12.2,1817-08-01
11.909,1817-09-01
5.644,1817-10-01
7.557,1817-11-01
2.063,1817-12-01
3.983,1818-01-01
2.746,1818-02-01
4.137,1818-03-01
6.124,1818-04-01
10.222,1818-05-01
14.493,1818-06-01
15.602,1818-07-01
13.687,1818-08-01
11.805,1818-09-01
10.127,1818-10-01
8.197,1818-11-01
3.807,1818-12-01
4.228,1819-01-01
3.808,1819-02-01
5.55,1819-03-01
7.321,1819-04-01
10.305,1819-05-01
12.32,1819-06-01
14.816,1819-07-01
15.749,1819-08-01
12.193,1819-09-01
8.062,1819-10-01
3.964,1819-11-01
1.96,1819-12-01
0.258,1820-01-01
3.948,1820-02-01
4.607,1820-03-01
8.166,1820-04-01
10.411,1820-05-01
11.982,1820-06-01
13.977,1820-07-01
13.317,1820-08-01
11.1,1820-09-01
6.998,1820-10-01
5.114,1820-11-01
4.087,1820-12-01
3.872,1821-01-01
3.634,1821-02-01
5.616,1821-03-01
8.606,1821-04-01
8.684,1821-05-01
11.101,1821-06-01
13.198,1821-07-01
14.045,1821-08-01
13.028,1821-09-01
9.352,1821-10-01
7.31,1821-11-01
5.881,1821-12-01
4.733,1822-01-01
6.024,1822-02-01
7.565,1822-03-01
7.605,1822-04-01
11.298,1822-05-01
14.781,1822-06-01
14.201,1822-07-01
13.775,1822-08-01
10.894,1822-09-01
9.175,1822-10-01
7.431,1822-11-01
2.074,1822-12-01
0.573,1823-01-01
2.942,1823-02-01
5.079,1823-03-01
5.995,1823-04-01
10.827,1823-05-01
11.385,1823-06-01
12.956,1823-07-01
13.521,1823-08-01
11.31,1823-09-01
7.614,1823-10-01
6.771,1823-11-01
4.568,1823-12-01
4.615,1824-01-01
4.711,1824-02-01
4.618,1824-03-01
6.946,1824-04-01
9.501,1824-05-01
12.612,1824-06-01
14.632,1824-07-01
13.965,1824-08-01
12.395,1824-09-01
8.002,1824-10-01
6.205,1824-11-01
4.977,1824-12-01
4.441,1825-01-01
4.219,1825-02-01
4.946,1825-03-01
7.88,1825-04-01
10.238,1825-05-01
12.803,1825-06-01
15.434,1825-07-01
14.747,1825-08-01
13.433,1825-09-01
9.467,1825-10-01
5.006,1825-11-01
4.758,1825-12-01
1.158,1826-01-01
5.941,1826-02-01
5.817,1826-03-01
7.535,1826-04-01
10.377,1826-05-01
14.294,1826-06-01
15.966,1826-07-01
15.5,1826-08-01
12.327,1826-09-01
9.877,1826-10-01
4.905,1826-11-01
5.809,1826-12-01
2.178,1827-01-01
1.412,1827-02-01
5.33,1827-03-01
7.744,1827-04-01
10.635,1827-05-01
12.84,1827-06-01
14.83,1827-07-01
13.151,1827-08-01
12.137,1827-09-01
9.77,1827-10-01
5.815,1827-11-01
6.041,1827-12-01
4.391,1828-01-01
4.52,1828-02-01
6.016,1828-03-01
7.223,1828-04-01
10.323,1828-05-01
13.534,1828-06-01
14.409,1828-07-01
13.502,1828-08-01
12.53,1828-09-01
9.387,1828-10-01
7.03,1828-11-01
6.47,1828-12-01
0.796,1829-01-01
3.867,1829-02-01
4.39,1829-03-01
5.808,1829-04-01
10.884,1829-05-01
12.962,1829-06-01
13.81,1829-07-01
12.468,1829-08-01
10.096,1829-09-01
7.538,1829-10-01
4.318,1829-11-01
1.61,1829-12-01
1.049,1830-01-01
2.437,1830-02-01
6.754,1830-03-01
8.161,1830-04-01
10.427,1830-05-01
11.31,1830-06-01
14.356,1830-07-01
12.573,1830-08-01
10.839,1830-09-01
9.235,1830-10-01
6.493,1830-11-01
2.319,1830-12-01
2.19,1831-01-01
4.524,1831-02-01
6.315,1831-03-01
7.743,1831-04-01
9.811,1831-05-01
13.325,1831-06-01
14.702,1831-07-01
14.757,1831-08-01
11.823,1831-09-01
10.951,1831-10-01
5.161,1831-11-01
5.458,1831-12-01
3.582,1832-01-01
4.045,1832-02-01
5.227,1832-03-01
7.548,1832-04-01
9.273,1832-05-01
12.926,1832-06-01
13.715,1832-07-01
13.553,1832-08-01
11.7,1832-09-01
9.362,1832-10-01
5.662,1832-11-01
4.747,1832-12-01
1.964,1833-01-01
5.092,1833-02-01
3.616,1833-03-01
6.591,1833-04-01
12.57,1833-05-01
12.551,1833-06-01
14.022,1833-07-01
12.417,1833-08-01
10.994,1833-09-01
9.023,1833-10-01
5.948,1833-11-01
5.637,1833-12-01
5.842,1834-01-01
5.192,1834-02-01
6.398,1834-03-01
6.754,1834-04-01
11.313,1834-05-01
13.415,1834-06-01
15.34,1834-07-01
14.475,1834-08-01
12.446,1834-09-01
9.295,1834-10-01
6.401,1834-11-01
5.617,1834-12-01
3.789,1835-01-01
5.181,1835-02-01
5.273,1835-03-01
6.88,1835-04-01
9.348,1835-05-01
12.557,1835-06-01
14.29,1835-07-01
14.438,1835-08-01
11.632,1835-09-01
7.654,1835-10-01
6.121,1835-11-01
3.402,1835-12-01
3.679,1836-01-01
3.334,1836-02-01
5.344,1836-03-01
5.922,1836-04-01
9.795,1836-05-01
13.082,1836-06-01
13.531,1836-07-01
12.892,1836-08-01
10.071,1836-09-01
7.864,1836-10-01
4.893,1836-11-01
3.889,1836-12-01
3.09,1837-01-01
4.81,1837-02-01
2.277,1837-03-01
3.921,1837-04-01
8.303,1837-05-01
13.005,1837-06-01
14.436,1837-07-01
13.725,1837-08-01
11.216,1837-09-01
9.353,1837-10-01
5.058,1837-11-01
5.178,1837-12-01
-0.63,1838-01-01
0.52,1838-02-01
4.481,1838-03-01
4.782,1838-04-01
8.918,1838-05-01
12.04,1838-06-01
13.988,1838-07-01
13.288,1838-08-01
11.408,1838-09-01
8.518,1838-10-01
4.515,1838-11-01
4.252,1838-12-01
2.769,1839-01-01
3.953,1839-02-01
3.652,1839-03-01
5.616,1839-04-01
8.767,1839-05-01
12.452,1839-06-01
13.982,1839-07-01
13.089,1839-08-01
11.443,1839-09-01
8.522,1839-10-01
6.351,1839-11-01
3.768,1839-12-01
4.068,1840-01-01
3.528,1840-02-01
4.119,1840-03-01
8.43,1840-04-01
9.645,1840-05-01
12.301,1840-06-01
12.84,1840-07-01
14.366,1840-08-01
10.344,1840-09-01
7.136,1840-10-01
5.723,1840-11-01
1.905,1840-12-01
1.367,1841-01-01
2.942,1841-02-01
7.259,1841-03-01
6.983,1841-04-01
11.28,1841-05-01
11.423,1841-06-01
12.333,1841-07-01
13.365,1841-08-01
12.412,1841-09-01
7.618,1841-10-01
4.888,1841-11-01
4.398,1841-12-01
1.648,1842-01-01
4.569,1842-02-01
6.103,1842-03-01
7.053,1842-04-01
10.457,1842-05-01
13.692,1842-06-01
13.277,1842-07-01
15.35,1842-08-01
11.926,1842-09-01
7.038,1842-10-01
5.028,1842-11-01
6.722,1842-12-01
4.401,1843-01-01
2.221,1843-02-01
5.435,1843-03-01
7.162,1843-04-01
9.0,1843-05-01
11.298,1843-06-01
13.569,1843-07-01
14.121,1843-08-01
13.129,1843-09-01
7.368,1843-10-01
5.859,1843-11-01
7.029,1843-12-01
4.129,1844-01-01
2.18,1844-02-01
4.887,1844-03-01
8.881,1844-04-01
9.713,1844-05-01
12.597,1844-06-01
13.446,1844-07-01
12.412,1844-08-01
11.732,1844-09-01
8.272,1844-10-01
6.186,1844-11-01
1.229,1844-12-01
3.582,1845-01-01
1.575,1845-02-01
2.356,1845-03-01
7.489,1845-04-01
8.646,1845-05-01
13.157,1845-06-01
13.002,1845-07-01
12.451,1845-08-01
10.774,1845-09-01
8.829,1845-10-01
6.618,1845-11-01
4.23,1845-12-01
6.038,1846-01-01
6.563,1846-02-01
6.034,1846-03-01
6.969,1846-04-01
10.799,1846-05-01
15.76,1846-06-01
15.083,1846-07-01
15.233,1846-08-01
13.679,1846-09-01
9.049,1846-10-01
6.742,1846-11-01
1.234,1846-12-01
2.795,1847-01-01
2.673,1847-02-01
5.18,1847-03-01
5.901,1847-04-01
10.738,1847-05-01
12.278,1847-06-01
15.545,1847-07-01
13.909,1847-08-01
10.35,1847-09-01
9.345,1847-10-01
7.492,1847-11-01
4.438,1847-12-01
1.375,1848-01-01
5.479,1848-02-01
5.495,1848-03-01
6.952,1848-04-01
12.234,1848-05-01
12.386,1848-06-01
13.917,1848-07-01
12.175,1848-08-01
11.522,1848-09-01
8.568,1848-10-01
5.358,1848-11-01
5.025,1848-12-01
3.948,1849-01-01
5.695,1849-02-01
5.693,1849-03-01
5.711,1849-04-01
10.446,1849-05-01
11.941,1849-06-01
13.637,1849-07-01
13.604,1849-08-01
11.829,1849-09-01
8.163,1849-10-01
5.954,1849-11-01
3.476,1849-12-01
1.125,1850-01-01
6.23,1850-02-01
4.645,1850-03-01
7.622,1850-04-01
8.915,1850-05-01
13.451,1850-06-01
14.143,1850-07-01
13.076,1850-08-01
10.933,1850-09-01
7.167,1850-10-01
6.647,1850-11-01
4.745,1850-12-01
5.325,1851-01-01
4.706,1851-02-01
5.352,1851-03-01
6.472,1851-04-01
9.314,1851-05-01
12.626,1851-06-01
13.082,1851-07-01
13.819,1851-08-01
11.391,1851-09-01
9.58,1851-10-01
3.427,1851-11-01
4.91,1851-12-01
4.802,1852-01-01
4.591,1852-02-01
4.852,1852-03-01
7.211,1852-04-01
9.94,1852-05-01
12.133,1852-06-01
16.756,1852-07-01
14.584,1852-08-01
11.625,1852-09-01
7.579,1852-10-01
6.942,1852-11-01
6.685,1852-12-01
4.701,1853-01-01
1.032,1853-02-01
3.194,1853-03-01
6.777,1853-04-01
9.605,1853-05-01
13.089,1853-06-01
13.974,1853-07-01
13.406,1853-08-01
11.338,1853-09-01
8.996,1853-10-01
5.583,1853-11-01
1.908,1853-12-01
3.299,1854-01-01
4.273,1854-02-01
6.647,1854-03-01
7.773,1854-04-01
9.467,1854-05-01
11.956,1854-06-01
14.074,1854-07-01
14.008,1854-08-01
12.902,1854-09-01
8.461,1854-10-01
4.811,1854-11-01
4.467,1854-12-01
2.381,1855-01-01
-0.672,1855-02-01
3.246,1855-03-01
6.635,1855-04-01
7.891,1855-05-01
12.11,1855-06-01
14.969,1855-07-01
14.293,1855-08-01
11.851,1855-09-01
8.678,1855-10-01
5.041,1855-11-01
2.526,1855-12-01
3.436,1856-01-01
5.079,1856-02-01
4.291,1856-03-01
7.062,1856-04-01
8.328,1856-05-01
12.122,1856-06-01
13.598,1856-07-01
14.445,1856-08-01
10.975,1856-09-01
9.714,1856-10-01
4.897,1856-11-01
4.332,1856-12-01
2.809,1857-01-01
4.521,1857-02-01
4.917,1857-03-01
6.34,1857-04-01
9.993,1857-05-01
13.728,1857-06-01
14.681,1857-07-01
15.493,1857-08-01
13.33,1857-09-01
10.24,1857-10-01
7.233,1857-11-01
7.183,1857-12-01
4.135,1858-01-01
2.743,1858-02-01
4.726,1858-03-01
6.94,1858-04-01
9.506,1858-05-01
14.715,1858-06-01
13.109,1858-07-01
14.028,1858-08-01
12.959,1858-09-01
8.365,1858-10-01
4.386,1858-11-01
4.81,1858-12-01
4.773,1859-01-01
5.425,1859-02-01
6.744,1859-03-01
6.118,1859-04-01
10.346,1859-05-01
13.174,1859-06-01
15.69,1859-07-01
14.452,1859-08-01
11.58,1859-09-01
8.648,1859-10-01
5.054,1859-11-01
1.923,1859-12-01
3.451,1860-01-01
2.093,1860-02-01
4.312,1860-03-01
5.455,1860-04-01
10.219,1860-05-01
11.066,1860-06-01
13.03,1860-07-01
12.176,1860-08-01
10.349,1860-09-01
8.663,1860-10-01
4.59,1860-11-01
1.927,1860-12-01
2.163,1861-01-01
4.96,1861-02-01
5.864,1861-03-01
6.863,1861-04-01
9.438,1861-05-01
13.515,1861-06-01
13.768,1861-07-01
14.376,1861-08-01
11.946,1861-09-01
10.307,1861-10-01
4.346,1861-11-01
4.199,1861-12-01
3.928,1862-01-01
4.884,1862-02-01
5.023,1862-03-01
7.58,1862-04-01
10.87,1862-05-01
11.44,1862-06-01
12.352,1862-07-01
13.003,1862-08-01
11.855,1862-09-01
9.1,1862-10-01
3.698,1862-11-01
5.885,1862-12-01
4.647,1863-01-01
5.716,1863-02-01
6.216,1863-03-01
7.494,1863-04-01
9.295,1863-05-01
12.265,1863-06-01
13.444,1863-07-01
13.586,1863-08-01
10.307,1863-09-01
8.954,1863-10-01
6.927,1863-11-01
5.661,1863-12-01
2.679,1864-01-01
2.14,1864-02-01
4.386,1864-03-01
7.82,1864-04-01
10.472,1864-05-01
12.025,1864-06-01
13.777,1864-07-01
12.583,1864-08-01
11.748,1864-09-01
8.469,1864-10-01
5.465,1864-11-01
3.678,1864-12-01
2.491,1865-01-01
2.275,1865-02-01
3.031,1865-03-01
8.849,1865-04-01
10.917,1865-05-01
13.669,1865-06-01
14.717,1865-07-01
13.457,1865-08-01
14.562,1865-09-01
8.921,1865-10-01
6.272,1865-11-01
5.753,1865-12-01
5.307,1866-01-01
4.13,1866-02-01
4.086,1866-03-01
7.134,1866-04-01
8.649,1866-05-01
13.448,1866-06-01
13.891,1866-07-01
12.904,1866-08-01
11.19,1866-09-01
9.411,1866-10-01
6.357,1866-11-01
5.67,1866-12-01
1.235,1867-01-01
6.389,1867-02-01
3.116,1867-03-01
7.86,1867-04-01
9.517,1867-05-01
12.458,1867-06-01
12.932,1867-07-01
14.243,1867-08-01
12.203,1867-09-01
8.56,1867-10-01
5.592,1867-11-01
3.783,1867-12-01
3.488,1868-01-01
6.01,1868-02-01
6.333,1868-03-01
7.741,1868-04-01
11.584,1868-05-01
13.517,1868-06-01
16.124,1868-07-01
14.656,1868-08-01
12.578,1868-09-01
7.729,1868-10-01
4.801,1868-11-01
6.273,1868-12-01
5.153,1869-01-01
6.771,1869-02-01
3.657,1869-03-01
8.693,1869-04-01
8.195,1869-05-01
11.483,1869-06-01
15.06,1869-07-01
13.458,1869-08-01
12.492,1869-09-01
8.796,1869-10-01
5.774,1869-11-01
2.689,1869-12-01
3.293,1870-01-01
2.52,1870-02-01
4.59,1870-03-01
8.097,1870-04-01
10.26,1870-05-01
13.204,1870-06-01
15.306,1870-07-01
14.083,1870-08-01
12.015,1870-09-01
8.619,1870-10-01
4.852,1870-11-01
0.997,1870-12-01
1.138,1871-01-01
5.618,1871-02-01
6.665,1871-03-01
7.095,1871-04-01
9.8,1871-05-01
11.484,1871-06-01
13.843,1871-07-01
15.046,1871-08-01
11.583,1871-09-01
8.852,1871-10-01
3.979,1871-11-01
3.667,1871-12-01
4.617,1872-01-01
6.137,1872-02-01
6.252,1872-03-01
7.457,1872-04-01
8.799,1872-05-01
12.693,1872-06-01
15.122,1872-07-01
13.664,1872-08-01
11.754,1872-09-01
7.815,1872-10-01
6.247,1872-11-01
4.658,1872-12-01
4.873,1873-01-01
2.445,1873-02-01
5.044,1873-03-01
6.976,1873-04-01
8.769,1873-05-01
12.964,1873-06-01
14.648,1873-07-01
13.967,1873-08-01
10.861,1873-09-01
7.617,1873-10-01
6.01,1873-11-01
5.42,1873-12-01
5.185,1874-01-01
4.374,1874-02-01
6.361,1874-03-01
8.456,1874-04-01
8.744,1874-05-01
12.468,1874-06-01
15.141,1874-07-01
13.434,1874-08-01
12.065,1874-09-01
9.053,1874-10-01
5.691,1874-11-01
0.856,1874-12-01
5.552,1875-01-01
2.724,1875-02-01
4.885,1875-03-01
7.453,1875-04-01
10.757,1875-05-01
12.563,1875-06-01
13.304,1875-07-01
14.509,1875-08-01
13.176,1875-09-01
8.394,1875-10-01
5.043,1875-11-01
3.785,1875-12-01
3.567,1876-01-01
4.281,1876-02-01
4.187,1876-03-01
7.012,1876-04-01
8.825,1876-05-01
12.625,1876-06-01
15.153,1876-07-01
14.372,1876-08-01
11.388,1876-09-01
10.015,1876-10-01
5.808,1876-11-01
5.368,1876-12-01
4.902,1877-01-01
5.596,1877-02-01
4.494,1877-03-01
6.069,1877-04-01
8.037,1877-05-01
13.22,1877-06-01
13.352,1877-07-01
13.318,1877-08-01
10.335,1877-09-01
8.463,1877-10-01
6.639,1877-11-01
4.548,1877-12-01
4.42,1878-01-01
5.736,1878-02-01
5.255,1878-03-01
7.766,1878-04-01
10.41,1878-05-01
13.146,1878-06-01
14.877,1878-07-01
14.548,1878-08-01
12.237,1878-09-01
9.527,1878-10-01
3.867,1878-11-01
0.36,1878-12-01
0.428,1879-01-01
2.941,1879-02-01
4.225,1879-03-01
5.247,1879-04-01
7.906,1879-05-01
11.665,1879-06-01
12.378,1879-07-01
13.118,1879-08-01
11.184,1879-09-01
8.263,1879-10-01
4.574,1879-11-01
1.34,1879-12-01
2.319,1880-01-01
5.64,1880-02-01
6.065,1880-03-01
7.164,1880-04-01
9.374,1880-05-01
12.136,1880-06-01
13.626,1880-07-01
14.893,1880-08-01
13.21,1880-09-01
6.556,1880-10-01
5.138,1880-11-01
4.523,1880-12-01
-0.659,1881-01-01
3.0,1881-02-01
4.611,1881-03-01
6.153,1881-04-01
10.228,1881-05-01
11.854,1881-06-01
14.328,1881-07-01
12.338,1881-08-01
11.399,1881-09-01
7.116,1881-10-01
8.075,1881-11-01
3.872,1881-12-01
5.137,1882-01-01
5.974,1882-02-01
6.833,1882-03-01
6.985,1882-04-01
10.132,1882-05-01
11.701,1882-06-01
13.631,1882-07-01
13.567,1882-08-01
10.934,1882-09-01
9.003,1882-10-01
5.213,1882-11-01
2.85,1882-12-01
4.409,1883-01-01
5.512,1883-02-01
2.516,1883-03-01
7.164,1883-04-01
9.277,1883-05-01
12.138,1883-06-01
12.987,1883-07-01
13.624,1883-08-01
11.823,1883-09-01
8.709,1883-10-01
5.586,1883-11-01
4.513,1883-12-01
5.73,1884-01-01
5.097,1884-02-01
5.915,1884-03-01
6.328,1884-04-01
9.731,1884-05-01
12.107,1884-06-01
14.2,1884-07-01
14.907,1884-08-01
12.857,1884-09-01
8.584,1884-10-01
5.359,1884-11-01
4.028,1884-12-01
2.822,1885-01-01
5.129,1885-02-01
4.427,1885-03-01
6.817,1885-04-01
7.799,1885-05-01
12.077,1885-06-01
14.155,1885-07-01
12.24,1885-08-01
10.915,1885-09-01
6.618,1885-10-01
5.596,1885-11-01
3.788,1885-12-01
1.96,1886-01-01
1.899,1886-02-01
3.819,1886-03-01
6.572,1886-04-01
9.035,1886-05-01
11.801,1886-06-01
13.896,1886-07-01
13.816,1886-08-01
11.984,1886-09-01
9.956,1886-10-01
6.408,1886-11-01
2.054,1886-12-01
2.848,1887-01-01
4.327,1887-02-01
3.788,1887-03-01
5.694,1887-04-01
8.788,1887-05-01
13.781,1887-06-01
15.256,1887-07-01
13.683,1887-08-01
10.641,1887-09-01
6.704,1887-10-01
4.557,1887-11-01
2.772,1887-12-01
3.633,1888-01-01
2.157,1888-02-01
2.986,1888-03-01
5.607,1888-04-01
9.384,1888-05-01
11.525,1888-06-01
12.093,1888-07-01
12.537,1888-08-01
11.09,1888-09-01
7.743,1888-10-01
6.964,1888-11-01
4.852,1888-12-01
3.727,1889-01-01
3.111,1889-02-01
4.622,1889-03-01
6.228,1889-04-01
11.458,1889-05-01
13.716,1889-06-01
13.307,1889-07-01
13.172,1889-08-01
11.462,1889-09-01
7.905,1889-10-01
6.54,1889-11-01
3.649,1889-12-01
5.434,1890-01-01
3.56,1890-02-01
5.768,1890-03-01
6.486,1890-04-01
10.526,1890-05-01
12.221,1890-06-01
12.808,1890-07-01
12.893,1890-08-01
13.419,1890-09-01
9.049,1890-10-01
5.688,1890-11-01
0.847,1890-12-01
2.127,1891-01-01
5.057,1891-02-01
3.819,1891-03-01
5.452,1891-04-01
8.425,1891-05-01
12.916,1891-06-01
13.433,1891-07-01
12.816,1891-08-01
12.673,1891-09-01
8.548,1891-10-01
5.281,1891-11-01
4.287,1891-12-01
2.444,1892-01-01
3.519,1892-02-01
2.85,1892-03-01
6.515,1892-04-01
10.025,1892-05-01
11.678,1892-06-01
12.726,1892-07-01
13.516,1892-08-01
10.935,1892-09-01
6.485,1892-10-01
6.331,1892-11-01
2.228,1892-12-01
2.39,1893-01-01
4.491,1893-02-01
6.863,1893-03-01
8.937,1893-04-01
11.423,1893-05-01
13.747,1893-06-01
14.457,1893-07-01
15.358,1893-08-01
11.633,1893-09-01
8.927,1893-10-01
4.995,1893-11-01
4.66,1893-12-01
3.232,1894-01-01
4.844,1894-02-01
6.384,1894-03-01
8.604,1894-04-01
8.116,1894-05-01
12.093,1894-06-01
14.23,1894-07-01
12.907,1894-08-01
10.693,1894-09-01
8.191,1894-10-01
7.397,1894-11-01
4.824,1894-12-01
0.526,1895-01-01
-0.686,1895-02-01
5.052,1895-03-01
7.41,1895-04-01
10.901,1895-05-01
13.019,1895-06-01
13.431,1895-07-01
14.041,1895-08-01
13.999,1895-09-01
6.61,1895-10-01
6.849,1895-11-01
3.754,1895-12-01
4.715,1896-01-01
5.152,1896-02-01
6.308,1896-03-01
8.059,1896-04-01
10.956,1896-05-01
13.912,1896-06-01
14.337,1896-07-01
12.818,1896-08-01
11.722,1896-09-01
6.373,1896-10-01
4.839,1896-11-01
3.727,1896-12-01
1.848,1897-01-01
5.303,1897-02-01
5.943,1897-03-01
6.129,1897-04-01
8.821,1897-05-01
12.943,1897-06-01
14.512,1897-07-01
14.579,1897-08-01
10.923,1897-09-01
9.215,1897-10-01
7.195,1897-11-01
4.623,1897-12-01
6.313,1898-01-01
4.564,1898-02-01
4.339,1898-03-01
7.521,1898-04-01
8.849,1898-05-01
12.084,1898-06-01
13.516,1898-07-01
14.401,1898-08-01
13.632,1898-09-01
10.207,1898-10-01
6.492,1898-11-01
6.459,1898-12-01
4.28,1899-01-01
4.945,1899-02-01
5.042,1899-03-01
6.729,1899-04-01
8.658,1899-05-01
13.623,1899-06-01
15.129,1899-07-01
15.609,1899-08-01
11.906,1899-09-01
8.697,1899-10-01
8.161,1899-11-01
2.66,1899-12-01
4.296,1900-01-01
2.363,1900-02-01
3.601,1900-03-01
7.374,1900-04-01
9.268,1900-05-01
12.941,1900-06-01
15.249,1900-07-01
13.464,1900-08-01
12.327,1900-09-01
8.598,1900-10-01
6.574,1900-11-01
6.55,1900-12-01
3.695,1901-01-01
2.646,1901-02-01
4.143,1901-03-01
7.495,1901-04-01
10.398,1901-05-01
12.229,1901-06-01
15.787,1901-07-01
14.125,1901-08-01
12.649,1901-09-01
8.658,1901-10-01
5.296,1901-11-01
3.429,1901-12-01
4.466,1902-01-01
2.074,1902-02-01
6.266,1902-03-01
6.83,1902-04-01
7.747,1902-05-01
11.838,1902-06-01
12.756,1902-07-01
12.498,1902-08-01
11.664,1902-09-01
8.649,1902-10-01
6.742,1902-11-01
4.488,1902-12-01
3.909,1903-01-01
6.544,1903-02-01
6.343,1903-03-01
5.581,1903-04-01
9.656,1903-05-01
11.477,1903-06-01
13.389,1903-07-01
12.64,1903-08-01
11.797,1903-09-01
9.243,1903-10-01
6.134,1903-11-01
3.239,1903-12-01
4.15,1904-01-01
3.485,1904-02-01
4.314,1904-03-01
7.659,1904-04-01
9.429,1904-05-01
12.093,1904-06-01
14.569,1904-07-01
13.477,1904-08-01
11.458,1904-09-01
8.898,1904-10-01
5.511,1904-11-01
4.123,1904-12-01
4.105,1905-01-01
4.869,1905-02-01
6.314,1905-03-01
6.182,1905-04-01
9.619,1905-05-01
13.118,1905-06-01
15.139,1905-07-01
13.14,1905-08-01
11.341,1905-09-01
6.676,1905-10-01
4.941,1905-11-01
5.241,1905-12-01
5.073,1906-01-01
3.217,1906-02-01
4.713,1906-03-01
6.377,1906-04-01
8.956,1906-05-01
12.585,1906-06-01
13.796,1906-07-01
14.763,1906-08-01
12.608,1906-09-01
9.699,1906-10-01
7.178,1906-11-01
3.165,1906-12-01
3.899,1907-01-01
3.251,1907-02-01
6.17,1907-03-01
6.762,1907-04-01
9.188,1907-05-01
10.981,1907-06-01
12.6,1907-07-01
12.481,1907-08-01
12.25,1907-09-01
8.915,1907-10-01
6.205,1907-11-01
4.417,1907-12-01
3.116,1908-01-01
5.332,1908-02-01
4.328,1908-03-01
5.446,1908-04-01
10.928,1908-05-01
12.678,1908-06-01
13.953,1908-07-01
13.04,1908-08-01
11.816,1908-09-01
11.006,1908-10-01
7.071,1908-11-01
4.203,1908-12-01
3.819,1909-01-01
3.697,1909-02-01
3.528,1909-03-01
7.673,1909-04-01
9.61,1909-05-01
10.9,1909-06-01
13.073,1909-07-01
13.877,1909-08-01
10.902,1909-09-01
9.264,1909-10-01
4.839,1909-11-01
3.561,1909-12-01
3.544,1910-01-01
4.78,1910-02-01
5.998,1910-03-01
6.276,1910-04-01
9.876,1910-05-01
12.828,1910-06-01
12.73,1910-07-01
13.635,1910-08-01
11.588,1910-09-01
9.805,1910-10-01
3.761,1910-11-01
5.964,1910-12-01
4.113,1911-01-01
4.811,1911-02-01
5.015,1911-03-01
6.725,1911-04-01
11.425,1911-05-01
12.8,1911-06-01
15.698,1911-07-01
15.861,1911-08-01
12.51,1911-09-01
8.493,1911-10-01
5.642,1911-11-01
5.734,1911-12-01
3.83,1912-01-01
5.134,1912-02-01
6.77,1912-03-01
7.941,1912-04-01
10.308,1912-05-01
12.106,1912-06-01
13.964,1912-07-01
11.403,1912-08-01
10.187,1912-09-01
7.796,1912-10-01
5.907,1912-11-01
5.949,1912-12-01
4.257,1913-01-01
4.933,1913-02-01
5.593,1913-03-01
6.94,1913-04-01
10.021,1913-05-01
12.335,1913-06-01
13.042,1913-07-01
13.608,1913-08-01
12.578,1913-09-01
9.997,1913-10-01
7.776,1913-11-01
4.823,1913-12-01
3.775,1914-01-01
6.488,1914-02-01
5.674,1914-03-01
8.806,1914-04-01
9.578,1914-05-01
12.754,1914-06-01
14.147,1914-07-01
14.415,1914-08-01
12.083,1914-09-01
9.49,1914-10-01
6.3,1914-11-01
4.199,1914-12-01
3.9,1915-01-01
4.104,1915-02-01
5.071,1915-03-01
6.922,1915-04-01
9.325,1915-05-01
12.516,1915-06-01
13.091,1915-07-01
13.649,1915-08-01
12.103,1915-09-01
8.392,1915-10-01
3.539,1915-11-01
4.594,1915-12-01
6.939,1916-01-01
3.883,1916-02-01
3.359,1916-03-01
7.256,1916-04-01
9.973,1916-05-01
10.438,1916-06-01
13.495,1916-07-01
14.496,1916-08-01
11.85,1916-09-01
9.439,1916-10-01
6.673,1916-11-01
2.901,1916-12-01
2.133,1917-01-01
2.209,1917-02-01
3.4,1917-03-01
4.729,1917-04-01
10.933,1917-05-01
13.138,1917-06-01
14.346,1917-07-01
14.02,1917-08-01
12.58,1917-09-01
6.984,1917-10-01
7.619,1917-11-01
2.808,1917-12-01
3.611,1918-01-01
6.32,1918-02-01
5.682,1918-03-01
6.23,1918-04-01
11.219,1918-05-01
11.805,1918-06-01
13.705,1918-07-01
14.168,1918-08-01
10.408,1918-09-01
8.589,1918-10-01
5.583,1918-11-01
6.256,1918-12-01
3.357,1919-01-01
2.438,1919-02-01
3.534,1919-03-01
6.45,1919-04-01
11.411,1919-05-01
12.425,1919-06-01
12.627,1919-07-01
13.996,1919-08-01
11.618,1919-09-01
7.414,1919-10-01
3.037,1919-11-01
4.839,1919-12-01
4.71,1920-01-01
5.935,1920-02-01
6.535,1920-03-01
7.128,1920-04-01
10.321,1920-05-01
12.667,1920-06-01
12.697,1920-07-01
12.348,1920-08-01
11.749,1920-09-01
9.609,1920-10-01
6.967,1920-11-01
4.208,1920-12-01
6.483,1921-01-01
5.188,1921-02-01
6.662,1921-03-01
7.514,1921-04-01
10.055,1921-05-01
12.831,1921-06-01
15.78,1921-07-01
13.333,1921-08-01
12.675,1921-09-01
11.579,1921-10-01
4.996,1921-11-01
6.229,1921-12-01
3.753,1922-01-01
4.56,1922-02-01
4.808,1922-03-01
4.974,1922-04-01
10.876,1922-05-01
12.024,1922-06-01
12.223,1922-07-01
12.187,1922-08-01
10.943,1922-09-01
7.814,1922-10-01
6.077,1922-11-01
5.466,1922-12-01
5.647,1923-01-01
5.384,1923-02-01
6.227,1923-03-01
6.466,1923-04-01
8.17,1923-05-01
11.041,1923-06-01
15.125,1923-07-01
13.288,1923-08-01
11.073,1923-09-01
8.683,1923-10-01
3.582,1923-11-01
3.632,1923-12-01
4.604,1924-01-01
3.702,1924-02-01
4.051,1924-03-01
6.095,1924-04-01
9.785,1924-05-01
12.228,1924-06-01
13.467,1924-07-01
12.814,1924-08-01
11.813,1924-09-01
9.257,1924-10-01
6.937,1924-11-01
6.524,1924-12-01
5.258,1925-01-01
4.81,1925-02-01
4.861,1925-03-01
6.527,1925-04-01
10.073,1925-05-01
13.053,1925-06-01
14.911,1925-07-01
13.814,1925-08-01
10.299,1925-09-01
9.425,1925-10-01
4.087,1925-11-01
2.933,1925-12-01
4.696,1926-01-01
6.37,1926-02-01
6.082,1926-03-01
8.204,1926-04-01
8.945,1926-05-01
11.995,1926-06-01
14.962,1926-07-01
14.533,1926-08-01
12.81,1926-09-01
7.171,1926-10-01
5.814,1926-11-01
4.497,1926-12-01
4.581,1927-01-01
4.673,1927-02-01
6.817,1927-03-01
6.9,1927-04-01
9.471,1927-05-01
10.772,1927-06-01
14.119,1927-07-01
13.916,1927-08-01
11.061,1927-09-01
9.305,1927-10-01
5.789,1927-11-01
2.236,1927-12-01
4.865,1928-01-01
5.643,1928-02-01
5.568,1928-03-01
7.182,1928-04-01
9.447,1928-05-01
11.059,1928-06-01
14.056,1928-07-01
13.623,1928-08-01
11.541,1928-09-01
9.199,1928-10-01
7.182,1928-11-01
3.792,1928-12-01
2.112,1929-01-01
1.437,1929-02-01
6.303,1929-03-01
5.89,1929-04-01
10.043,1929-05-01
11.728,1929-06-01
14.22,1929-07-01
13.505,1929-08-01
13.745,1929-09-01
8.646,1929-10-01
6.496,1929-11-01
5.285,1929-12-01
5.131,1930-01-01
2.953,1930-02-01
4.881,1930-03-01
7.263,1930-04-01
9.59,1930-05-01
13.34,1930-06-01
13.598,1930-07-01
13.932,1930-08-01
12.306,1930-09-01
9.245,1930-10-01
5.945,1930-11-01
4.554,1930-12-01
3.627,1931-01-01
3.964,1931-02-01
3.997,1931-03-01
6.828,1931-04-01
10.017,1931-05-01
12.399,1931-06-01
13.752,1931-07-01
12.929,1931-08-01
10.668,1931-09-01
8.387,1931-10-01
7.404,1931-11-01
5.49,1931-12-01
6.179,1932-01-01
4.207,1932-02-01
4.946,1932-03-01
5.993,1932-04-01
9.271,1932-05-01
12.473,1932-06-01
14.223,1932-07-01
15.021,1932-08-01
11.879,1932-09-01
8.036,1932-10-01
6.465,1932-11-01
5.581,1932-12-01
2.977,1933-01-01
4.298,1933-02-01
7.005,1933-03-01
8.1,1933-04-01
10.528,1933-05-01
13.639,1933-06-01
15.891,1933-07-01
15.545,1933-08-01
13.548,1933-09-01
9.369,1933-10-01
5.766,1933-11-01
2.721,1933-12-01
4.839,1934-01-01
4.772,1934-02-01
4.868,1934-03-01
6.875,1934-04-01
9.978,1934-05-01
13.045,1934-06-01
15.921,1934-07-01
13.843,1934-08-01
12.978,1934-09-01
9.417,1934-10-01
6.091,1934-11-01
7.353,1934-12-01
4.794,1935-01-01
5.472,1935-02-01
6.436,1935-03-01
6.97,1935-04-01
9.043,1935-05-01
13.023,1935-06-01
14.88,1935-07-01
14.753,1935-08-01
12.028,1935-09-01
8.522,1935-10-01
6.328,1935-11-01
3.102,1935-12-01
3.694,1936-01-01
3.194,1936-02-01
6.442,1936-03-01
5.885,1936-04-01
9.979,1936-05-01
12.913,1936-06-01
13.945,1936-07-01
14.452,1936-08-01
12.973,1936-09-01
8.774,1936-10-01
5.777,1936-11-01
5.175,1936-12-01
5.033,1937-01-01
4.97,1937-02-01
3.448,1937-03-01
7.982,1937-04-01
10.751,1937-05-01
12.594,1937-06-01
14.183,1937-07-01
14.698,1937-08-01
12.122,1937-09-01
9.391,1937-10-01
5.731,1937-11-01
3.144,1937-12-01
5.346,1938-01-01
5.122,1938-02-01
8.539,1938-03-01
7.215,1938-04-01
9.47,1938-05-01
12.611,1938-06-01
13.449,1938-07-01
14.116,1938-08-01
12.469,1938-09-01
9.436,1938-10-01
8.258,1938-11-01
4.184,1938-12-01
4.026,1939-01-01
5.723,1939-02-01
5.747,1939-03-01
7.589,1939-04-01
10.108,1939-05-01
12.729,1939-06-01
13.684,1939-07-01
14.526,1939-08-01
12.874,1939-09-01
7.799,1939-10-01
7.7,1939-11-01
3.675,1939-12-01
0.308,1940-01-01
3.197,1940-02-01
5.69,1940-03-01
7.414,1940-04-01
11.152,1940-05-01
14.571,1940-06-01
13.437,1940-07-01
13.861,1940-08-01
11.437,1940-09-01
8.839,1940-10-01
6.627,1940-11-01
4.102,1940-12-01
1.075,1941-01-01
3.376,1941-02-01
4.68,1941-03-01
5.728,1941-04-01
8.36,1941-05-01
13.135,1941-06-01
15.129,1941-07-01
13.158,1941-08-01
13.304,1941-09-01
9.48,1941-10-01
6.28,1941-11-01
5.614,1941-12-01
1.957,1942-01-01
1.379,1942-02-01
4.762,1942-03-01
7.936,1942-04-01
9.708,1942-05-01
12.475,1942-06-01
13.791,1942-07-01
14.532,1942-08-01
12.086,1942-09-01
9.355,1942-10-01
5.437,1942-11-01
6.38,1942-12-01
4.727,1943-01-01
6.122,1943-02-01
6.667,1943-03-01
9.309,1943-04-01
10.455,1943-05-01
12.85,1943-06-01
14.388,1943-07-01
13.83,1943-08-01
11.883,1943-09-01
9.962,1943-10-01
6.139,1943-11-01
4.297,1943-12-01
5.899,1944-01-01
3.999,1944-02-01
5.369,1944-03-01
8.866,1944-04-01
10.025,1944-05-01
11.93,1944-06-01
14.48,1944-07-01
15.081,1944-08-01
11.233,1944-09-01
8.438,1944-10-01
5.765,1944-11-01
4.064,1944-12-01
1.073,1945-01-01
6.807,1945-02-01
7.876,1945-03-01
8.719,1945-04-01
10.58,1945-05-01
12.789,1945-06-01
14.808,1945-07-01
14.203,1945-08-01
12.972,1945-09-01
10.762,1945-10-01
7.338,1945-11-01
5.341,1945-12-01
3.597,1946-01-01
5.725,1946-02-01
5.297,1946-03-01
8.677,1946-04-01
9.669,1946-05-01
11.765,1946-06-01
14.307,1946-07-01
12.963,1946-08-01
12.451,1946-09-01
8.997,1946-10-01
7.371,1946-11-01
3.415,1946-12-01
2.699,1947-01-01
-0.546,1947-02-01
3.17,1947-03-01
7.494,1947-04-01
11.32,1947-05-01
13.442,1947-06-01
14.901,1947-07-01
16.604,1947-08-01
13.308,1947-09-01
10.078,1947-10-01
6.766,1947-11-01
5.065,1947-12-01
4.665,1948-01-01
4.781,1948-02-01
7.829,1948-03-01
8.104,1948-04-01
10.053,1948-05-01
12.146,1948-06-01
13.84,1948-07-01
13.21,1948-08-01
12.32,1948-09-01
9.128,1948-10-01
7.237,1948-11-01
5.647,1948-12-01
5.384,1949-01-01
5.744,1949-02-01
5.137,1949-03-01
8.786,1949-04-01
9.754,1949-05-01
13.123,1949-06-01
15.188,1949-07-01
14.785,1949-08-01
14.5,1949-09-01
10.691,1949-10-01
6.542,1949-11-01
5.349,1949-12-01
4.581,1950-01-01
5.031,1950-02-01
7.211,1950-03-01
6.668,1950-04-01
9.951,1950-05-01
14.162,1950-06-01
14.299,1950-07-01
13.942,1950-08-01
11.559,1950-09-01
8.88,1950-10-01
5.468,1950-11-01
1.678,1950-12-01
3.82,1951-01-01
3.672,1951-02-01
4.065,1951-03-01
5.975,1951-04-01
8.843,1951-05-01
12.109,1951-06-01
14.34,1951-07-01
13.343,1951-08-01
12.675,1951-09-01
9.258,1951-10-01
7.756,1951-11-01
5.412,1951-12-01
2.797,1952-01-01
3.895,1952-02-01
6.255,1952-03-01
8.419,1952-04-01
11.5,1952-05-01
12.422,1952-06-01
14.695,1952-07-01
14.218,1952-08-01
10.078,1952-09-01
8.322,1952-10-01
4.397,1952-11-01
3.457,1952-12-01
4.167,1953-01-01
4.85,1953-02-01
5.943,1953-03-01
6.422,1953-04-01
11.17,1953-05-01
12.751,1953-06-01
13.851,1953-07-01
14.402,1953-08-01
12.767,1953-09-01
9.405,1953-10-01
7.98,1953-11-01
6.765,1953-12-01
3.515,1954-01-01
2.973,1954-02-01
5.624,1954-03-01
7.067,1954-04-01
10.197,1954-05-01
11.949,1954-06-01
12.724,1954-07-01
12.942,1954-08-01
11.22,1954-09-01
10.437,1954-10-01
6.631,1954-11-01
6.2,1954-12-01
2.84,1955-01-01
1.679,1955-02-01
3.521,1955-03-01
8.432,1955-04-01
8.715,1955-05-01
12.165,1955-06-01
15.532,1955-07-01
15.889,1955-08-01
13.023,1955-09-01
8.535,1955-10-01
7.299,1955-11-01
5.205,1955-12-01
3.514,1956-01-01
1.035,1956-02-01
5.983,1956-03-01
6.104,1956-04-01
10.736,1956-05-01
11.753,1956-06-01
13.979,1956-07-01
12.109,1956-08-01
12.783,1956-09-01
8.945,1956-10-01
6.382,1956-11-01
5.87,1956-12-01
5.325,1957-01-01
4.998,1957-02-01
8.595,1957-03-01
8.003,1957-04-01
9.509,1957-05-01
13.302,1957-06-01
14.461,1957-07-01
13.732,1957-08-01
11.274,1957-09-01
9.808,1957-10-01
6.496,1957-11-01
4.631,1957-12-01
3.598,1958-01-01
4.408,1958-02-01
3.564,1958-03-01
6.766,1958-04-01
9.618,1958-05-01
12.139,1958-06-01
14.08,1958-07-01
14.121,1958-08-01
13.662,1958-09-01
10.063,1958-10-01
6.709,1958-11-01
4.549,1958-12-01
2.103,1959-01-01
4.761,1959-02-01
6.985,1959-03-01
8.142,1959-04-01
11.089,1959-05-01
13.317,1959-06-01
15.083,1959-07-01
15.345,1959-08-01
13.549,1959-09-01
11.336,1959-10-01
6.843,1959-11-01
5.589,1959-12-01
4.102,1960-01-01
3.887,1960-02-01
6.135,1960-03-01
8.204,1960-04-01
11.504,1960-05-01
14.115,1960-06-01
13.555,1960-07-01
13.527,1960-08-01
11.941,1960-09-01
9.439,1960-10-01
6.811,1960-11-01
3.817,1960-12-01
3.723,1961-01-01
6.683,1961-02-01
7.91,1961-03-01
8.544,1961-04-01
9.818,1961-05-01
12.649,1961-06-01
13.293,1961-07-01
13.627,1961-08-01
13.361,1961-09-01
9.844,1961-10-01
5.928,1961-11-01
2.64,1961-12-01
4.421,1962-01-01
4.7,1962-02-01
2.95,1962-03-01
6.81,1962-04-01
9.121,1962-05-01
12.179,1962-06-01
13.01,1962-07-01
12.895,1962-08-01
11.435,1962-09-01
9.872,1962-10-01
5.554,1962-11-01
2.981,1962-12-01
-0.47,1963-01-01
0.456,1963-02-01
5.733,1963-03-01
7.439,1963-04-01
9.28,1963-05-01
13.016,1963-06-01
13.35,1963-07-01
12.726,1963-08-01
11.657,1963-09-01
9.744,1963-10-01
7.186,1963-11-01
3.372,1963-12-01
4.128,1964-01-01
4.734,1964-02-01
4.471,1964-03-01
7.787,1964-04-01
11.486,1964-05-01
12.204,1964-06-01
14.12,1964-07-01
13.61,1964-08-01
12.591,1964-09-01
8.379,1964-10-01
6.988,1964-11-01
3.652,1964-12-01
3.479,1965-01-01
3.747,1965-02-01
5.074,1965-03-01
7.19,1965-04-01
10.112,1965-05-01
12.758,1965-06-01
12.3,1965-07-01
13.225,1965-08-01
11.303,1965-09-01
9.995,1965-10-01
4.546,1965-11-01
4.125,1965-12-01
3.207,1966-01-01
4.961,1966-02-01
6.373,1966-03-01
6.291,1966-04-01
9.921,1966-05-01
13.566,1966-06-01
13.297,1966-07-01
13.147,1966-08-01
12.714,1966-09-01
9.091,1966-10-01
5.239,1966-11-01
4.912,1966-12-01
4.5,1967-01-01
5.506,1967-02-01
6.573,1967-03-01
7.172,1967-04-01
9.114,1967-05-01
12.562,1967-06-01
14.664,1967-07-01
13.897,1967-08-01
12.351,1967-09-01
9.46,1967-10-01
5.741,1967-11-01
4.458,1967-12-01
4.413,1968-01-01
2.376,1968-02-01
6.067,1968-03-01
7.193,1968-04-01
8.599,1968-05-01
13.087,1968-06-01
13.385,1968-07-01
13.888,1968-08-01
12.553,1968-09-01
11.217,1968-10-01
6.423,1968-11-01
3.59,1968-12-01
5.216,1969-01-01
1.481,1969-02-01
3.573,1969-03-01
6.756,1969-04-01
9.752,1969-05-01
12.503,1969-06-01
14.849,1969-07-01
14.673,1969-08-01
12.627,1969-09-01
11.67,1969-10-01
4.892,1969-11-01
3.623,1969-12-01
3.863,1970-01-01
3.043,1970-02-01
3.904,1970-03-01
5.93,1970-04-01
11.126,1970-05-01
14.347,1970-06-01
13.416,1970-07-01
14.286,1970-08-01
12.88,1970-09-01
9.734,1970-10-01
7.093,1970-11-01
4.415,1970-12-01
4.648,1971-01-01
5.035,1971-02-01
5.217,1971-03-01
7.163,1971-04-01
10.394,1971-05-01
11.197,1971-06-01
14.763,1971-07-01
13.993,1971-08-01
13.036,1971-09-01
10.471,1971-10-01
6.106,1971-11-01
6.583,1971-12-01
4.081,1972-01-01
4.6,1972-02-01
6.147,1972-03-01
7.686,1972-04-01
9.561,1972-05-01
10.664,1972-06-01
13.874,1972-07-01
13.249,1972-08-01
10.738,1972-09-01
9.684,1972-10-01
5.955,1972-11-01
5.671,1972-12-01
4.804,1973-01-01
4.537,1973-02-01
6.287,1973-03-01
6.336,1973-04-01
9.936,1973-05-01
13.211,1973-06-01
13.96,1973-07-01
14.542,1973-08-01
12.696,1973-09-01
8.56,1973-10-01
5.816,1973-11-01
4.837,1973-12-01
5.928,1974-01-01
5.572,1974-02-01
5.529,1974-03-01
7.395,1974-04-01
9.951,1974-05-01
12.223,1974-06-01
13.414,1974-07-01
13.656,1974-08-01
10.851,1974-09-01
7.294,1974-10-01
6.28,1974-11-01
7.029,1974-12-01
6.084,1975-01-01
4.764,1975-02-01
4.743,1975-03-01
7.264,1975-04-01
8.965,1975-05-01
12.968,1975-06-01
15.06,1975-07-01
16.149,1975-08-01
11.944,1975-09-01
9.408,1975-10-01
6.163,1975-11-01
5.423,1975-12-01
5.382,1976-01-01
4.883,1976-02-01
4.839,1976-03-01
7.355,1976-04-01
10.48,1976-05-01
14.616,1976-06-01
15.991,1976-07-01
15.509,1976-08-01
11.991,1976-09-01
9.622,1976-10-01
6.082,1976-11-01
2.334,1976-12-01
3.119,1977-01-01
4.64,1977-02-01
6.523,1977-03-01
6.499,1977-04-01
9.608,1977-05-01
11.333,1977-06-01
14.114,1977-07-01
13.688,1977-08-01
11.762,1977-09-01
10.698,1977-10-01
5.895,1977-11-01
5.915,1977-12-01
3.421,1978-01-01
2.71,1978-02-01
6.155,1978-03-01
5.852,1978-04-01
10.451,1978-05-01
12.224,1978-06-01
12.963,1978-07-01
13.441,1978-08-01
12.62,1978-09-01
10.762,1978-10-01
7.793,1978-11-01
4.189,1978-12-01
1.1,1979-01-01
2.091,1979-02-01
4.401,1979-03-01
6.763,1979-04-01
8.606,1979-05-01
12.503,1979-06-01
14.183,1979-07-01
13.123,1979-08-01
12.011,1979-09-01
10.207,1979-10-01
6.364,1979-11-01
5.281,1979-12-01
2.871,1980-01-01
5.525,1980-02-01
4.661,1980-03-01
7.841,1980-04-01
10.239,1980-05-01
12.469,1980-06-01
13.094,1980-07-01
14.048,1980-08-01
13.106,1980-09-01
8.238,1980-10-01
6.252,1980-11-01
5.374,1980-12-01
4.691,1981-01-01
3.668,1981-02-01
6.804,1981-03-01
7.08,1981-04-01
10.272,1981-05-01
11.972,1981-06-01
13.856,1981-07-01
14.575,1981-08-01
13.096,1981-09-01
7.267,1981-10-01
7.112,1981-11-01
1.452,1981-12-01
3.314,1982-01-01
5.161,1982-02-01
5.848,1982-03-01
7.999,1982-04-01
10.555,1982-05-01
13.416,1982-06-01
14.649,1982-07-01
14.0,1982-08-01
12.565,1982-09-01
9.351,1982-10-01
7.04,1982-11-01
4.277,1982-12-01
6.203,1983-01-01
2.53,1983-02-01
6.152,1983-03-01
5.948,1983-04-01
9.018,1983-05-01
12.482,1983-06-01
16.569,1983-07-01
15.546,1983-08-01
12.11,1983-09-01
9.381,1983-10-01
7.326,1983-11-01
5.835,1983-12-01
3.382,1984-01-01
4.182,1984-02-01
4.7,1984-03-01
7.594,1984-04-01
9.116,1984-05-01
12.788,1984-06-01
14.787,1984-07-01
15.477,1984-08-01
12.017,1984-09-01
9.924,1984-10-01
7.507,1984-11-01
5.413,1984-12-01
1.685,1985-01-01
3.13,1985-02-01
4.545,1985-03-01
7.422,1985-04-01
9.734,1985-05-01
11.372,1985-06-01
14.28,1985-07-01
13.098,1985-08-01
12.776,1985-09-01
10.042,1985-10-01
4.081,1985-11-01
5.914,1985-12-01
3.609,1986-01-01
0.202,1986-02-01
4.978,1986-03-01
5.189,1986-04-01
9.791,1986-05-01
12.977,1986-06-01
13.984,1986-07-01
12.221,1986-08-01
10.499,1986-09-01
9.803,1986-10-01
7.274,1986-11-01
5.506,1986-12-01
1.694,1987-01-01
3.957,1987-02-01
4.175,1987-03-01
8.795,1987-04-01
9.135,1987-05-01
11.292,1987-06-01
14.094,1987-07-01
13.898,1987-08-01
12.124,1987-09-01
8.565,1987-10-01
6.561,1987-11-01
5.673,1987-12-01
4.89,1988-01-01
4.796,1988-02-01
5.809,1988-03-01
7.281,1988-04-01
10.561,1988-05-01
13.064,1988-06-01
13.239,1988-07-01
13.598,1988-08-01
12.003,1988-09-01
9.394,1988-10-01
5.834,1988-11-01
7.208,1988-12-01
6.556,1989-01-01
5.773,1989-02-01
6.797,1989-03-01
5.987,1989-04-01
11.516,1989-05-01
13.044,1989-06-01
16.076,1989-07-01
14.678,1989-08-01
12.93,1989-09-01
10.616,1989-10-01
6.438,1989-11-01
4.639,1989-12-01
6.31,1990-01-01
6.753,1990-02-01
7.816,1990-03-01
7.279,1990-04-01
11.479,1990-05-01
12.333,1990-06-01
14.998,1990-07-01
15.678,1990-08-01
11.827,1990-09-01
10.601,1990-10-01
6.56,1990-11-01
4.461,1990-12-01
3.666,1991-01-01
2.689,1991-02-01
7.239,1991-03-01
7.274,1991-04-01
9.975,1991-05-01
10.91,1991-06-01
15.299,1991-07-01
15.283,1991-08-01
12.955,1991-09-01
9.169,1991-10-01
6.451,1991-11-01
5.03,1991-12-01
4.483,1992-01-01
5.738,1992-02-01
6.799,1992-03-01
7.61,1992-04-01
11.824,1992-05-01
13.978,1992-06-01
14.355,1992-07-01
13.687,1992-08-01
11.876,1992-09-01
7.057,1992-10-01
6.843,1992-11-01
4.05,1992-12-01
5.458,1993-01-01
5.465,1993-02-01
6.276,1993-03-01
8.287,1993-04-01
10.173,1993-05-01
13.15,1993-06-01
13.465,1993-07-01
13.135,1993-08-01
11.376,1993-09-01
7.598,1993-10-01
4.958,1993-11-01
4.696,1993-12-01
4.92,1994-01-01
3.485,1994-02-01
6.624,1994-03-01
7.111,1994-04-01
9.57,1994-05-01
12.667,1994-06-01
15.473,1994-07-01
14.124,1994-08-01
11.531,1994-09-01
9.043,1994-10-01
9.277,1994-11-01
5.984,1994-12-01
4.514,1995-01-01
5.887,1995-02-01
5.002,1995-03-01
7.827,1995-04-01
10.424,1995-05-01
12.768,1995-06-01
15.967,1995-07-01
16.626,1995-08-01
12.257,1995-09-01
11.58,1995-10-01
7.532,1995-11-01
2.651,1995-12-01
4.656,1996-01-01
3.122,1996-02-01
4.48,1996-03-01
7.668,1996-04-01
8.516,1996-05-01
12.92,1996-06-01
14.44,1996-07-01
14.769,1996-08-01
12.561,1996-09-01
10.499,1996-10-01
5.577,1996-11-01
3.406,1996-12-01
3.224,1997-01-01
6.113,1997-02-01
7.696,1997-03-01
8.253,1997-04-01
10.412,1997-05-01
12.483,1997-06-01
14.922,1997-07-01
16.639,1997-08-01
12.615,1997-09-01
9.37,1997-10-01
8.179,1997-11-01
5.825,1997-12-01
5.221,1998-01-01
7.419,1998-02-01
7.405,1998-03-01
6.907,1998-04-01
11.503,1998-05-01
12.582,1998-06-01
13.922,1998-07-01
14.352,1998-08-01
13.245,1998-09-01
9.298,1998-10-01
6.073,1998-11-01
5.626,1998-12-01
5.487,1999-01-01
5.101,1999-02-01
6.796,1999-03-01
8.502,1999-04-01
11.488,1999-05-01
12.433,1999-06-01
15.613,1999-07-01
14.547,1999-08-01
13.986,1999-09-01
9.937,1999-10-01
7.572,1999-11-01
4.498,1999-12-01
5.243,2000-01-01
5.979,2000-02-01
7.094,2000-03-01
7.085,2000-04-01
10.928,2000-05-01
13.037,2000-06-01
13.827,2000-07-01
14.868,2000-08-01
13.193,2000-09-01
9.443,2000-10-01
6.507,2000-11-01
5.352,2000-12-01
3.662,2001-01-01
4.325,2001-02-01
4.929,2001-03-01
6.961,2001-04-01
11.47,2001-05-01
12.579,2001-06-01
14.772,2001-07-01
14.949,2001-08-01
12.262,2001-09-01
12.107,2001-10-01
7.519,2001-11-01
4.146,2001-12-01
6.007,2002-01-01
6.417,2002-02-01
6.987,2002-03-01
8.422,2002-04-01
10.756,2002-05-01
12.941,2002-06-01
14.119,2002-07-01
15.138,2002-08-01
13.067,2002-09-01
8.864,2002-10-01
7.986,2002-11-01
5.452,2002-12-01
4.53,2003-01-01
4.425,2003-02-01
7.216,2003-03-01
9.04,2003-04-01
10.9,2003-05-01
14.313,2003-06-01
15.859,2003-07-01
16.161,2003-08-01
13.111,2003-09-01
8.366,2003-10-01
7.932,2003-11-01
5.052,2003-12-01
5.39,2004-01-01
5.283,2004-02-01
6.384,2004-03-01
8.701,2004-04-01
11.176,2004-05-01
13.794,2004-06-01
14.198,2004-07-01
15.598,2004-08-01
13.316,2004-09-01
9.474,2004-10-01
7.648,2004-11-01
5.886,2004-12-01
6.154,2005-01-01
4.578,2005-02-01
6.917,2005-03-01
8.108,2005-04-01
10.206,2005-05-01
13.863,2005-06-01
14.889,2005-07-01
14.613,2005-08-01
13.668,2005-09-01
11.542,2005-10-01
6.291,2005-11-01
5.034,2005-12-01
4.782,2006-01-01
4.444,2006-02-01
4.78,2006-03-01
7.662,2006-04-01
10.882,2006-05-01
14.34,2006-06-01
17.285,2006-07-01
14.527,2006-08-01
14.761,2006-09-01
11.625,2006-10-01
7.85,2006-11-01
6.383,2006-12-01
6.661,2007-01-01
5.882,2007-02-01
6.882,2007-03-01
10.263,2007-04-01
10.725,2007-05-01
13.469,2007-06-01
13.861,2007-07-01
14.222,2007-08-01
12.61,2007-09-01
10.38,2007-10-01
7.384,2007-11-01
5.231,2007-12-01
6.133,2008-01-01
5.718,2008-02-01
5.906,2008-03-01
7.243,2008-04-01
12.198,2008-05-01
12.971,2008-06-01
14.935,2008-07-01
14.665,2008-08-01
12.43,2008-09-01
8.92,2008-10-01
6.885,2008-11-01
4.175,2008-12-01
3.93,2009-01-01
4.612,2009-02-01
6.735,2009-03-01
9.001,2009-04-01
11.06,2009-05-01
13.612,2009-06-01
14.787,2009-07-01
15.04,2009-08-01
13.049,2009-09-01
10.495,2009-10-01
7.74,2009-11-01
3.379,2009-12-01
2.156,2010-01-01
2.836,2010-02-01
5.798,2010-03-01
8.221,2010-04-01
10.105,2010-05-01
14.049,2010-06-01
15.245,2010-07-01
13.989,2010-08-01
12.762,2010-09-01
9.654,2010-10-01
5.206,2010-11-01
0.711,2010-12-01
4.085,2011-01-01
6.219,2011-02-01
6.496,2011-03-01
10.61,2011-04-01
11.232,2011-05-01
12.705,2011-06-01
13.972,2011-07-01
13.784,2011-08-01
13.53,2011-09-01
11.193,2011-10-01
9.319,2011-11-01
5.75,2011-12-01
5.47,2012-01-01
5.04,2012-02-01
8.098,2012-03-01
6.639,2012-04-01
10.574,2012-05-01
11.539,2012-06-01
13.75,2012-07-01
15.152,2012-08-01
12.055,2012-09-01
8.686,2012-10-01
6.601,2012-11-01
4.845,2012-12-01
4.354,2013-01-01
3.773,2013-02-01
3.351,2013-03-01
6.789,2013-04-01
9.605,2013-05-01
12.826,2013-06-01
16.26,2013-07-01
15.022,2013-08-01
15.022,2013-09-01
