dt,LandAvgTemp
1750-01-01,
1750-02-01,0.04900000000000038
1750-03-01,2.543
1750-04-01,2.864
1750-05-01,3.083
1750-06-01,1.363999999999999
1750-07-01,2.931000000000001
1750-08-01,-1.1180000000000003
1750-09-01,-3.3369999999999997
1750-11-01,-1.7975000000000003
1750-12-01,-1.7974999999999999
1751-01-01,-0.2769999999999997
1751-02-01,-1.532
1751-03-01,4.837
1751-04-01,1.87
1751-05-01,3.0785
1751-06-01,3.0785
1751-07-01,0.2889999999999997
1751-08-01,0.2889999999999997
1751-09-01,-3.7319999999999993
1751-10-01,-2.581249999999999
1751-11-01,-2.5812500000000007
1751-12-01,-2.5812499999999994
1752-01-01,-2.581250000000001
1752-02-01,2.729
1752-03-01,2.729
1752-04-01,2.4590000000000005
1752-05-01,-0.07099999999999973
1752-06-01,-0.07099999999999973
1752-07-01,-0.0710000000000015
1752-08-01,-0.07099999999999884
1752-09-01,-0.07100000000000062
1752-10-01,-0.07099999999999973
1752-11-01,-0.5040000000000004
1752-12-01,-2.2489999999999997
1753-01-01,-3.047
1753-02-01,-1.3240000000000003
1753-03-01,4.7090000000000005
1753-04-01,2.848
1753-05-01,3.9139999999999997
1753-06-01,2.399000000000001
1753-07-01,0.5069999999999997
1753-08-01,-0.9440000000000008
1753-09-01,-0.8260000000000005
1753-10-01,-4.359999999999999
1753-11-01,-3.609
1753-12-01,-4.794
1754-01-01,1.0150000000000001
1754-02-01,-2.8230000000000004
1754-03-01,4.926
1754-05-01,0.3260000000000005
1754-06-01,2.452
1754-07-01,0.29299999999999926
1754-08-01,-1.125
1754-09-01,-2.4269999999999996
1754-10-01,-1.5469999999999988
1754-11-01,-3.421000000000001
1754-12-01,-1.5739999999999998
1755-01-01,-3.5199999999999996
1755-02-01,-1.175
1755-03-01,3.7150000000000003
1755-05-01,3.6180000000000003
1755-06-01,2.4990000000000006
1755-07-01,-0.9830000000000005
1755-08-01,-0.8819999999999997
1755-09-01,-1.7420000000000009
1755-10-01,-1.802999999999999
1755-11-01,-4.0120000000000005
1755-12-01,-3.394
1756-01-01,1.323
1756-02-01,1.7790000000000004
1756-03-01,-1.4740000000000002
1756-05-01,4.122
1756-06-01,0.3830000000000009
1756-07-01,-0.641
1756-08-01,-0.4690000000000012
1756-09-01,-0.7850000000000001
1756-11-01,-3.0870000000000006
1756-12-01,-2.0599999999999996
1757-01-01,-2.441
1757-02-01,3.9800000000000004
1757-03-01,0.8249999999999997
1757-04-01,3.7170000000000005
1757-05-01,4.792999999999999
1757-06-01,4.075999999999999
1757-07-01,0.495000000000001
1757-08-01,0.3000000000000007
1757-09-01,-3.058
1757-11-01,-2.45
1757-12-01,-3.011
1758-01-01,-2.524
1758-02-01,2.309
1758-03-01,2.959
1758-04-01,3.445
1758-05-01,2.505
1758-06-01,3.4239999999999995
1758-07-01,0.7080000000000002
1758-08-01,-2.029
1758-09-01,-1.7899999999999991
1758-12-01,-3.706
1759-01-01,1.7650000000000001
1759-02-01,-0.9320000000000004
1759-03-01,0.4379999999999997
1759-04-01,1.463
1759-05-01,4.206
1759-06-01,3.3230000000000004
1759-07-01,-0.9860000000000007
1759-08-01,2.061
1759-09-01,-1.9610000000000003
1759-10-01,-4.359
1759-11-01,-3.9989999999999997
1759-12-01,-4.021
1760-01-01,-1.058
1760-02-01,3.247
1760-03-01,-0.5719999999999998
1760-05-01,3.2249999999999996
1760-06-01,1.2840000000000007
1760-07-01,0.9420000000000002
1760-08-01,1.0299999999999994
1760-09-01,-2.7200000000000006
1760-10-01,-4.4959999999999996
1760-11-01,-1.2649999999999997
1760-12-01,-2.883
1761-01-01,-1.9529999999999998
1761-02-01,2.135
1761-03-01,3.241
1761-04-01,1.3449999999999998
1761-06-01,3.370000000000001
1761-07-01,2.1999999999999993
1761-08-01,-3.6900000000000013
1761-09-01,-2.7959999999999994
1761-11-01,-2.138
1762-02-01,-2.0649999999999995
1762-03-01,-1.2730000000000001
1762-05-01,1.862
1762-06-01,2.6180000000000003
1762-07-01,1.221
1762-08-01,-0.7279999999999998
1762-09-01,-3.6660000000000004
1762-10-01,-4.170000000000001
1762-11-01,0.2110000000000003
1762-12-01,-3.2439999999999998
1763-01-01,-1.7540000000000002
1763-02-01,-0.598
1763-03-01,0.805
1763-05-01,2.83
1763-06-01,1.5700000000000003
1763-07-01,4.119999999999997
1763-08-01,-2.264999999999999
1763-09-01,-2.7479999999999993
1763-11-01,-0.9470000000000001
1763-12-01,-1.2040000000000002
1764-01-01,-1.6429999999999998
1764-02-01,4.420999999999999
1764-03-01,-0.641
1764-04-01,2.359
1764-05-01,3.295000000000001
1764-06-01,0.548
1764-07-01,0.7839999999999989
1764-08-01,-0.22499999999999964
1764-09-01,-1.5860000000000003
1764-10-01,-0.6850000000000005
1764-11-01,-4.219999999999999
1764-12-01,-0.476
1765-01-01,-1.5350000000000006
1765-02-01,0.052000000000000046
1765-03-01,3.027
1765-04-01,2.154
1765-05-01,1.721
1765-06-01,0.0990000000000002
1765-07-01,3.119999999999999
1765-08-01,-0.8330000000000002
1765-09-01,-2.126999999999999
1765-10-01,-3.0890000000000004
1765-11-01,-2.301
1765-12-01,-3.2039999999999997
1766-01-01,-3.192
1766-03-01,1.1660000000000004
1766-04-01,1.9449999999999994
1766-05-01,3.221
1766-06-01,2.4250000000000007
1766-07-01,-0.09800000000000075
1766-08-01,0.2029999999999994
1766-09-01,-1.5079999999999991
1766-10-01,-3.785
1766-11-01,-1.0110000000000001
1767-01-01,-2.976
1767-02-01,4.575
1767-03-01,3.0900000000000003
1767-04-01,-0.7440000000000007
1767-05-01,3.915
1767-06-01,3.9190000000000005
1767-07-01,-0.7509999999999994
1767-08-01,1.2359999999999989
1767-09-01,-2.921999999999999
1767-10-01,-2.6480000000000015
1767-11-01,-1.1119999999999992
1768-01-01,-3.269
1768-02-01,2.5860000000000003
1768-03-01,1.9400000000000002
1768-04-01,4.474
1768-05-01,2.146000000000001
1768-06-01,3.4239999999999995
1768-07-01,1.3849999999999998
1768-08-01,-1.5229999999999997
1768-09-01,-1.5280000000000005
1768-10-01,-3.0949999999999998
1768-11-01,-3.1479999999999997
1768-12-01,-1.9140000000000006
1769-01-01,-0.36199999999999966
1769-02-01,-0.14100000000000001
1769-03-01,2.406
1769-04-01,4.397
1769-05-01,3.905999999999999
1769-06-01,2.269
1769-07-01,-0.6809999999999992
1769-08-01,-0.9670000000000005
1769-09-01,-2.2439999999999998
1769-11-01,-2.5069999999999997
1769-12-01,-3.768
1770-01-01,2.952
1770-02-01,2.1310000000000002
1770-03-01,-2.4930000000000003
1770-05-01,0.20800000000000018
1770-06-01,1.888
1770-07-01,-0.2629999999999999
1770-08-01,-0.20800000000000018
1770-09-01,-0.6890000000000001
1770-10-01,-2.0630000000000006
1770-11-01,-2.869999999999999
1770-12-01,-1.0570000000000004
1771-01-01,0.367
1771-03-01,3.088
1771-04-01,2.9029999999999996
1771-05-01,3.909
1771-06-01,4.478
1771-07-01,-0.2759999999999998
1771-08-01,0.3760000000000012
1771-09-01,-2.841000000000001
1771-10-01,-1.0459999999999994
1771-12-01,-2.3940000000000006
1772-01-01,-1.269
1772-02-01,0.2250000000000001
1772-03-01,1.579
1772-05-01,0.673
1772-06-01,3.1159999999999997
1772-07-01,1.9339999999999993
1772-08-01,-0.48299999999999876
1772-09-01,-3.795
1772-10-01,-1.0350000000000001
1772-11-01,-1.532000000000001
1772-12-01,-2.224
1773-02-01,1.858
1773-03-01,3.0009999999999994
1773-04-01,4.992999999999999
1773-05-01,3.349
1773-06-01,0.0470000000000006
1773-07-01,1.673
1773-08-01,-0.8599999999999994
1773-09-01,-1.136000000000001
1773-10-01,-3.282
1773-12-01,1.722
1774-03-01,0.7290000000000001
1774-04-01,4.510000000000001
1774-06-01,-0.6539999999999981
1774-07-01,1.1500000000000004
1774-08-01,-2.4220000000000006
1774-09-01,-3.1630000000000003
1774-10-01,-2.346
1774-12-01,-2.719
1775-01-01,3.951
1775-02-01,2.1659999999999995
1775-03-01,1.3320000000000007
1775-04-01,0.19299999999999962
1775-05-01,3.446999999999999
1775-06-01,0.9150000000000009
1775-07-01,2.4049999999999994
1775-08-01,-0.2839999999999989
1775-09-01,-3.3390000000000004
1775-10-01,-0.7240000000000002
1775-11-01,-2.1929999999999996
1776-01-01,-2.09
1776-03-01,-0.17300000000000004
1776-04-01,2.7880000000000003
1776-05-01,3.0349999999999993
1776-06-01,4.089
1776-07-01,-0.4559999999999995
1776-08-01,0.7289999999999992
1776-09-01,-4.234999999999999
1776-10-01,-2.542
1776-11-01,-2.1900000000000004
1776-12-01,-0.8490000000000002
1777-01-01,1.0
1777-02-01,-1.1020000000000003
1777-03-01,0.6530000000000005
1777-04-01,0.79
1777-06-01,0.934000000000001
1777-07-01,0.41999999999999993
1777-08-01,0.07199999999999918
1777-09-01,-1.436
1777-10-01,-4.422999999999999
1777-11-01,-1.4270000000000005
1777-12-01,-2.4619999999999997
1778-01-01,-0.5460000000000003
1778-02-01,3.5730000000000004
1778-03-01,-1.4900000000000002
1778-05-01,0.3019999999999996
1778-06-01,0.4450000000000003
1778-07-01,3.306000000000001
1778-08-01,-2.168000000000001
1778-09-01,0.5080000000000009
1778-11-01,-4.194999999999999
1778-12-01,-1.7530000000000001
1779-01-01,-0.631
1779-02-01,3.67
1779-03-01,1.827
1779-04-01,2.998
1779-05-01,4.215
1779-06-01,-1.6329999999999991
1779-07-01,1.112
1779-08-01,0.1399999999999988
1779-09-01,-1.1159999999999997
1779-10-01,-3.333
1779-11-01,-3.58
1779-12-01,-3.5009999999999994
1780-01-01,0.246
1780-02-01,1.565
1780-03-01,1.6440000000000001
1780-05-01,2.0250000000000004
1780-06-01,-1.0099999999999998
1780-07-01,1.436
1780-08-01,-3.2360000000000007
1780-09-01,-4.103
1780-10-01,0.532
1780-11-01,-2.669999999999999
1780-12-01,-4.122
1781-01-01,-0.18300000000000027
1781-02-01,-0.1339999999999999
1781-03-01,2.5050000000000003
1781-04-01,2.151
1781-05-01,4.179
1781-06-01,0.5760000000000005
1781-07-01,2.6069999999999993
1781-08-01,-0.14400000000000013
1781-09-01,-3.8369999999999997
1781-10-01,-1.7569999999999997
1781-11-01,-1.024000000000001
1781-12-01,-4.234999999999999
1782-01-01,-2.9469999999999996
1782-02-01,0.298
1782-03-01,1.926
1782-05-01,2.372
1782-06-01,2.811
1782-07-01,0.12400000000000055
1782-08-01,1.7579999999999991
1782-09-01,-3.285
1782-10-01,-3.42
1782-11-01,-4.021999999999999
1782-12-01,-3.035
1783-01-01,-3.3520000000000003
1783-03-01,-0.4949999999999992
1783-04-01,3.7749999999999995
1783-05-01,3.245000000000001
1783-06-01,2.520999999999999
1783-07-01,-1.270999999999999
1783-08-01,0.9019999999999992
1783-09-01,-4.013
1783-10-01,-2.601
1783-12-01,0.028000000000000025
1784-01-01,0.3719999999999999
1784-02-01,-1.6070000000000002
1784-03-01,2.93
1784-04-01,4.222999999999999
1784-05-01,1.8710000000000004
1784-06-01,2.790000000000001
1784-07-01,2.1439999999999984
1784-08-01,0.9140000000000015
1784-10-01,-3.4299999999999997
1784-11-01,-2.279
1784-12-01,-1.1420000000000003
1785-01-01,-2.55
1785-02-01,0.17999999999999994
1785-03-01,1.2440000000000002
1785-04-01,4.09
1785-05-01,3.474
1785-06-01,3.891
1785-07-01,0.7240000000000002
1785-08-01,-0.002000000000000668
1785-09-01,-3.9689999999999994
1785-10-01,-3.146
1785-11-01,-1.8250000000000002
1785-12-01,-3.6529999999999996
1786-01-01,-1.1099999999999999
1786-02-01,1.8940000000000001
1786-03-01,2.9909999999999997
1786-04-01,3.67
1786-05-01,2.2650000000000006
1786-06-01,1.452
1786-07-01,2.2590000000000003
1786-08-01,-0.8390000000000004
1786-09-01,-2.2970000000000006
1786-10-01,-4.446
1786-11-01,-1.971
1787-01-01,2.111
1787-02-01,-0.28200000000000003
1787-03-01,2.1350000000000002
1787-04-01,3.074
1787-05-01,3.6310000000000002
1787-06-01,2.9659999999999993
1787-07-01,-0.9179999999999993
1787-08-01,0.1039999999999992
1787-09-01,-3.1980000000000004
1787-10-01,-2.584999999999999
1787-11-01,-1.971
1787-12-01,-4.005
1788-01-01,-1.061
1788-02-01,2.846
1788-03-01,1.7550000000000003
1788-04-01,3.378
1788-05-01,1.7140000000000004
1788-06-01,3.379999999999999
1788-07-01,2.66
1788-08-01,-2.583
1788-09-01,-2.186
1788-10-01,-2.3499999999999996
1788-11-01,-3.2380000000000004
1788-12-01,-4.859
1789-01-01,2.4539999999999997
1789-02-01,-2.0309999999999997
1789-03-01,2.314
1789-04-01,3.705
1789-05-01,3.9720000000000004
1789-06-01,1.8409999999999993
1789-07-01,1.955
1789-08-01,-1.6219999999999999
1789-09-01,-1.8219999999999992
1789-10-01,-4.628000000000001
1789-11-01,-1.4259999999999993
1789-12-01,-2.865
1790-01-01,-0.6550000000000002
1790-02-01,0.5289999999999999
1790-03-01,1.609
1790-04-01,1.471
1790-05-01,4.303999999999999
1790-06-01,3.389000000000001
1790-07-01,0.06599999999999895
1790-08-01,0.11300000000000132
1790-09-01,-2.692
1790-10-01,-2.6560000000000006
1790-11-01,-3.2459999999999996
1790-12-01,-2.5760000000000005
1791-01-01,-1.2619999999999998
1791-02-01,1.973
1791-03-01,1.3239999999999998
1791-04-01,4.337000000000001
1791-05-01,0.7319999999999993
1791-06-01,3.372
1791-07-01,0.3810000000000002
1791-08-01,0.13199999999999967
1791-09-01,-2.067
1791-10-01,-3.5969999999999995
1791-11-01,-1.8739999999999997
1791-12-01,-2.6800000000000006
1792-01-01,-3.178
1792-02-01,3.2720000000000002
1792-03-01,0.8090000000000002
1792-04-01,3.5649999999999995
1792-05-01,3.327
1792-06-01,2.26
1792-07-01,0.6310000000000002
1792-08-01,-1.9309999999999992
1792-09-01,0.20999999999999908
1792-10-01,-4.394
1792-11-01,-2.7909999999999995
1792-12-01,-1.9180000000000001
1793-01-01,-2.867
1793-02-01,4.224
1793-03-01,0.2969999999999997
1793-04-01,3.601000000000001
1793-05-01,2.4159999999999986
1793-06-01,2.0870000000000015
1793-07-01,1.1899999999999995
1793-08-01,-1.1760000000000002
1793-09-01,-1.1579999999999995
1793-10-01,-3.609
1793-11-01,-2.7270000000000003
1793-12-01,-3.6290000000000004
1794-01-01,1.673
1794-02-01,-0.10499999999999998
1794-03-01,2.0909999999999997
1794-04-01,3.671000000000001
1794-05-01,3.0089999999999986
1794-06-01,-0.3819999999999997
1794-07-01,0.8800000000000008
1794-08-01,0.6099999999999994
1794-09-01,-1.5879999999999992
1794-10-01,-2.7880000000000003
1794-11-01,-3.8240000000000007
1794-12-01,-2.3659999999999997
1795-01-01,-0.18700000000000028
1795-02-01,1.6589999999999998
1795-03-01,1.319
1795-04-01,3.2089999999999996
1795-05-01,2.1110000000000007
1795-06-01,2.2639999999999993
1795-07-01,1.0020000000000007
1795-08-01,-1.1549999999999994
1795-09-01,-2.0070000000000014
1795-10-01,-3.3469999999999995
1795-11-01,-2.5789999999999997
1795-12-01,-2.634
1796-01-01,0.2709999999999999
1796-02-01,-0.10799999999999965
1796-03-01,0.7409999999999997
1796-04-01,4.295999999999999
1796-05-01,3.5
1796-06-01,2.9429999999999996
1796-07-01,0.09800000000000075
1796-08-01,0.4079999999999995
1796-09-01,-2.709999999999999
1796-10-01,-3.088000000000001
1796-11-01,-3.2219999999999995
1796-12-01,-4.443
1797-01-01,3.137
1797-02-01,0.5609999999999999
1797-03-01,-0.9009999999999998
1797-04-01,2.5439999999999996
1797-05-01,3.817
1797-06-01,3.4350000000000005
1797-07-01,0.254999999999999
1797-08-01,-0.06700000000000017
1797-09-01,-1.5809999999999995
1797-10-01,-3.267999999999999
1797-11-01,-4.414000000000001
1797-12-01,-1.5020000000000002
1798-01-01,-0.5960000000000001
1798-02-01,0.5340000000000003
1798-03-01,3.795
1798-04-01,1.0750000000000002
1798-05-01,3.686
1798-06-01,1.4770000000000003
1798-07-01,1.705
1798-08-01,-0.19700000000000095
1798-09-01,-3.126999999999999
1798-10-01,-2.9720000000000013
1798-11-01,-2.6239999999999997
1798-12-01,-4.004
1799-01-01,-0.10400000000000009
1799-02-01,0.1549999999999998
1799-03-01,1.9080000000000004
1799-04-01,4.799999999999999
1799-05-01,2.567
1799-06-01,2.327
1799-07-01,1.189
1799-08-01,-0.7829999999999995
1799-09-01,-1.7750000000000004
1799-10-01,-2.705
1799-11-01,-3.702
1799-12-01,-2.417
1800-01-01,-0.6720000000000002
1800-02-01,0.819
1800-03-01,0.8180000000000001
1800-04-01,4.673
1800-05-01,1.9719999999999995
1800-06-01,2.5090000000000003
1800-07-01,0.15700000000000003
1800-08-01,-0.14400000000000013
1800-09-01,-2.824
1800-10-01,-1.3260000000000005
1800-11-01,-3.8969999999999994
1800-12-01,-1.7080000000000002
1801-01-01,-1.177
1801-02-01,0.4620000000000002
1801-03-01,3.306
1801-04-01,0.9489999999999998
1801-05-01,4.718999999999999
1801-06-01,0.41300000000000026
1801-07-01,2.1400000000000006
1801-08-01,-1.4890000000000008
1801-09-01,-1.7249999999999996
1801-10-01,-2.3629999999999995
1801-11-01,-3.3790000000000004
1801-12-01,-1.1419999999999995
1802-01-01,-0.8380000000000001
1802-02-01,-0.9120000000000004
1802-03-01,2.3729999999999998
1802-04-01,2.4220000000000006
1802-05-01,2.8340000000000005
1802-06-01,4.013999999999999
1802-07-01,0.15700000000000003
1802-08-01,-0.5890000000000004
1802-09-01,-2.2509999999999994
1802-10-01,-2.0410000000000004
1802-11-01,-4.212
1802-12-01,-2.6540000000000004
1803-01-01,-2.279
1803-02-01,0.8410000000000001
1803-03-01,3.432
1803-04-01,4.416
1803-05-01,2.5039999999999996
1803-06-01,2.026
1803-07-01,1.2850000000000001
1803-08-01,0.2599999999999998
1803-09-01,-3.0359999999999996
1803-10-01,-3.2110000000000003
1803-11-01,-3.1579999999999995
1803-12-01,-3.6340000000000003
1804-01-01,0.11799999999999988
1804-02-01,-0.5059999999999998
1804-03-01,2.4859999999999998
1804-05-01,2.049999999999999
1804-06-01,1.6669999999999998
1804-07-01,2.0
1804-08-01,-1.263
1804-09-01,-2.0429999999999993
1804-10-01,-3.186
1804-11-01,-2.1500000000000004
1804-12-01,-4.9079999999999995
1805-01-01,0.5979999999999999
1805-02-01,-0.2650000000000001
1805-03-01,3.203
1805-04-01,2.3629999999999995
1805-05-01,2.981
1805-06-01,2.923
1805-07-01,0.6750000000000007
1805-08-01,0.5679999999999996
1805-09-01,-3.231
1805-10-01,-4.403
1805-11-01,-3.0810000000000004
1805-12-01,-0.39699999999999935
1806-01-01,-1.2410000000000005
1806-02-01,0.020000000000000018
1806-03-01,1.754
1806-04-01,3.341
1806-05-01,3.471
1806-06-01,0.9149999999999991
1806-07-01,1.5050000000000008
1806-08-01,0.6699999999999999
1806-09-01,-2.0440000000000005
1806-10-01,-4.122999999999999
1806-11-01,-3.1950000000000003
1806-12-01,-1.242
1807-01-01,-2.934
1807-02-01,3.0390000000000006
1807-03-01,0.694
1807-04-01,2.183
1807-05-01,2.3599999999999994
1807-06-01,3.9619999999999997
1807-07-01,0.8450000000000006
1807-08-01,-0.3390000000000004
1807-09-01,-1.1839999999999993
1807-10-01,-3.758000000000001
1807-11-01,-2.8419999999999996
1807-12-01,-1.5939999999999994
1808-01-01,-3.29
1808-02-01,1.011
1808-03-01,2.219
1808-04-01,3.1210000000000004
1808-05-01,1.8749999999999991
1808-06-01,4.072000000000001
1808-07-01,1.0619999999999994
1808-08-01,-1.443999999999999
1808-09-01,-0.3360000000000003
1808-10-01,-4.739
1808-11-01,-3.460000000000001
1808-12-01,-3.6249999999999996
1809-01-01,-0.679
1809-02-01,0.648
1809-03-01,2.569
1809-04-01,4.408
1809-05-01,1.4100000000000001
1809-06-01,3.754999999999999
1809-07-01,-0.34199999999999875
1809-08-01,0.24899999999999878
1809-09-01,-1.9379999999999988
1809-10-01,-2.317
1809-12-01,-1.0220000000000002
1810-01-01,-1.189
1810-02-01,1.5030000000000001
1810-03-01,2.623
1810-04-01,1.5190000000000001
1810-05-01,2.5360000000000005
1810-06-01,2.8649999999999984
1810-07-01,0.6170000000000009
1810-08-01,-0.5099999999999998
1810-09-01,-2.5090000000000003
1810-10-01,-2.9000000000000004
1810-11-01,-2.8049999999999997
1810-12-01,-1.1669999999999998
1811-01-01,-1.286
1811-02-01,-0.9240000000000002
1811-03-01,3.251
1811-04-01,2.6009999999999995
1811-05-01,3.141
1811-06-01,2.694000000000001
1811-07-01,-0.18100000000000094
1811-08-01,1.370000000000001
1811-09-01,-2.958
1811-10-01,-3.7880000000000003
1811-11-01,-3.077
1811-12-01,-0.3290000000000002
1812-01-01,-2.197
1812-02-01,-0.846
1812-03-01,1.913
1812-04-01,4.906000000000001
1812-05-01,2.63
1812-06-01,2.4250000000000007
1812-07-01,2.3499999999999996
1812-08-01,0.6630000000000003
1812-09-01,-4.833
1812-10-01,-2.5920000000000005
1812-11-01,-3.224
1812-12-01,-3.021
1813-01-01,-2.733
1813-02-01,3.643
1813-03-01,-0.6619999999999999
1813-05-01,3.1850000000000005
1813-06-01,1.875
1813-07-01,1.279
1813-08-01,-1.4240000000000013
1813-09-01,-0.7579999999999991
1813-10-01,-3.673
1813-11-01,-1.8410000000000002
1813-12-01,-4.654
1814-01-01,-0.6689999999999998
1814-02-01,0.18700000000000006
1814-03-01,0.9750000000000001
1814-04-01,4.529
1814-05-01,2.224
1814-06-01,3.401
1814-07-01,-0.2859999999999996
1814-08-01,0.13599999999999923
1814-09-01,-1.991999999999999
1814-10-01,-3.3020000000000005
1814-11-01,-0.6349999999999998
1814-12-01,-0.9100000000000001
1815-01-01,-3.7779999999999996
1815-02-01,0.22199999999999998
1815-03-01,1.3899999999999997
1815-04-01,2.9250000000000003
1815-05-01,3.2570000000000006
1815-06-01,1.3170000000000002
1815-07-01,3.2319999999999993
1815-08-01,-1.1850000000000005
1815-09-01,-2.058
1815-10-01,-4.014
1815-11-01,-2.9589999999999996
1815-12-01,-2.957
1816-01-01,1.516
1816-02-01,-2.061
1816-03-01,3.2289999999999996
1816-04-01,3.701
1816-05-01,2.9879999999999995
1816-06-01,1.1959999999999997
1816-07-01,0.4770000000000003
1816-08-01,0.3030000000000008
1816-09-01,-2.1799999999999997
1816-10-01,-4.691000000000001
1816-11-01,-1.641
1816-12-01,-3.0999999999999996
1817-01-01,0.5820000000000001
1817-02-01,2.109
1817-03-01,0.9199999999999999
1817-04-01,3.3200000000000003
1817-05-01,1.5870000000000006
1817-06-01,1.811
1817-07-01,0.7849999999999984
1817-08-01,1.3310000000000013
1817-09-01,-4.591000000000001
1817-10-01,-2.608999999999999
1817-11-01,-1.5650000000000004
1817-12-01,-4.468
1818-01-01,1.034
1818-02-01,-0.44899999999999995
1818-03-01,4.8100000000000005
1818-04-01,4.335999999999999
1818-05-01,1.346
1818-06-01,2.5779999999999994
1818-07-01,-0.3149999999999995
1818-08-01,-0.3439999999999994
1818-09-01,-2.588000000000001
1818-10-01,-3.9239999999999995
1818-11-01,-1.6189999999999998
1818-12-01,-2.528
1819-01-01,-1.493
1819-02-01,1.272
1819-03-01,0.645
1819-04-01,4.098
1819-05-01,2.822000000000001
1819-06-01,2.674999999999999
1819-07-01,0.5120000000000005
1819-08-01,-0.48099999999999987
1819-09-01,-1.6630000000000003
1819-10-01,-1.5820000000000007
1819-11-01,-4.161999999999999
1819-12-01,-3.3080000000000003
1820-01-01,-0.6060000000000001
1820-02-01,0.909
1820-03-01,2.4730000000000003
1820-04-01,4.081999999999999
1820-05-01,2.92
1820-06-01,1.7030000000000012
1820-07-01,-0.012000000000000455
1820-08-01,-1.3330000000000002
1820-09-01,-0.8179999999999996
1820-10-01,-3.572
1820-11-01,-3.1450000000000005
1820-12-01,-3.17
1821-01-01,1.7260000000000002
1821-02-01,0.7589999999999999
1821-03-01,1.7039999999999997
1821-04-01,2.277
1821-05-01,3.561000000000001
1821-06-01,1.3079999999999998
1821-07-01,0.43099999999999916
1821-08-01,0.10599999999999987
1821-09-01,-2.9669999999999987
1821-10-01,-1.6430000000000007
1821-11-01,-2.934
1821-12-01,-2.884
1822-01-01,0.041999999999999815
1822-02-01,1.706
1822-03-01,3.322
1822-04-01,0.49100000000000055
1822-05-01,2.208
1822-06-01,2.5809999999999995
1822-07-01,1.1449999999999996
1822-08-01,-0.9969999999999999
1822-09-01,-2.5199999999999996
1822-10-01,-2.9210000000000003
1822-11-01,-3.2729999999999997
1822-12-01,-3.4800000000000004
1823-01-01,0.7370000000000001
1823-02-01,0.20799999999999996
1823-03-01,3.1019999999999994
1823-04-01,2.5970000000000004
1823-05-01,2.8980000000000006
1823-06-01,3.3949999999999996
1823-07-01,0.238999999999999
1823-08-01,-1.0669999999999984
1823-09-01,-2.9320000000000004
1823-10-01,-2.556
1823-11-01,-3.1340000000000003
1823-12-01,-2.537
1824-01-01,0.6799999999999997
1824-02-01,0.028000000000000025
1824-03-01,2.6780000000000004
1824-04-01,3.018
1824-05-01,2.7569999999999997
1824-06-01,2.295
1824-07-01,1.4030000000000005
1824-08-01,-1.3930000000000007
1824-09-01,-1.908999999999999
1824-10-01,-3.3310000000000013
1824-11-01,-2.3199999999999994
1824-12-01,-0.8010000000000002
1825-01-01,-1.8629999999999995
1825-02-01,-0.121
1825-03-01,2.273
1825-04-01,3.6229999999999993
1825-05-01,1.763
1825-06-01,3.014000000000001
1825-07-01,0.2419999999999991
1825-08-01,-0.7379999999999995
1825-09-01,-2.1210000000000004
1825-10-01,-3.1689999999999996
1825-11-01,-1.9210000000000003
1825-12-01,-3.021
1826-01-01,-1.144
1826-02-01,-0.3600000000000001
1826-03-01,3.355
1826-04-01,3.5150000000000006
1826-05-01,3.401
1826-06-01,1.2159999999999993
1826-07-01,1.4619999999999997
1826-08-01,-1.3729999999999993
1826-09-01,-1.9309999999999992
1826-10-01,-2.719000000000001
1826-11-01,-1.8249999999999993
1826-12-01,-1.758
1827-01-01,-1.2830000000000004
1827-02-01,0.8220000000000001
1827-03-01,1.726
1827-04-01,3.2880000000000003
1827-05-01,2.378
1827-06-01,1.7409999999999997
1827-07-01,1.1359999999999992
1827-08-01,-0.9899999999999984
1827-09-01,-2.8110000000000017
1827-10-01,-2.3729999999999993
1827-11-01,-2.231
1827-12-01,-3.557
1828-01-01,-2.127
1828-02-01,1.258
1828-03-01,3.8760000000000003
1828-04-01,3.008
1828-05-01,2.5440000000000005
1828-06-01,2.843
1828-07-01,0.2599999999999998
1828-08-01,-0.7490000000000006
1828-09-01,-3.5549999999999997
1828-10-01,-1.4239999999999995
1828-11-01,-2.6990000000000007
1828-12-01,-3.004
1829-01-01,-0.9209999999999998
1829-02-01,-0.31699999999999995
1829-03-01,3.346
1829-04-01,2.7540000000000004
1829-05-01,3.521
1829-06-01,1.5239999999999991
1829-07-01,1.3650000000000002
1829-08-01,-0.8260000000000005
1829-09-01,-2.8009999999999984
1829-10-01,-1.7920000000000016
1829-11-01,-3.802999999999999
1829-12-01,-2.551
1830-01-01,0.5049999999999999
1830-02-01,1.1280000000000001
1830-03-01,0.3689999999999998
1830-04-01,4.387
1830-05-01,1.3610000000000007
1830-06-01,2.625
1830-07-01,2.115
1830-08-01,-1.556000000000001
1830-09-01,-2.846
1830-10-01,-2.546999999999999
1830-11-01,-0.5
1830-12-01,-3.0120000000000005
1831-01-01,-2.299
1831-02-01,0.29700000000000015
1831-03-01,2.0789999999999997
1831-04-01,3.173
1831-05-01,3.263
1831-06-01,2.2089999999999996
1831-07-01,0.37700000000000067
1831-08-01,-1.0899999999999999
1831-09-01,-2.5440000000000005
1831-10-01,-2.1159999999999997
1831-11-01,-3.418
1831-12-01,-2.147
1832-01-01,-0.548
1832-02-01,0.11599999999999988
1832-03-01,2.817
1832-04-01,3.408999999999999
1832-05-01,2.4300000000000015
1832-06-01,2.3679999999999986
1832-07-01,0.870000000000001
1832-08-01,-1.761000000000001
1832-09-01,-1.5399999999999991
1832-10-01,-1.7919999999999998
1832-11-01,-4.372000000000001
1832-12-01,-3.4799999999999995
1833-01-01,1.2239999999999998
1833-02-01,0.8090000000000002
1833-03-01,1.706
1833-04-01,3.348
1833-05-01,2.7119999999999997
1833-06-01,2.468
1833-07-01,0.7540000000000013
1833-08-01,-0.5810000000000013
1833-09-01,-1.9859999999999989
1833-10-01,-3.3360000000000003
1833-11-01,-1.3040000000000003
1833-12-01,-4.038
1834-01-01,-2.2239999999999998
1834-02-01,1.995
1834-03-01,3.4069999999999996
1834-04-01,2.349000000000001
1834-05-01,3.148999999999999
1834-06-01,1.5649999999999995
1834-07-01,1.3979999999999997
1834-08-01,-0.7849999999999984
1834-09-01,-1.841000000000001
1834-10-01,-2.953999999999999
1834-11-01,-2.2620000000000005
1834-12-01,-3.2630000000000003
1835-01-01,-0.5409999999999999
1835-02-01,0.4159999999999999
1835-03-01,1.5399999999999996
1835-04-01,3.2620000000000005
1835-05-01,2.4019999999999992
1835-06-01,1.8360000000000003
1835-07-01,1.1219999999999999
1835-08-01,-0.8070000000000004
1835-09-01,-2.379999999999999
1835-10-01,-2.107
1835-11-01,-3.5229999999999997
1835-12-01,-3.1140000000000003
1836-01-01,0.472
1836-02-01,0.7010000000000001
1836-03-01,3.0770000000000004
1836-04-01,1.867
1836-05-01,2.9639999999999995
1836-06-01,2.2699999999999996
1836-07-01,1.0970000000000013
1836-08-01,-0.8160000000000007
1836-09-01,-2.0180000000000007
1836-10-01,-2.055999999999999
1836-11-01,-4.942
1836-12-01,-0.9540000000000002
1837-01-01,-0.9199999999999999
1837-02-01,0.6790000000000003
1837-03-01,1.246
1837-04-01,2.691
1837-05-01,3.4170000000000007
1837-06-01,2.1259999999999994
1837-07-01,1.4269999999999996
1837-08-01,-0.5079999999999991
1837-09-01,-2.213000000000001
1837-10-01,-3.152
1837-11-01,-3.484
1837-12-01,-1.8839999999999995
1838-01-01,-2.842
1838-02-01,2.12
1838-03-01,2.16
1838-04-01,3.66
1838-05-01,2.6019999999999994
1838-06-01,2.7570000000000014
1838-07-01,1.625
1838-08-01,-0.7990000000000013
1838-09-01,-2.4619999999999997
1838-10-01,-2.58
1838-11-01,-3.3659999999999997
1838-12-01,-2.547
1839-01-01,-0.45699999999999985
1839-02-01,1.326
1839-03-01,-0.8090000000000002
1839-05-01,2.3969999999999994
1839-06-01,2.2590000000000003
1839-07-01,1.8629999999999995
1839-08-01,-0.3409999999999993
1839-09-01,-3.2170000000000005
1839-10-01,-2.6340000000000003
1839-11-01,-4.2989999999999995
1839-12-01,-2.846
1840-01-01,1.4869999999999999
1840-02-01,-0.4590000000000001
1840-03-01,1.9380000000000002
1840-04-01,3.9029999999999996
1840-05-01,3.2300000000000004
1840-06-01,2.2379999999999995
1840-07-01,1.3030000000000008
1840-08-01,-1.6280000000000001
1840-09-01,-2.0760000000000005
1840-10-01,-3.505
1840-11-01,-3.404
1840-12-01,-2.192
1841-01-01,-1.26
1841-02-01,1.819
1841-03-01,0.839
1841-04-01,3.4629999999999996
1841-05-01,3.9939999999999998
1841-06-01,2.298
1841-07-01,1.4900000000000002
1841-08-01,-0.8439999999999994
1841-09-01,-2.787000000000001
1841-10-01,-2.155999999999999
1841-11-01,-4.021000000000001
1841-12-01,-2.1959999999999997
1842-01-01,-0.9120000000000001
1842-02-01,1.151
1842-03-01,2.963
1842-04-01,2.5600000000000005
1842-05-01,2.2249999999999996
1842-06-01,2.0939999999999994
1842-07-01,0.9550000000000001
1842-08-01,-0.34299999999999997
1842-09-01,-2.301
1842-10-01,-2.632999999999999
1842-11-01,-3.4830000000000005
1842-12-01,-1.0939999999999999
1843-01-01,-0.7559999999999998
1843-02-01,0.9459999999999997
1843-03-01,0.8239999999999998
1843-04-01,3.0860000000000003
1843-05-01,2.209999999999999
1843-06-01,2.49
1843-07-01,1.4610000000000003
1843-08-01,-0.6959999999999997
1843-09-01,-1.9689999999999994
1843-10-01,-2.604000000000001
1843-11-01,-3.7749999999999995
1843-12-01,-1.182
1844-01-01,-1.897
1844-02-01,0.1699999999999997
1844-03-01,2.696
1844-04-01,2.6550000000000002
1844-05-01,2.7199999999999998
1844-06-01,2.731
1844-07-01,1.0809999999999995
1844-08-01,-0.875
1844-09-01,-2.2269999999999985
1844-10-01,-2.1190000000000015
1844-11-01,-4.2989999999999995
1844-12-01,-2.51
1845-01-01,0.77
1845-02-01,-1.034
1845-03-01,3.024
1845-04-01,3.5069999999999997
1845-05-01,2.2750000000000004
1845-06-01,2.4299999999999997
1845-07-01,1.4560000000000013
1845-08-01,-0.7630000000000017
1845-09-01,-2.321999999999999
1845-10-01,-3.452
1845-11-01,-2.588
1845-12-01,-3.458
1846-01-01,1.477
1846-02-01,0.1629999999999998
1846-03-01,2.938
1846-04-01,1.1589999999999998
1846-05-01,3.423000000000001
1846-06-01,2.6339999999999986
1846-07-01,1.3930000000000007
1846-08-01,-0.8019999999999996
1846-09-01,-2.383000000000001
1846-10-01,-3.5090000000000003
1846-11-01,-3.1849999999999996
1846-12-01,-1.2679999999999998
1847-01-01,-1.0229999999999997
1847-02-01,0.8489999999999998
1847-03-01,0.4440000000000004
1847-04-01,3.934
1847-05-01,2.6419999999999995
1847-06-01,2.2059999999999995
1847-07-01,1.4220000000000006
1847-08-01,-0.8360000000000003
1847-09-01,-1.795
1847-10-01,-3.0009999999999994
1847-11-01,-3.0440000000000005
1847-12-01,-3.848
1848-01-01,-1.216
1848-02-01,3.216
1848-03-01,1.08
1848-04-01,3.3039999999999994
1848-05-01,2.4700000000000006
1848-06-01,2.667
1848-07-01,1.2189999999999994
1848-08-01,-1.1979999999999986
1848-09-01,-2.271000000000001
1848-10-01,-2.3420000000000005
1848-11-01,-3.3649999999999993
1848-12-01,-3.191
1849-01-01,-0.15800000000000014
1849-02-01,0.6969999999999998
1849-03-01,2.6639999999999997
1849-04-01,1.726
1849-05-01,3.131000000000001
1849-06-01,2.8409999999999993
1849-07-01,1.4580000000000002
1849-08-01,-0.8550000000000004
1849-09-01,-2.51
1849-10-01,-2.2029999999999994
1849-11-01,-3.112000000000001
1849-12-01,-3.8549999999999995
1850-01-01,-1.174
1850-02-01,2.322
1850-03-01,1.8829999999999996
1850-04-01,2.263
1850-05-01,2.787
1850-06-01,3.146000000000001
1850-07-01,1.3420000000000005
1850-08-01,-0.4530000000000012
1850-09-01,-2.533999999999999
1850-10-01,-3.4140000000000015
1850-11-01,-3.3579999999999997
1850-12-01,-1.9299999999999997
1851-01-01,-0.3719999999999999
1851-02-01,0.07699999999999996
1851-03-01,1.6840000000000002
1851-04-01,3.0949999999999998
1851-05-01,3.8259999999999996
1851-06-01,2.3049999999999997
1851-07-01,1.1130000000000013
1851-08-01,-0.7800000000000011
1851-09-01,-2.074
1851-10-01,-2.5549999999999997
1851-11-01,-4.149
1851-12-01,-1.8329999999999997
1852-01-01,-0.7640000000000002
1852-02-01,0.16400000000000015
1852-03-01,1.3439999999999999
1852-04-01,3.603
1852-05-01,3.6820000000000004
1852-06-01,1.9949999999999992
1852-07-01,1.3480000000000008
1852-08-01,-1.2080000000000002
1852-09-01,-1.8260000000000005
1852-10-01,-2.5679999999999996
1852-11-01,-4.317
1852-12-01,-0.8079999999999998
1853-01-01,-1.999
1853-02-01,0.44200000000000017
1853-03-01,1.85
1853-04-01,3.463
1853-05-01,3.4339999999999993
1853-06-01,2.4350000000000005
1853-07-01,1.2349999999999994
1853-08-01,-0.6920000000000002
1853-09-01,-2.2429999999999986
1853-10-01,-3.1750000000000007
1853-11-01,-3.752
1853-12-01,-1.9250000000000003
1854-01-01,-1.5770000000000002
1854-02-01,0.6600000000000001
1854-03-01,2.7570000000000006
1854-04-01,2.9239999999999995
1854-05-01,3.4730000000000008
1854-06-01,1.734
1854-07-01,1.8629999999999995
1854-08-01,-0.8030000000000008
1854-09-01,-2.375
1854-10-01,-1.7509999999999994
1854-11-01,-4.018
1854-12-01,-2.2880000000000003
1855-01-01,-0.935
1855-02-01,0.4600000000000004
1855-03-01,1.6349999999999998
1855-04-01,3.963
1855-05-01,2.606
1855-06-01,1.798
1855-07-01,0.9420000000000002
1855-08-01,-0.37899999999999956
1855-09-01,-2.4060000000000006
1855-10-01,-2.696999999999999
1855-11-01,-3.258000000000001
1855-12-01,-2.972
1856-01-01,0.5459999999999998
1856-02-01,-0.5339999999999998
1856-03-01,2.146
1856-04-01,3.3790000000000004
1856-05-01,2.778999999999999
1856-06-01,2.966000000000001
1856-07-01,0.5229999999999997
1856-08-01,-0.9979999999999993
1856-09-01,-2.0730000000000004
1856-10-01,-2.8610000000000007
1856-11-01,-2.7269999999999994
1856-12-01,-1.9790000000000005
1857-01-01,-1.5599999999999998
1857-02-01,0.6599999999999999
1857-03-01,1.8310000000000004
1857-04-01,2.5149999999999997
1857-05-01,3.058
1857-06-01,2.726000000000001
1857-07-01,1.3419999999999987
1857-08-01,-0.75
1857-09-01,-2.1470000000000002
1857-10-01,-2.8579999999999988
1857-11-01,-2.9620000000000006
1857-12-01,-1.7209999999999996
1858-01-01,-0.7760000000000002
1858-02-01,-0.45500000000000007
1858-03-01,2.55
1858-04-01,3.4160000000000004
1858-05-01,2.601000000000001
1858-06-01,2.1049999999999986
1858-07-01,0.7210000000000001
1858-08-01,-0.45699999999999896
1858-09-01,-2.072000000000001
1858-10-01,-2.337999999999999
1858-11-01,-2.8200000000000003
1858-12-01,-3.5460000000000003
1859-01-01,-0.4289999999999998
1859-02-01,0.5960000000000001
1859-03-01,2.4119999999999995
1859-04-01,3.519
1859-05-01,2.9139999999999997
1859-06-01,1.686
1859-07-01,0.6850000000000005
1859-08-01,-0.6099999999999994
1859-09-01,-2.1370000000000005
1859-10-01,-2.2460000000000004
1859-11-01,-2.9219999999999997
1859-12-01,-2.5469999999999997
1860-01-01,-1.2880000000000003
1860-02-01,0.5550000000000002
1860-03-01,0.8620000000000001
1860-04-01,4.266
1860-05-01,3.3019999999999996
1860-06-01,2.210000000000001
1860-07-01,0.9309999999999992
1860-08-01,-0.43799999999999883
1860-09-01,-1.873000000000001
1860-10-01,-3.1799999999999997
1860-11-01,-3.6849999999999996
1860-12-01,-3.3930000000000002
1861-01-01,-1.23
1861-02-01,1.733
1861-03-01,2.352
1861-04-01,2.998
1861-05-01,3.029
1861-06-01,2.5009999999999994
1861-07-01,0.9500000000000011
1861-08-01,-0.31099999999999994
1861-09-01,-2.247
1861-10-01,-2.934000000000001
1861-11-01,-2.768
1861-12-01,-2.8129999999999997
1862-01-01,-2.209
1862-02-01,1.0839999999999999
1862-03-01,2.716
1862-04-01,2.838
1862-05-01,3.4160000000000004
1862-06-01,2.1209999999999987
1862-07-01,1.0680000000000014
1862-08-01,-0.7400000000000002
1862-09-01,-2.16
1862-10-01,-2.745000000000001
1862-11-01,-3.4909999999999997
1862-12-01,-3.1689999999999996
1863-01-01,1.4109999999999998
1863-02-01,0.2190000000000003
1863-03-01,1.4290000000000003
1863-04-01,3.2489999999999997
1863-05-01,3.1499999999999995
1863-06-01,1.713000000000001
1863-07-01,0.9710000000000001
1863-08-01,-0.4710000000000001
1863-09-01,-2.064
1863-10-01,-2.995000000000001
1863-11-01,-2.842999999999999
1863-12-01,-2.7410000000000005
1864-01-01,-1.0999999999999999
1864-02-01,0.9549999999999998
1864-03-01,2.145
1864-04-01,2.864
1864-05-01,3.441
1864-06-01,2.4090000000000007
1864-07-01,0.7970000000000006
1864-08-01,-0.7280000000000015
1864-09-01,-2.064
1864-10-01,-2.5749999999999993
1864-11-01,-3.5629999999999997
1864-12-01,-2.966
1865-01-01,0.7090000000000001
1865-02-01,-0.823
1865-03-01,1.8869999999999996
1865-04-01,3.2750000000000004
1865-05-01,3.6029999999999998
1865-06-01,2.2970000000000006
1865-07-01,1.0060000000000002
1865-08-01,-0.6400000000000006
1865-09-01,-1.7829999999999995
1865-10-01,-2.6610000000000014
1865-11-01,-2.991999999999999
1865-12-01,-3.498
1866-01-01,0.28600000000000003
1866-02-01,-0.6579999999999999
1866-03-01,2.1470000000000002
1866-04-01,3.4929999999999994
1866-05-01,2.984
1866-06-01,1.955
1866-07-01,1.7490000000000006
1866-08-01,-1.0700000000000003
1866-09-01,-2.005000000000001
1866-10-01,-3.020999999999999
1866-11-01,-2.6110000000000007
1866-12-01,-1.7429999999999994
1867-01-01,-1.67
1867-02-01,0.18199999999999994
1867-03-01,1.7899999999999996
1867-04-01,3.8039999999999994
1867-05-01,2.237
1867-06-01,2.8080000000000016
1867-07-01,0.9199999999999999
1867-08-01,-0.7170000000000005
1867-09-01,-1.7430000000000003
1867-10-01,-2.551
1867-11-01,-2.2729999999999997
1867-12-01,-3.0020000000000002
1868-01-01,-2.1029999999999998
1868-02-01,0.20500000000000007
1868-03-01,2.499
1868-04-01,3.6449999999999996
1868-05-01,3.125
1868-06-01,1.854000000000001
1868-07-01,1.3519999999999985
1868-08-01,-0.7699999999999996
1868-09-01,-2.0749999999999993
1868-10-01,-2.221
1868-11-01,-4.256
1868-12-01,-1.8480000000000003
1869-01-01,-1.2289999999999996
1869-02-01,1.7489999999999997
1869-03-01,0.5099999999999998
1869-04-01,3.5470000000000006
1869-05-01,3.3739999999999997
1869-06-01,2.242000000000001
1869-07-01,0.7999999999999989
1869-08-01,-0.32699999999999996
1869-09-01,-1.763
1869-10-01,-3.2409999999999997
1869-11-01,-3.2330000000000005
1869-12-01,-3.0669999999999997
1870-01-01,-0.6240000000000001
1870-02-01,0.052000000000000046
1870-03-01,2.522
1870-04-01,3.223
1870-05-01,3.460000000000001
1870-06-01,2.314
1870-07-01,0.9459999999999997
1870-08-01,-1.1150000000000002
1870-09-01,-1.532
1870-10-01,-3.1419999999999995
1870-11-01,-3.210000000000001
1870-12-01,-3.3719999999999994
1871-01-01,-0.7810000000000001
1871-02-01,0.2889999999999999
1871-03-01,2.949
1871-04-01,3.6550000000000002
1871-05-01,2.4480000000000004
1871-06-01,2.292
1871-07-01,1.209999999999999
1871-08-01,-0.35799999999999876
1871-09-01,-2.221
1871-10-01,-2.615
1871-11-01,-3.9829999999999997
1871-12-01,-1.9500000000000006
1872-01-01,-1.511
1872-02-01,0.6980000000000002
1872-03-01,2.5719999999999996
1872-04-01,2.9240000000000004
1872-05-01,3.3520000000000003
1872-06-01,1.8569999999999993
1872-07-01,1.2300000000000004
1872-08-01,-0.4640000000000004
1872-09-01,-1.8629999999999995
1872-10-01,-2.718
1872-11-01,-3.8680000000000003
1872-12-01,-2.745
1873-01-01,-0.6139999999999999
1873-02-01,1.182
1873-03-01,1.509
1873-04-01,2.758
1873-05-01,3.5440000000000005
1873-06-01,2.398999999999999
1873-07-01,0.8820000000000014
1873-08-01,-0.532
1873-09-01,-2.2680000000000007
1873-10-01,-2.253
1873-11-01,-3.415
1873-12-01,-1.9729999999999999
1874-01-01,-1.161
1874-02-01,0.3839999999999999
1874-03-01,1.1520000000000001
1874-04-01,4.01
1874-05-01,3.0749999999999993
1874-06-01,2.0
1874-07-01,0.8160000000000007
1874-08-01,-0.3070000000000004
1874-09-01,-1.7039999999999988
1874-10-01,-2.9910000000000014
1874-11-01,-3.310999999999999
1874-12-01,-2.402
1875-01-01,-1.874
1875-02-01,0.726
1875-03-01,1.9970000000000003
1875-04-01,3.38
1875-05-01,3.1100000000000003
1875-06-01,2.4109999999999996
1875-07-01,0.9870000000000001
1875-08-01,-0.7430000000000003
1875-09-01,-2.081999999999999
1875-10-01,-2.734
1875-11-01,-3.971000000000001
1875-12-01,-1.9489999999999998
1876-01-01,-0.8089999999999999
1876-02-01,0.7609999999999999
1876-03-01,2.1310000000000002
1876-04-01,3.4509999999999996
1876-05-01,2.4909999999999997
1876-06-01,2.4410000000000007
1876-07-01,1.1880000000000006
1876-08-01,-0.838000000000001
1876-09-01,-1.7940000000000005
1876-10-01,-2.7409999999999997
1876-11-01,-3.8529999999999998
1876-12-01,-2.899
1877-01-01,0.09200000000000008
1877-02-01,0.6419999999999999
1877-03-01,2.3689999999999998
1877-04-01,2.742
1877-05-01,3.0169999999999995
1877-06-01,2.328000000000001
1877-07-01,1.2579999999999991
1877-08-01,-0.49099999999999966
1877-09-01,-2.0760000000000005
1877-10-01,-2.8019999999999996
1877-11-01,-2.925
1877-12-01,-3.352
1878-01-01,-0.9790000000000001
1878-02-01,1.7110000000000003
1878-03-01,2.8799999999999994
1878-04-01,2.2909999999999995
1878-05-01,2.1180000000000003
1878-06-01,2.779
1878-07-01,0.9460000000000015
1878-08-01,-0.6480000000000015
1878-09-01,-2.0009999999999994
1878-10-01,-2.92
1878-11-01,-2.7270000000000003
1878-12-01,-3.102
1879-01-01,-1.041
1879-02-01,0.43400000000000016
1879-03-01,2.1870000000000003
1879-04-01,2.8439999999999994
1879-05-01,3.035000000000001
1879-06-01,2.4269999999999996
1879-07-01,1.0079999999999991
1879-08-01,-0.9930000000000003
1879-09-01,-1.7959999999999994
1879-10-01,-2.2200000000000006
1879-11-01,-3.7029999999999994
1879-12-01,-2.988
1880-01-01,-0.7829999999999999
1880-02-01,0.29700000000000015
1880-03-01,2.578
1880-04-01,2.9290000000000003
1880-05-01,3.537
1880-06-01,2.231
1880-07-01,0.8140000000000001
1880-08-01,-0.33399999999999963
1880-09-01,-2.421000000000001
1880-10-01,-2.712999999999999
1880-11-01,-2.7800000000000002
1880-12-01,-2.787
1881-01-01,-0.645
1881-02-01,0.16500000000000004
1881-03-01,2.384
1881-04-01,3.3130000000000006
1881-05-01,2.8419999999999987
1881-06-01,1.58
1881-07-01,1.4580000000000002
1881-08-01,-0.49299999999999855
1881-09-01,-2.021000000000001
1881-10-01,-2.837999999999999
1881-11-01,-3.5790000000000006
1881-12-01,-2.076
1882-01-01,-0.20599999999999996
1882-02-01,0.24099999999999966
1882-03-01,1.8090000000000002
1882-04-01,2.651
1882-05-01,3.197
1882-06-01,1.9169999999999998
1882-07-01,0.9420000000000002
1882-08-01,-0.04400000000000048
1882-09-01,-1.9669999999999987
1882-10-01,-3.2910000000000004
1882-11-01,-3.3790000000000004
1882-12-01,-2.8609999999999998
1883-01-01,-0.7450000000000001
1883-02-01,0.39600000000000013
1883-03-01,3.0730000000000004
1883-04-01,2.7619999999999996
1883-05-01,3.141000000000001
1883-06-01,2.469999999999999
1883-07-01,0.7089999999999996
1883-08-01,-0.786999999999999
1883-09-01,-1.8810000000000002
1883-10-01,-2.4339999999999993
1883-11-01,-4.0040000000000004
1883-12-01,-1.6440000000000001
1884-01-01,-1.141
1884-02-01,0.3540000000000001
1884-03-01,1.4179999999999997
1884-04-01,3.294
1884-05-01,3.0120000000000005
1884-06-01,2.328999999999999
1884-07-01,1.0950000000000006
1884-08-01,-0.3650000000000002
1884-09-01,-2.0220000000000002
1884-10-01,-2.654
1884-11-01,-3.417
1884-12-01,-2.1359999999999997
1885-01-01,-2.0250000000000004
1885-02-01,1.24
1885-03-01,2.379
1885-04-01,2.7140000000000004
1885-05-01,3.231
1885-06-01,2.148999999999999
1885-07-01,1.2560000000000002
1885-08-01,-0.6209999999999987
1885-09-01,-1.9160000000000004
1885-10-01,-2.713000000000001
1885-11-01,-3.2969999999999997
1885-12-01,-1.7809999999999997
1886-01-01,-2.208
1886-02-01,0.357
1886-03-01,2.4689999999999994
1886-04-01,3.6470000000000002
1886-05-01,2.875000000000001
1886-06-01,2.004999999999999
1886-07-01,1.4370000000000012
1886-08-01,-0.9030000000000005
1886-09-01,-1.7230000000000008
1886-10-01,-2.9960000000000004
1886-11-01,-3.3779999999999992
1886-12-01,-1.7240000000000002
1887-01-01,-2.678
1887-02-01,1.23
1887-03-01,2.4979999999999998
1887-04-01,3.237
1887-05-01,3.051
1887-06-01,2.0500000000000007
1887-07-01,1.1310000000000002
1887-08-01,-0.9240000000000013
1887-09-01,-1.3899999999999988
1887-10-01,-2.969000000000001
1887-11-01,-3.146
1887-12-01,-2.7169999999999996
1888-01-01,-1.167
1888-02-01,0.3310000000000002
1888-03-01,2.2609999999999997
1888-04-01,3.545
1888-05-01,2.7749999999999995
1888-06-01,2.301
1888-07-01,1.3210000000000015
1888-08-01,-0.7310000000000016
1888-09-01,-1.8259999999999987
1888-10-01,-2.484
1888-11-01,-3.4090000000000007
1888-12-01,-2.57
1889-01-01,-1.46
1889-02-01,1.6469999999999998
1889-03-01,1.8900000000000006
1889-04-01,3.29
1889-05-01,2.6530000000000005
1889-06-01,2.0459999999999994
1889-07-01,0.9369999999999994
1889-08-01,-0.7210000000000001
1889-09-01,-1.956999999999999
1889-10-01,-2.6820000000000004
1889-11-01,-3.8660000000000005
1889-12-01,-1.8999999999999995
1890-01-01,-1.2630000000000001
1890-02-01,0.6799999999999999
1890-03-01,1.694
1890-04-01,3.529
1890-05-01,2.7250000000000005
1890-06-01,2.4079999999999995
1890-07-01,1.1620000000000008
1890-08-01,-0.7680000000000007
1890-09-01,-1.7200000000000006
1890-10-01,-2.3679999999999986
1890-11-01,-4.148000000000001
1890-12-01,-2.0610000000000004
1891-01-01,-1.291
1891-02-01,0.20199999999999996
1891-03-01,2.875
1891-04-01,2.8630000000000004
1891-05-01,3.167
1891-06-01,2.1029999999999998
1891-07-01,1.0419999999999998
1891-08-01,-0.4339999999999993
1891-09-01,-1.7330000000000005
1891-10-01,-3.0410000000000004
1891-11-01,-3.6069999999999993
1891-12-01,-1.5130000000000003
1892-01-01,-1.584
1892-02-01,0.7870000000000004
1892-03-01,1.557
1892-04-01,3.2
1892-05-01,3.0599999999999996
1892-06-01,2.641
1892-07-01,0.6270000000000007
1892-08-01,-0.47000000000000064
1892-09-01,-1.6560000000000006
1892-10-01,-2.474
1892-11-01,-4.430999999999999
1892-12-01,-1.924
1893-01-01,-2.435
1893-02-01,1.154
1893-03-01,3.325
1893-04-01,3.0149999999999997
1893-05-01,2.753
1893-06-01,2.3040000000000003
1893-07-01,1.2669999999999995
1893-08-01,-0.863999999999999
1893-09-01,-1.6870000000000012
1893-10-01,-2.6069999999999993
1893-11-01,-3.258
1893-12-01,-2.7470000000000003
1894-01-01,-1.4639999999999997
1894-02-01,1.232
1894-03-01,2.1950000000000003
1894-04-01,2.545
1894-05-01,3.2810000000000006
1894-06-01,1.9139999999999997
1894-07-01,1.145999999999999
1894-08-01,-0.516
1894-09-01,-1.9079999999999995
1894-10-01,-2.455
1894-11-01,-3.7199999999999998
1894-12-01,-2.2720000000000002
1895-01-01,-1.838
1895-02-01,0.7050000000000001
1895-03-01,2.689
1895-04-01,3.558
1895-05-01,2.620000000000001
1895-06-01,2.190999999999999
1895-07-01,0.995000000000001
1895-08-01,-0.5640000000000001
1895-09-01,-1.7460000000000004
1895-10-01,-2.6259999999999994
1895-11-01,-3.373000000000001
1895-12-01,-2.2819999999999996
1896-01-01,-1.1710000000000003
1896-02-01,0.4159999999999999
1896-03-01,1.572
1896-04-01,3.051
1896-05-01,3.5630000000000006
1896-06-01,2.4109999999999996
1896-07-01,0.9290000000000003
1896-08-01,-0.609
1896-09-01,-1.8000000000000007
1896-10-01,-2.4079999999999995
1896-11-01,-4.050000000000001
1896-12-01,-2.054
1897-01-01,-1.4189999999999998
1897-02-01,0.5359999999999998
1897-03-01,1.916
1897-04-01,3.9330000000000007
1897-05-01,3.099
1897-06-01,1.9420000000000002
1897-07-01,0.9909999999999997
1897-08-01,-0.6420000000000012
1897-09-01,-1.7429999999999986
1897-10-01,-2.7280000000000015
1897-11-01,-3.5889999999999995
1897-12-01,-2.437
1898-01-01,-0.4339999999999997
1898-02-01,-0.383
1898-03-01,1.3969999999999998
1898-04-01,4.156000000000001
1898-05-01,2.928000000000001
1898-06-01,2.5599999999999987
1898-07-01,0.7430000000000003
1898-08-01,-0.5589999999999993
1898-09-01,-1.8260000000000005
1898-10-01,-2.9250000000000007
1898-11-01,-3.3759999999999994
1898-12-01,-2.045
1899-01-01,-0.8919999999999999
1899-02-01,-0.13500000000000023
1899-03-01,2.2380000000000004
1899-04-01,3.6630000000000003
1899-05-01,2.741999999999999
1899-06-01,1.8330000000000002
1899-07-01,1.3030000000000008
1899-08-01,-0.38200000000000145
1899-09-01,-1.6489999999999991
1899-10-01,-2.7189999999999994
1899-11-01,-2.8040000000000003
1899-12-01,-3.6000000000000005
01-01-1900,-1.5439999999999998
01-02-1900,1.6369999999999998
01-03-1900,2.394
01-04-1900,2.7310000000000008
01-05-1900,3.161999999999999
01-06-1900,1.9079999999999995
01-07-1900,0.8780000000000001
01-08-1900,-0.35499999999999865
01-09-1900,-1.8610000000000007
01-10-1900,-2.2889999999999997
01-11-1900,-3.862
01-12-1900,-2.1490000000000005
01-01-1901,-1.464
01-02-1901,0.9010000000000002
01-03-1901,2.579
01-04-1901,2.851
01-05-1901,2.6560000000000006
01-06-1901,2.244999999999999
01-07-1901,0.9160000000000004
01-08-1901,-0.5500000000000007
01-09-1901,-1.8049999999999997
01-10-1901,-2.981
01-11-1901,-3.027
01-12-1901,-2.641
01-01-1902,-0.6509999999999998
01-02-1902,0.9219999999999997
01-03-1902,1.2770000000000001
01-04-1902,3.0730000000000004
01-05-1902,2.9370000000000003
01-06-1902,2.3209999999999997
01-07-1902,1.0169999999999995
01-08-1902,-0.6319999999999997
01-09-1902,-1.8000000000000007
01-10-1902,-2.9979999999999993
01-11-1902,-3.527
01-12-1902,-2.561
01-01-1903,-0.1990000000000003
01-02-1903,1.0410000000000004
01-03-1903,1.3749999999999996
01-04-1903,2.902
01-05-1903,2.9620000000000006
01-06-1903,2.0919999999999987
01-07-1903,1.1060000000000016
01-08-1903,-0.5800000000000001
01-09-1903,-1.9110000000000014
01-10-1903,-2.689
01-11-1903,-3.2959999999999994
01-12-1903,-2.618
01-01-1904,-1.2610000000000001
01-02-1904,0.6600000000000001
01-03-1904,2.209
01-04-1904,3.178
01-05-1904,3.1559999999999997
01-06-1904,2.1739999999999995
01-07-1904,0.822000000000001
01-08-1904,-0.37700000000000067
01-09-1904,-2.0779999999999994
01-10-1904,-2.548
01-11-1904,-2.6029999999999998
01-12-1904,-2.8560000000000003
01-01-1905,-1.12
01-02-1905,-0.32699999999999996
01-03-1905,2.7079999999999997
01-04-1905,3.12
01-05-1905,3.2269999999999994
01-06-1905,2.130000000000001
01-07-1905,0.9649999999999999
01-08-1905,-0.49900000000000055
01-09-1905,-1.7739999999999991
01-10-1905,-2.763
01-11-1905,-2.8580000000000005
01-12-1905,-2.8289999999999997
01-01-1906,-1.286
01-02-1906,0.2330000000000001
01-03-1906,2.5649999999999995
01-04-1906,3.76
01-05-1906,2.6140000000000008
01-06-1906,2.0939999999999994
01-07-1906,0.7880000000000003
01-08-1906,-0.43099999999999916
01-09-1906,-1.9190000000000005
01-10-1906,-2.505000000000001
01-11-1906,-3.765999999999999
01-12-1906,-1.7400000000000002
01-01-1907,-1.963
01-02-1907,0.31899999999999995
01-03-1907,2.458
01-04-1907,3.0039999999999996
01-05-1907,2.7960000000000003
01-06-1907,2.353999999999999
01-07-1907,1.040000000000001
01-08-1907,-0.40700000000000003
01-09-1907,-1.697000000000001
01-10-1907,-2.430999999999999
01-11-1907,-4.027
01-12-1907,-2.251
01-01-1908,-0.6520000000000001
01-02-1908,0.4650000000000003
01-03-1908,1.367
01-04-1908,3.6959999999999997
01-05-1908,3.309
01-06-1908,2.1519999999999992
01-07-1908,0.9039999999999999
01-08-1908,-0.8209999999999997
01-09-1908,-1.3989999999999991
01-10-1908,-3.112
01-11-1908,-3.593
01-12-1908,-2.201
01-01-1909,-1.6760000000000002
01-02-1909,1.311
01-03-1909,1.8830000000000005
01-04-1909,2.9449999999999994
01-05-1909,3.077000000000001
01-06-1909,2.350999999999999
01-07-1909,1.0980000000000008
01-08-1909,-0.30799999999999983
01-09-1909,-1.873000000000001
01-10-1909,-2.6869999999999994
01-11-1909,-2.9560000000000004
01-12-1909,-3.013
01-01-1910,-0.8899999999999997
01-02-1910,0.44599999999999973
01-03-1910,1.827
01-04-1910,3.4990000000000006
01-05-1910,2.9000000000000004
01-06-1910,2.145999999999999
01-07-1910,1.1280000000000001
01-08-1910,-0.6020000000000003
01-09-1910,-1.943999999999999
01-10-1910,-2.7270000000000003
01-11-1910,-3.6880000000000006
01-12-1910,-2.6339999999999995
01-01-1911,-1.0240000000000002
01-02-1911,0.7929999999999999
01-03-1911,1.8940000000000006
01-04-1911,3.643
01-05-1911,2.8390000000000004
01-06-1911,2.1799999999999997
01-07-1911,1.0730000000000004
01-08-1911,-0.5830000000000002
01-09-1911,-1.8610000000000007
01-10-1911,-2.375
01-11-1911,-3.2989999999999995
01-12-1911,-2.5740000000000003
01-01-1912,-0.988
01-02-1912,0.952
01-03-1912,1.0019999999999998
01-04-1912,3.8729999999999993
01-05-1912,3.0250000000000004
01-06-1912,2.181000000000001
01-07-1912,0.28800000000000026
01-08-1912,-0.6699999999999999
01-09-1912,-1.8310000000000013
01-10-1912,-2.8549999999999986
01-11-1912,-2.846000000000001
01-12-1912,-2.452
01-01-1913,-0.9859999999999998
01-02-1913,0.2929999999999997
01-03-1913,2.1410000000000005
01-04-1913,3.5059999999999993
01-05-1913,2.7219999999999995
01-06-1913,2.2600000000000016
01-07-1913,1.1319999999999997
01-08-1913,-0.41300000000000026
01-09-1913,-1.9649999999999999
01-10-1913,-2.6820000000000004
01-11-1913,-3.053
01-12-1913,-1.9210000000000003
01-01-1914,-0.7269999999999999
01-02-1914,-0.1759999999999997
01-03-1914,1.742
01-04-1914,3.1560000000000006
01-05-1914,3.1869999999999994
01-06-1914,2.2110000000000003
01-07-1914,0.8019999999999996
01-08-1914,-0.5679999999999996
01-09-1914,-1.8150000000000013
01-10-1914,-2.5279999999999987
01-11-1914,-3.628
01-12-1914,-2.1590000000000003
01-01-1915,-1.3010000000000002
01-02-1915,0.9660000000000002
01-03-1915,1.8779999999999997
01-04-1915,3.5620000000000003
01-05-1915,2.7880000000000003
01-06-1915,1.8070000000000004
01-07-1915,1.142999999999999
01-08-1915,-0.673
01-09-1915,-1.9029999999999987
01-10-1915,-2.883000000000001
01-11-1915,-2.768
01-12-1915,-2.583
01-01-1916,-1.017
01-02-1916,0.34099999999999975
01-03-1916,1.8890000000000002
01-04-1916,3.2010000000000005
01-05-1916,2.924999999999999
01-06-1916,1.9700000000000006
01-07-1916,1.1099999999999994
01-08-1916,-0.47199999999999953
01-09-1916,-1.8539999999999992
01-10-1916,-2.673
01-11-1916,-3.4570000000000007
01-12-1916,-3.2800000000000002
01-01-1917,-0.18299999999999983
01-02-1917,0.22699999999999987
01-03-1917,2.1280000000000006
01-04-1917,3.367
01-05-1917,2.587999999999999
01-06-1917,2.4719999999999995
01-07-1917,1.3440000000000012
01-08-1917,-0.7880000000000003
01-09-1917,-1.7260000000000009
01-10-1917,-3.2009999999999987
01-11-1917,-2.724
01-12-1917,-3.5730000000000004
01-01-1918,-0.31299999999999994
01-02-1918,0.5210000000000001
01-03-1918,2.356
01-04-1918,2.833
01-05-1918,2.895999999999999
01-06-1918,2.3680000000000003
01-07-1918,1.0940000000000012
01-08-1918,-0.5710000000000015
01-09-1918,-1.549999999999999
01-10-1918,-2.4480000000000004
01-11-1918,-3.75
01-12-1918,-2.835
01-01-1919,-0.6639999999999997
01-02-1919,0.6679999999999997
01-03-1919,1.8910000000000005
01-04-1919,3.7439999999999998
01-05-1919,2.4819999999999993
01-06-1919,2.2590000000000003
01-07-1919,1.0459999999999994
01-08-1919,-0.48799999999999955
01-09-1919,-1.7959999999999994
01-10-1919,-2.6289999999999996
01-11-1919,-3.8720000000000008
01-12-1919,-2.2649999999999997
01-01-1920,-0.383
01-02-1920,-0.0860000000000003
01-03-1920,2.4720000000000004
01-04-1920,3.065999999999999
01-05-1920,2.838000000000001
01-06-1920,1.9740000000000002
01-07-1920,1.1399999999999988
01-08-1920,-0.5469999999999988
01-09-1920,-1.904
01-10-1920,-2.7729999999999997
01-11-1920,-3.455000000000001
01-12-1920,-2.937
01-01-1921,0.351
01-02-1921,0.14500000000000002
01-03-1921,1.9560000000000004
01-04-1921,3.2429999999999994
01-05-1921,2.9209999999999994
01-06-1921,2.1950000000000003
01-07-1921,0.9960000000000004
01-08-1921,-0.875
01-09-1921,-1.6920000000000002
01-10-1921,-2.6050000000000004
01-11-1921,-3.3999999999999995
01-12-1921,-2.201
01-01-1922,-1.513
01-02-1922,0.22599999999999998
01-03-1922,2.78
01-04-1922,3.224000000000001
01-05-1922,2.7169999999999987
01-06-1922,2.234
01-07-1922,0.947000000000001
01-08-1922,-0.6940000000000008
01-09-1922,-1.8089999999999993
01-10-1922,-2.719000000000001
01-11-1922,-3.009999999999999
01-12-1922,-2.3790000000000004
01-01-1923,-1.1799999999999997
01-02-1923,0.07600000000000007
01-03-1923,2.3029999999999995
01-04-1923,2.883
01-05-1923,3.1000000000000005
01-06-1923,2.446999999999999
01-07-1923,0.6880000000000006
01-08-1923,-0.37299999999999933
01-09-1923,-1.7280000000000015
01-10-1923,-2.3629999999999995
01-11-1923,-3.1419999999999995
01-12-1923,-2.498
01-01-1924,-1.541
01-02-1924,0.5489999999999999
01-03-1924,2.4640000000000004
01-04-1924,2.6179999999999994
01-05-1924,3.218000000000001
01-06-1924,2.154
01-07-1924,0.9619999999999997
01-08-1924,-0.6500000000000004
01-09-1924,-1.6969999999999992
01-10-1924,-2.7540000000000013
01-11-1924,-2.802999999999999
01-12-1924,-2.9150000000000005
01-01-1925,-1.217
01-02-1925,0.4330000000000003
01-03-1925,2.4250000000000003
01-04-1925,3.316
01-05-1925,2.5969999999999995
01-06-1925,2.0500000000000007
01-07-1925,0.9770000000000003
01-08-1925,-0.2970000000000006
01-09-1925,-1.790000000000001
01-10-1925,-2.7829999999999995
01-11-1925,-2.856
01-12-1925,-1.9420000000000002
01-01-1926,-0.9449999999999998
01-02-1926,0.26400000000000023
01-03-1926,2.1140000000000003
01-04-1926,2.361999999999999
01-05-1926,2.7379999999999995
01-06-1926,2.354000000000001
01-07-1926,0.8829999999999991
01-08-1926,-0.2909999999999986
01-09-1926,-1.8020000000000014
01-10-1926,-2.5249999999999986
01-11-1926,-3.250000000000001
01-12-1926,-2.9339999999999997
01-01-1927,-0.9940000000000002
01-02-1927,0.6670000000000003
01-03-1927,1.629
01-04-1927,3.367
01-05-1927,3.068999999999999
01-06-1927,2.168000000000001
01-07-1927,1.0510000000000002
01-08-1927,-0.625
01-09-1927,-1.4440000000000008
01-10-1927,-2.366999999999999
01-11-1927,-3.5410000000000004
01-12-1927,-3.079
01-01-1928,-0.22100000000000009
01-02-1928,0.28700000000000037
01-03-1928,1.6259999999999994
01-04-1928,3.285
01-05-1928,2.9250000000000007
01-06-1928,1.943999999999999
01-07-1928,1.197000000000001
01-08-1928,-0.6230000000000011
01-09-1928,-1.657
01-10-1928,-2.5439999999999987
01-11-1928,-3.1500000000000004
01-12-1928,-2.463
01-01-1929,-1.8190000000000004
01-02-1929,0.11800000000000033
01-03-1929,2.927
01-04-1929,2.994999999999999
01-05-1929,2.8209999999999997
01-06-1929,2.0130000000000017
01-07-1929,1.029
01-08-1929,-0.277000000000001
01-09-1929,-1.8729999999999993
01-10-1929,-2.3469999999999995
01-11-1929,-3.288000000000001
01-12-1929,-3.6009999999999995
01-01-1930,-0.17000000000000037
01-02-1930,0.7510000000000003
01-03-1930,2.3309999999999995
01-04-1930,2.6990000000000007
01-05-1930,2.923
01-06-1930,2.241999999999999
01-07-1930,1.1180000000000003
01-08-1930,-0.536999999999999
01-09-1930,-2.0540000000000003
01-10-1930,-2.6130000000000013
01-11-1930,-2.6869999999999994
01-12-1930,-2.743
01-01-1931,-1.0699999999999998
01-02-1931,-0.052999999999999936
01-03-1931,2.5119999999999996
01-04-1931,2.9430000000000005
01-05-1931,2.8569999999999993
01-06-1931,2.553000000000001
01-07-1931,1.0030000000000001
01-08-1931,-0.4560000000000013
01-09-1931,-1.8369999999999997
01-10-1931,-2.346
01-11-1931,-3.693999999999999
01-12-1931,-2.216
01-01-1932,-0.42300000000000004
01-02-1932,-0.6150000000000002
01-03-1932,1.9510000000000005
01-04-1932,3.8289999999999997
01-05-1932,2.4700000000000006
01-06-1932,2.1439999999999984
01-07-1932,0.9890000000000008
01-08-1932,-0.6319999999999997
01-09-1932,-1.4299999999999997
01-10-1932,-2.628
01-11-1932,-3.774
01-12-1932,-2.3810000000000002
01-01-1933,-1.358
01-02-1933,0.488
01-03-1933,2.2119999999999997
01-04-1933,3.2560000000000002
01-05-1933,2.9220000000000006
01-06-1933,2.062999999999999
01-07-1933,1.1260000000000012
01-08-1933,-0.47600000000000087
01-09-1933,-1.9060000000000006
01-10-1933,-2.6159999999999997
01-11-1933,-3.348
01-12-1933,-2.7859999999999996
01-01-1934,-0.6280000000000001
01-02-1934,1.2229999999999999
01-03-1934,1.1189999999999998
01-04-1934,3.1980000000000004
01-05-1934,3.4619999999999997
01-06-1934,1.9239999999999995
01-07-1934,0.9410000000000007
01-08-1934,-0.5649999999999995
01-09-1934,-2.051
01-10-1934,-2.306000000000001
01-11-1934,-3.023999999999999
01-12-1934,-2.4120000000000004
01-01-1935,-1.81
01-02-1935,1.9500000000000002
01-03-1935,1.274
01-04-1935,2.372
01-05-1935,3.1350000000000007
01-06-1935,2.42
01-07-1935,1.004999999999999
01-08-1935,-0.5559999999999992
01-09-1935,-1.7759999999999998
01-10-1935,-2.4830000000000005
01-11-1935,-4.073
01-12-1935,-2.0199999999999996
01-01-1936,-1.174
01-02-1936,0.2569999999999997
01-03-1936,2.525
01-04-1936,3.096000000000001
01-05-1936,3.1239999999999988
01-06-1936,2.112
01-07-1936,1.266
01-08-1936,-0.7690000000000001
01-09-1936,-1.8389999999999986
01-10-1936,-2.564
01-11-1936,-3.224000000000001
01-12-1936,-2.312
01-01-1937,-1.468
01-02-1937,1.1
01-03-1937,1.298
01-04-1937,3.2890000000000006
01-05-1937,3.282
01-06-1937,2.180999999999999
01-07-1937,0.7720000000000002
01-08-1937,-0.3680000000000003
01-09-1937,-1.5939999999999994
01-10-1937,-2.684000000000001
01-11-1937,-3.3729999999999993
01-12-1937,-2.8779999999999997
01-01-1938,-0.5680000000000001
01-02-1938,0.5069999999999997
01-03-1938,2.234
01-04-1938,3.2620000000000005
01-05-1938,2.5429999999999993
01-06-1938,1.8650000000000002
01-07-1938,1.1609999999999996
01-08-1938,-0.5190000000000001
01-09-1938,-1.5359999999999996
01-10-1938,-2.642999999999999
01-11-1938,-3.2540000000000004
01-12-1938,-3.0200000000000005
01-01-1939,-0.5779999999999998
01-02-1939,0.30000000000000027
01-03-1939,1.694
01-04-1939,3.4019999999999992
01-05-1939,3.1959999999999997
01-06-1939,2.0070000000000014
01-07-1939,0.863999999999999
01-08-1939,-0.4629999999999992
01-09-1939,-1.9740000000000002
01-10-1939,-2.74
01-11-1939,-3.029
01-12-1939,-1.2300000000000004
01-01-1940,-2.6239999999999997
01-02-1940,1.088
01-03-1940,2.0010000000000003
01-04-1940,3.332
01-05-1940,2.581999999999999
01-06-1940,2.245000000000001
01-07-1940,0.9879999999999995
01-08-1940,-0.7599999999999998
01-09-1940,-1.5429999999999993
01-10-1940,-2.811
01-11-1940,-3.381000000000001
01-12-1940,-1.9419999999999993
01-01-1941,-1.3990000000000005
01-02-1941,0.935
01-03-1941,1.5430000000000001
01-04-1941,3.361999999999999
01-05-1941,2.918000000000001
01-06-1941,2.1370000000000005
01-07-1941,1.064
01-08-1941,-0.6660000000000004
01-09-1941,-2.2119999999999997
01-10-1941,-2.106
01-11-1941,-3.7570000000000006
01-12-1941,-2.2460000000000004
01-01-1942,-0.6039999999999996
01-02-1942,-0.246
01-03-1942,2.4509999999999996
01-04-1942,3.1080000000000005
01-05-1942,2.921999999999999
01-06-1942,2.24
01-07-1942,0.6640000000000015
01-08-1942,-0.4560000000000013
01-09-1942,-1.6399999999999988
01-10-1942,-2.519
01-11-1942,-3.232000000000001
01-12-1942,-2.4499999999999997
01-01-1943,-1.549
01-02-1943,1.117
01-03-1943,1.625
01-04-1943,3.5
01-05-1943,2.8469999999999995
01-06-1943,1.6760000000000002
01-07-1943,1.2990000000000013
01-08-1943,-0.6860000000000017
01-09-1943,-1.677999999999999
01-10-1943,-2.189
01-11-1943,-3.6470000000000002
01-12-1943,-2.027
01-01-1944,-0.7289999999999996
01-02-1944,0.08700000000000019
01-03-1944,1.9399999999999995
01-04-1944,2.9029999999999996
01-05-1944,2.9000000000000004
01-06-1944,2.144
01-07-1944,0.9900000000000002
01-08-1944,-0.4510000000000005
01-09-1944,-1.5670000000000002
01-10-1944,-2.6419999999999995
01-11-1944,-3.7169999999999996
01-12-1944,-2.657
01-01-1945,-0.9090000000000003
01-02-1945,0.121
01-03-1945,2.5380000000000003
01-04-1945,3.496999999999999
01-05-1945,2.4160000000000004
01-06-1945,2.231
01-07-1945,0.8849999999999998
01-08-1945,0.10000000000000142
01-09-1945,-2.088000000000001
01-10-1945,-2.6500000000000004
01-11-1945,-3.501999999999999
01-12-1945,-2.9150000000000005
01-01-1946,-0.17899999999999983
01-02-1946,0.48199999999999976
01-03-1946,1.775
01-04-1946,3.601
01-05-1946,2.5180000000000007
01-06-1946,1.9429999999999996
01-07-1946,1.1110000000000007
01-08-1946,-0.5750000000000011
01-09-1946,-1.7699999999999996
01-10-1946,-2.7829999999999995
01-11-1946,-3.0460000000000003
01-12-1946,-3.1010000000000004
01-01-1947,-0.5369999999999999
01-02-1947,0.6800000000000002
01-03-1947,2.524
01-04-1947,2.885
01-05-1947,2.6430000000000007
01-06-1947,2.129999999999999
01-07-1947,0.8900000000000006
01-08-1947,-0.5220000000000002
01-09-1947,-1.6609999999999996
01-10-1947,-2.155000000000001
01-11-1947,-3.603999999999999
01-12-1947,-2.751
01-01-1948,-0.29000000000000004
01-02-1948,-0.1459999999999999
01-03-1948,1.6989999999999994
01-04-1948,3.580000000000001
01-05-1948,3.0380000000000003
01-06-1948,2.126999999999999
01-07-1948,0.7810000000000006
01-08-1948,-0.5489999999999995
01-09-1948,-1.7410000000000014
01-10-1948,-2.5709999999999997
01-11-1948,-3.399
01-12-1948,-2.6939999999999995
01-01-1949,-0.27200000000000024
01-02-1949,-0.45999999999999996
01-03-1949,2.318
01-04-1949,3.2669999999999995
01-05-1949,2.965
01-06-1949,1.9140000000000015
01-07-1949,0.9759999999999991
01-08-1949,-0.37299999999999933
01-09-1949,-1.8689999999999998
01-10-1949,-2.426
01-11-1949,-3.383000000000001
01-12-1949,-2.699
01-01-1950,-1.4409999999999998
01-02-1950,0.7130000000000001
01-03-1950,2.526
01-04-1950,2.8759999999999994
01-05-1950,3.1740000000000013
01-06-1950,2.084999999999999
01-07-1950,0.7580000000000009
01-08-1950,-0.6799999999999997
01-09-1950,-1.508000000000001
01-10-1950,-2.7989999999999995
01-11-1950,-3.7810000000000006
01-12-1950,-1.8439999999999999
01-01-1951,-1.3900000000000001
01-02-1951,0.19399999999999995
01-03-1951,2.7590000000000003
01-04-1951,3.2760000000000007
01-05-1951,3.0709999999999997
01-06-1951,1.8119999999999994
01-07-1951,1.0739999999999998
01-08-1951,-0.30299999999999905
01-09-1951,-1.697000000000001
01-10-1951,-2.654
01-11-1951,-3.4450000000000003
01-12-1951,-1.8969999999999994
01-01-1952,-1.2790000000000004
01-02-1952,0.347
01-03-1952,1.5709999999999997
01-04-1952,3.4940000000000007
01-05-1952,2.891
01-06-1952,2.09
01-07-1952,1.1069999999999993
01-08-1952,-0.5849999999999991
01-09-1952,-1.7260000000000009
01-10-1952,-3.0809999999999995
01-11-1952,-3.732
01-12-1952,-1.766
01-01-1953,-0.6949999999999998
01-02-1953,0.665
01-03-1953,2.0829999999999997
01-04-1953,3.1799999999999997
01-05-1953,2.622
01-06-1953,2.0980000000000008
01-07-1953,0.7799999999999994
01-08-1953,-0.3330000000000002
01-09-1953,-1.8599999999999994
01-10-1953,-2.609
01-11-1953,-3.6659999999999995
01-12-1953,-1.9260000000000002
01-01-1954,-1.939
01-02-1954,1.025
01-03-1954,2.0639999999999996
01-04-1954,3.01
01-05-1954,2.83
01-06-1954,2.412000000000001
01-07-1954,0.8409999999999993
01-08-1954,-0.37299999999999933
01-09-1954,-1.7699999999999996
01-10-1954,-2.5520000000000014
01-11-1954,-2.9669999999999996
01-12-1954,-3.0199999999999996
01-01-1955,-0.14700000000000024
01-02-1955,-0.2749999999999999
01-03-1955,1.448
01-04-1955,3.5509999999999993
01-05-1955,3.056000000000001
01-06-1955,2.3680000000000003
01-07-1955,0.6820000000000004
01-08-1955,0.04099999999999859
01-09-1955,-2.328999999999999
01-10-1955,-2.219000000000001
01-11-1955,-3.7619999999999996
01-12-1955,-2.667
01-01-1956,-0.8399999999999999
01-02-1956,0.31499999999999995
01-03-1956,2.108
01-04-1956,3.0329999999999995
01-05-1956,2.7990000000000004
01-06-1956,2.439
01-07-1956,1.0199999999999996
01-08-1956,-0.9909999999999997
01-09-1956,-1.4060000000000006
01-10-1956,-2.8549999999999986
01-11-1956,-3.1900000000000004
01-12-1956,-2.1400000000000006
01-01-1957,-1.1099999999999999
01-02-1957,0.6320000000000001
01-03-1957,1.9159999999999995
01-04-1957,3.33
01-05-1957,2.8930000000000007
01-06-1957,2.523999999999999
01-07-1957,0.3460000000000001
01-08-1957,-0.04699999999999882
01-09-1957,-1.7700000000000014
01-10-1957,-2.815999999999999
01-11-1957,-3.1050000000000004
01-12-1957,-2.0629999999999997
01-01-1958,-0.7540000000000004
01-02-1958,0.121
01-03-1958,1.7580000000000005
01-04-1958,3.0669999999999993
01-05-1958,2.9990000000000006
01-06-1958,1.6679999999999993
01-07-1958,1.2510000000000012
01-08-1958,-0.8410000000000011
01-09-1958,-1.751999999999999
01-10-1958,-2.4700000000000006
01-11-1958,-3.115
01-12-1958,-2.4379999999999997
01-01-1959,-0.863
01-02-1959,0.371
01-03-1959,2.524
01-04-1959,2.9650000000000007
01-05-1959,2.5039999999999996
01-06-1959,2.2539999999999996
01-07-1959,0.8719999999999999
01-08-1959,-0.5960000000000001
01-09-1959,-1.907
01-10-1959,-2.7859999999999996
01-11-1959,-3.4080000000000004
01-12-1959,-1.9819999999999998
01-01-1960,-1.057
01-02-1960,1.085
01-03-1960,0.5049999999999999
01-04-1960,3.829999999999999
01-05-1960,2.7390000000000008
01-06-1960,2.612
01-07-1960,0.7140000000000004
01-08-1960,-0.3730000000000011
01-09-1960,-1.7299999999999986
01-10-1960,-2.5980000000000008
01-11-1960,-3.6689999999999996
01-12-1960,-1.569
01-01-1961,-1.3330000000000002
01-02-1961,0.7569999999999997
01-03-1961,1.9060000000000006
01-04-1961,3.042
01-05-1961,2.9930000000000003
01-06-1961,2.0779999999999994
01-07-1961,0.5860000000000003
01-08-1961,-0.43900000000000006
01-09-1961,-1.6020000000000003
01-10-1961,-2.9190000000000005
01-11-1961,-3.1229999999999993
01-12-1961,-2.705
01-01-1962,-0.4969999999999999
01-02-1962,0.6930000000000001
01-03-1962,1.834
01-04-1962,3.009999999999999
01-05-1962,2.588000000000001
01-06-1962,2.2989999999999995
01-07-1962,0.7780000000000005
01-08-1962,-0.4920000000000009
01-09-1962,-1.6949999999999985
01-10-1962,-2.5500000000000007
01-11-1962,-3.1849999999999996
01-12-1962,-2.3430000000000004
01-01-1963,-1.0390000000000001
01-02-1963,1.1189999999999998
01-03-1963,1.0770000000000008
01-04-1963,3.0759999999999996
01-05-1963,2.872
01-06-1963,2.367000000000001
01-07-1963,1.0939999999999994
01-08-1963,-0.19700000000000095
01-09-1963,-1.7539999999999996
01-10-1963,-2.612
01-11-1963,-3.3819999999999997
01-12-1963,-2.811
01-01-1964,-0.8690000000000002
01-02-1964,0.14700000000000024
01-03-1964,1.8370000000000002
01-04-1964,3.0569999999999995
01-05-1964,2.9829999999999997
01-06-1964,2.5540000000000003
01-07-1964,0.8420000000000005
01-08-1964,-0.6229999999999993
01-09-1964,-2.0740000000000016
01-10-1964,-2.7719999999999985
01-11-1964,-2.849000000000001
01-12-1964,-2.5249999999999995
01-01-1965,-0.5960000000000001
01-02-1965,0.17399999999999993
01-03-1965,2.1460000000000004
01-04-1965,2.808
01-05-1965,3.2319999999999993
01-06-1965,2.0860000000000003
01-07-1965,0.7699999999999996
01-08-1965,-0.270999999999999
01-09-1965,-2.077
01-10-1965,-2.242000000000001
01-11-1965,-3.6279999999999992
01-12-1965,-2.0940000000000003
01-01-1966,-1.2759999999999998
01-02-1966,0.7999999999999998
01-03-1966,2.237
01-04-1966,2.6339999999999995
01-05-1966,3.0389999999999997
01-06-1966,2.3870000000000005
01-07-1966,0.9820000000000011
01-08-1966,-0.838000000000001
01-09-1966,-1.5980000000000008
01-10-1966,-2.9799999999999986
01-11-1966,-3.184
01-12-1966,-2.587
01-01-1967,-0.6720000000000002
01-02-1967,0.19499999999999984
01-03-1967,2.491
01-04-1967,3.0620000000000003
01-05-1967,3.1739999999999995
01-06-1967,1.5620000000000012
01-07-1967,1.1369999999999987
01-08-1967,-0.5099999999999998
01-09-1967,-1.7669999999999995
01-10-1967,-2.245000000000001
01-11-1967,-3.632999999999999
01-12-1967,-2.261
01-01-1968,-1.5619999999999998
01-02-1968,0.8919999999999999
01-03-1968,2.872
01-04-1968,2.338
01-05-1968,2.6129999999999995
01-06-1968,2.136000000000001
01-07-1968,0.8219999999999992
01-08-1968,-0.5020000000000007
01-09-1968,-1.904
01-10-1968,-2.167
01-11-1968,-3.5619999999999994
01-12-1968,-2.651
01-01-1969,-1.2740000000000002
01-02-1969,0.4840000000000002
01-03-1969,2.681
01-04-1969,3.4450000000000003
01-05-1969,2.7779999999999987
01-06-1969,2.1210000000000004
01-07-1969,0.7430000000000003
01-08-1969,-0.4139999999999997
01-09-1969,-1.7560000000000002
01-10-1969,-2.5589999999999993
01-11-1969,-3.069000000000001
01-12-1969,-2.21
01-01-1970,-1.374
01-02-1970,0.899
01-03-1970,1.5370000000000004
01-04-1970,3.3309999999999995
01-05-1970,2.6029999999999998
01-06-1970,2.3070000000000004
01-07-1970,0.8819999999999997
01-08-1970,-0.7370000000000001
01-09-1970,-1.3810000000000002
01-10-1970,-2.9289999999999985
01-11-1970,-3.301000000000001
01-12-1970,-2.526
01-01-1971,-0.5539999999999998
01-02-1971,-0.10000000000000009
01-03-1971,2.1340000000000003
01-04-1971,3.338
01-05-1971,2.872
01-06-1971,1.888
01-07-1971,1.0399999999999991
01-08-1971,-0.2599999999999998
01-09-1971,-1.7400000000000002
01-10-1971,-2.7509999999999994
01-11-1971,-3.093
01-12-1971,-2.428
01-01-1972,-1.985
01-02-1972,0.7270000000000001
01-03-1972,2.678
01-04-1972,3.05
01-05-1972,2.8179999999999996
01-06-1972,2.346
01-07-1972,0.7300000000000004
01-08-1972,-0.0600000000000005
01-09-1972,-2.2699999999999996
01-10-1972,-2.5549999999999997
01-11-1972,-3.5490000000000004
01-12-1972,-2.0189999999999997
01-01-1973,-0.7400000000000002
01-02-1973,0.8600000000000003
01-03-1973,1.9220000000000002
01-04-1973,3.1180000000000003
01-05-1973,2.8309999999999995
01-06-1973,2.0549999999999997
01-07-1973,0.6110000000000007
01-08-1973,-0.5660000000000007
01-09-1973,-1.7439999999999998
01-10-1973,-2.516
01-11-1973,-3.3869999999999996
01-12-1973,-2.3900000000000006
01-01-1974,-1.5709999999999997
01-02-1974,0.32099999999999973
01-03-1974,2.6080000000000005
01-04-1974,3.195999999999999
01-05-1974,2.812000000000001
01-06-1974,2.1839999999999993
01-07-1974,0.9060000000000006
01-08-1974,-0.27200000000000024
01-09-1974,-2.2720000000000002
01-10-1974,-2.645999999999999
01-11-1974,-3.1830000000000007
01-12-1974,-2.365
01-01-1975,-0.49099999999999966
01-02-1975,0.33599999999999985
01-03-1975,2.3110000000000004
01-04-1975,2.8779999999999992
01-05-1975,3.1580000000000013
01-06-1975,1.8149999999999995
01-07-1975,0.7940000000000005
01-08-1975,-0.8370000000000015
01-09-1975,-1.362
01-10-1975,-2.8339999999999996
01-11-1975,-3.425
01-12-1975,-2.226
01-01-1976,-0.7829999999999999
01-02-1976,0.14700000000000024
01-03-1976,1.4860000000000002
01-04-1976,3.777
01-05-1976,2.6479999999999997
01-06-1976,2.144
01-07-1976,1.068999999999999
01-08-1976,-0.6440000000000001
01-09-1976,-1.6159999999999997
01-10-1976,-3.3840000000000003
01-11-1976,-2.850999999999999
01-12-1976,-1.979
01-01-1977,-1.189
01-02-1977,0.9790000000000001
01-03-1977,2.231
01-04-1977,3.1479999999999997
01-05-1977,2.9299999999999997
01-06-1977,2.096
01-07-1977,0.7550000000000008
01-08-1977,-0.5410000000000004
01-09-1977,-2.2279999999999998
01-10-1977,-2.7059999999999995
01-11-1977,-2.612000000000001
01-12-1977,-2.7949999999999995
01-01-1978,-1.044
01-02-1978,0.7509999999999999
01-03-1978,2.1510000000000002
01-04-1978,3.184
01-05-1978,2.6229999999999993
01-06-1978,1.806000000000001
01-07-1978,1.1440000000000001
01-08-1978,-1.0670000000000002
01-09-1978,-1.2670000000000012
01-10-1978,-2.690999999999999
01-11-1978,-2.9890000000000008
01-12-1978,-2.6099999999999994
01-01-1979,-1.0610000000000004
01-02-1979,0.16200000000000037
01-03-1979,2.633
01-04-1979,2.981
01-05-1979,2.7439999999999998
01-06-1979,2.2880000000000003
01-07-1979,0.6270000000000007
01-08-1979,-0.2810000000000006
01-09-1979,-1.5860000000000003
01-10-1979,-2.6609999999999996
01-11-1979,-3.3000000000000007
01-12-1979,-1.686
01-01-1980,-1.6439999999999997
01-02-1980,0.6960000000000002
01-03-1980,1.7149999999999999
01-04-1980,3.5680000000000005
01-05-1980,2.834999999999999
01-06-1980,1.8120000000000012
01-07-1980,1.1600000000000001
01-08-1980,-0.5530000000000008
01-09-1980,-1.8680000000000003
01-10-1980,-2.770999999999999
01-11-1980,-2.8660000000000005
01-12-1980,-2.668
01-01-1981,-0.23099999999999987
01-02-1981,0.23599999999999977
01-03-1981,2.218
01-04-1981,2.7139999999999995
01-05-1981,2.612
01-06-1981,2.200000000000001
01-07-1981,0.972999999999999
01-08-1981,-0.23599999999999888
01-09-1981,-2.266
01-10-1981,-2.8420000000000005
01-11-1981,-3.1210000000000004
01-12-1981,-1.7539999999999996
01-01-1982,-1.9610000000000003
01-02-1982,0.7230000000000003
01-03-1982,1.592
01-04-1982,3.5919999999999996
01-05-1982,2.883000000000001
01-06-1982,1.8969999999999985
01-07-1982,1.3000000000000007
01-08-1982,-0.7490000000000006
01-09-1982,-1.7569999999999997
01-10-1982,-2.8070000000000004
01-11-1982,-3.270999999999999
01-12-1982,-1.6340000000000003
01-01-1983,-0.8820000000000001
01-02-1983,0.3690000000000002
01-03-1983,1.8849999999999998
01-04-1983,2.9939999999999998
01-05-1983,3.0359999999999996
01-06-1983,1.7490000000000006
01-07-1983,0.9299999999999997
01-08-1983,-0.10599999999999987
01-09-1983,-1.6039999999999992
01-10-1983,-3.2200000000000006
01-11-1983,-2.713
01-12-1983,-2.9359999999999995
01-01-1984,-0.8880000000000003
01-02-1984,0.15200000000000014
01-03-1984,2.5780000000000003
01-04-1984,2.761
01-05-1984,3.5440000000000005
01-06-1984,1.4109999999999996
01-07-1984,1.0419999999999998
01-08-1984,-0.4450000000000003
01-09-1984,-1.9689999999999994
01-10-1984,-2.6370000000000005
01-11-1984,-3.567
01-12-1984,-2.626
01-01-1985,-0.17500000000000027
01-02-1985,-0.3059999999999996
01-03-1985,2.7469999999999994
01-04-1985,3.1819999999999995
01-05-1985,2.793000000000001
01-06-1985,2.1430000000000007
01-07-1985,0.4039999999999999
01-08-1985,0.08599999999999852
01-09-1985,-2.078999999999999
01-10-1985,-2.6420000000000012
01-11-1985,-3.369999999999999
01-12-1985,-2.183
01-01-1986,-0.4700000000000002
01-02-1986,0.6760000000000002
01-03-1986,1.7639999999999998
01-04-1986,3.1160000000000005
01-05-1986,2.709999999999999
01-06-1986,1.8580000000000005
01-07-1986,0.8539999999999992
01-08-1986,-0.32099999999999973
01-09-1986,-2.1549999999999994
01-10-1986,-2.5180000000000007
01-11-1986,-3.38
01-12-1986,-2.1679999999999997
01-01-1987,-0.6120000000000001
01-02-1987,0.9950000000000006
01-03-1987,1.1109999999999998
01-04-1987,3.3500000000000005
01-05-1987,2.9299999999999997
01-06-1987,2.4019999999999992
01-07-1987,0.963000000000001
01-08-1987,-0.9939999999999998
01-09-1987,-1.4490000000000016
01-10-1987,-2.8569999999999993
01-11-1987,-3.534
01-12-1987,-1.5670000000000002
01-01-1988,-1.0349999999999997
01-02-1988,-0.03200000000000003
01-03-1988,2.509
01-04-1988,3.061000000000001
01-05-1988,2.8599999999999994
01-06-1988,2.247
01-07-1988,0.6989999999999998
01-08-1988,-0.24499999999999922
01-09-1988,-1.8720000000000017
01-10-1988,-2.702
01-11-1988,-3.6839999999999993
01-12-1988,-1.9319999999999995
01-01-1989,-1.6530000000000005
01-02-1989,0.9169999999999998
01-03-1989,2.165
01-04-1989,2.8970000000000002
01-05-1989,2.5909999999999993
01-06-1989,2.167
01-07-1989,1.165000000000001
01-08-1989,-0.4770000000000003
01-09-1989,-1.7319999999999993
01-10-1989,-2.6430000000000007
01-11-1989,-3.5809999999999995
01-12-1989,-1.7490000000000006
01-01-1990,-1.1869999999999998
01-02-1990,0.3999999999999999
01-03-1990,3.0870000000000006
01-04-1990,2.439
01-05-1990,2.661999999999999
01-06-1990,2.062000000000001
01-07-1990,0.891
01-08-1990,-0.6890000000000001
01-09-1990,-1.9000000000000004
01-10-1990,-2.3130000000000006
01-11-1990,-2.9619999999999997
01-12-1990,-2.495
01-01-1991,-1.23
01-02-1991,0.8489999999999998
01-03-1991,1.5300000000000002
01-04-1991,3.652000000000001
01-05-1991,2.389999999999999
01-06-1991,2.6470000000000002
01-07-1991,0.7240000000000002
01-08-1991,-0.6679999999999993
01-09-1991,-1.6420000000000012
01-10-1991,-2.9239999999999995
01-11-1991,-3.3129999999999997
01-12-1991,-2.3810000000000002
01-01-1992,-0.48
01-02-1992,0.35199999999999987
01-03-1992,2.021
01-04-1992,2.619999999999999
01-05-1992,2.963000000000001
01-06-1992,2.0410000000000004
01-07-1992,0.5629999999999988
01-08-1992,-0.37299999999999933
01-09-1992,-2.0939999999999994
01-10-1992,-2.319000000000001
01-11-1992,-3.4639999999999995
01-12-1992,-1.814
01-01-1993,-0.774
01-02-1993,0.44399999999999995
01-03-1993,2.178
01-04-1993,2.7669999999999995
01-05-1993,2.785
01-06-1993,2.043000000000001
01-07-1993,1.077
01-08-1993,-0.7599999999999998
01-09-1993,-1.9050000000000011
01-10-1993,-2.315999999999999
01-11-1993,-3.8760000000000003
01-12-1993,-1.7030000000000003
01-01-1994,-1.0110000000000001
01-02-1994,-0.21399999999999997
01-03-1994,2.921
01-04-1994,3.287000000000001
01-05-1994,2.6659999999999986
01-06-1994,2.460000000000001
01-07-1994,0.5139999999999993
01-08-1994,-0.6809999999999992
01-09-1994,-1.4610000000000003
01-10-1994,-2.5139999999999993
01-11-1994,-3.2140000000000004
01-12-1994,-2.675
01-01-1995,-0.5730000000000004
01-02-1995,1.1159999999999997
01-03-1995,1.3000000000000007
01-04-1995,3.015999999999999
01-05-1995,2.5980000000000008
01-06-1995,2.5939999999999994
01-07-1995,0.952
01-08-1995,-0.4800000000000004
01-09-1995,-2.0709999999999997
01-10-1995,-2.4589999999999996
01-11-1995,-3.3449999999999998
01-12-1995,-2.638
01-01-1996,-1.2610000000000001
01-02-1996,1.1499999999999995
01-03-1996,1.5120000000000005
01-04-1996,3.1550000000000002
01-05-1996,2.908999999999999
01-06-1996,2.093
01-07-1996,1.1460000000000008
01-08-1996,-0.2240000000000002
01-09-1996,-2.3089999999999993
01-10-1996,-2.769
01-11-1996,-2.9780000000000006
01-12-1996,-2.2219999999999995
01-01-1997,-1.1600000000000001
01-02-1997,0.601
01-03-1997,2.2459999999999996
01-04-1997,2.8790000000000004
01-05-1997,2.702
01-06-1997,2.5380000000000003
01-07-1997,0.4339999999999993
01-08-1997,-0.3089999999999993
01-09-1997,-1.5709999999999997
01-10-1997,-2.5760000000000005
01-11-1997,-3.268
01-12-1997,-2.4240000000000004
01-01-1998,-1.065
01-02-1998,1.4739999999999998
01-03-1998,1.197
01-04-1998,3.335000000000001
01-05-1998,2.933
01-06-1998,2.2300000000000004
01-07-1998,0.8189999999999991
01-08-1998,-0.4659999999999993
01-09-1998,-2.2010000000000005
01-10-1998,-2.7319999999999993
01-11-1998,-3.537000000000001
01-12-1998,-1.7350000000000003
01-01-1999,-1.1249999999999996
01-02-1999,1.15
01-03-1999,0.8360000000000003
01-04-1999,3.307999999999999
01-05-1999,2.8680000000000003
01-06-1999,2.325000000000001
01-07-1999,0.8219999999999992
01-08-1999,-0.504999999999999
01-09-1999,-1.625
01-10-1999,-2.726000000000001
01-11-1999,-3.4050000000000002
01-12-1999,-2.0269999999999992
01-01-2000,-1.6150000000000002
01-02-2000,1.234
01-03-2000,2.035
01-04-2000,3.3329999999999993
01-05-2000,2.322000000000001
01-06-2000,2.186
01-07-2000,0.7880000000000003
01-08-2000,-0.3290000000000006
01-09-2000,-1.9719999999999995
01-10-2000,-3.061
01-11-2000,-3.1740000000000004
01-12-2000,-2.4490000000000003
01-01-2001,-0.5270000000000001
01-02-2001,0.38400000000000034
01-03-2001,2.488
01-04-2001,3.036999999999999
01-05-2001,3.0260000000000016
01-06-2001,1.8389999999999986
01-07-2001,1.0510000000000002
01-08-2001,-0.734
01-09-2001,-1.690999999999999
01-10-2001,-2.801
01-11-2001,-2.6160000000000005
01-12-2001,-2.8120000000000003
01-01-2002,-0.48099999999999987
01-02-2002,0.6779999999999999
01-03-2002,2.0680000000000005
01-04-2002,2.456999999999999
01-05-2002,3.019
01-06-2002,1.8360000000000003
01-07-2002,1.2699999999999996
01-08-2002,-0.7939999999999987
01-09-2002,-1.6100000000000012
01-10-2002,-2.9619999999999997
01-11-2002,-3.095999999999999
01-12-2002,-2.854
01-01-2003,-0.057000000000000384
01-02-2003,0.10400000000000009
01-03-2003,1.963
01-04-2003,3.106
01-05-2003,2.9990000000000006
01-06-2003,1.863999999999999
01-07-2003,0.9660000000000011
01-08-2003,-0.2919999999999998
01-09-2003,-1.7800000000000011
01-10-2003,-2.487
01-11-2003,-3.696999999999999
01-12-2003,-1.5940000000000003
01-01-2004,-1.608
01-02-2004,0.9739999999999998
01-03-2004,1.822
01-04-2004,2.928000000000001
01-05-2004,2.321999999999999
01-06-2004,2.3179999999999996
01-07-2004,0.42300000000000004
01-08-2004,-0.12399999999999878
01-09-2004,-1.5460000000000012
01-10-2004,-2.514999999999999
01-11-2004,-2.8120000000000003
01-12-2004,-3.0580000000000007
01-01-2005,-0.44899999999999984
01-02-2005,0.1120000000000001
01-03-2005,2.6239999999999997
01-04-2005,3.0740000000000007
01-05-2005,2.6080000000000005
01-06-2005,2.25
01-07-2005,0.7139999999999986
01-08-2005,-0.6799999999999997
01-09-2005,-1.2929999999999993
01-10-2005,-2.6159999999999997
01-11-2005,-3.178000000000001
01-12-2005,-2.545
01-01-2006,-1.592
01-02-2006,1.1439999999999997
01-03-2006,1.899
01-04-2006,2.726
01-05-2006,2.731
01-06-2006,2.657
01-07-2006,0.5990000000000002
01-08-2006,-0.12899999999999956
01-09-2006,-2.0380000000000003
01-10-2006,-2.5860000000000003
01-11-2006,-3.3339999999999996
01-12-2006,-1.968
01-01-2007,-0.40800000000000036
01-02-2007,-0.35799999999999965
01-03-2007,2.2640000000000002
01-04-2007,3.338
01-05-2007,2.6950000000000003
01-06-2007,1.7909999999999986
01-07-2007,0.9210000000000012
01-08-2007,-0.47799999999999976
01-09-2007,-1.822000000000001
01-10-2007,-2.597999999999999
01-11-2007,-3.248000000000001
01-12-2007,-2.561
01-01-2008,-1.6789999999999998
01-02-2008,0.7320000000000002
01-03-2008,3.3299999999999996
01-04-2008,2.3890000000000002
01-05-2008,2.7590000000000003
01-06-2008,2.0909999999999993
01-07-2008,1.029
01-08-2008,-0.7969999999999988
01-09-2008,-1.575000000000001
01-10-2008,-2.4030000000000005
01-11-2008,-3.174999999999999
01-12-2008,-2.8390000000000004
01-01-2009,-0.698
01-02-2009,0.4070000000000005
01-03-2009,1.992
01-04-2009,3.2810000000000006
01-05-2009,2.744999999999999
01-06-2009,2.0890000000000004
01-07-2009,1.0299999999999994
01-08-2009,-0.5760000000000005
01-09-2009,-1.501999999999999
01-10-2009,-3.0170000000000012
01-11-2009,-3.1049999999999995
01-12-2009,-2.721
01-01-2010,-0.5729999999999995
01-02-2010,0.6619999999999999
01-03-2010,2.3390000000000004
01-04-2010,2.932999999999999
01-05-2010,2.735000000000001
01-06-2010,2.014999999999999
01-07-2010,0.7919999999999998
01-08-2010,-0.4449999999999985
01-09-2010,-1.9050000000000011
01-10-2010,-2.4209999999999994
01-11-2010,-2.955
01-12-2010,-3.1950000000000003
01-01-2011,-1.0099999999999998
01-02-2011,0.46099999999999985
01-03-2011,2.358
01-04-2011,3.3820000000000006
01-05-2011,2.503
01-06-2011,2.3839999999999986
01-07-2011,1.112
01-08-2011,-0.46999999999999886
01-09-2011,-2.0999999999999996
01-10-2011,-2.5600000000000005
01-11-2011,-3.5380000000000003
01-12-2011,-2.159
01-01-2012,-1.4980000000000002
01-02-2012,0.4710000000000001
01-03-2012,2.3949999999999996
01-04-2012,3.6530000000000005
01-05-2012,2.9139999999999997
01-06-2012,1.902000000000001
01-07-2012,0.5839999999999996
01-08-2012,-0.35599999999999987
01-09-2012,-1.6800000000000015
01-10-2012,-2.6119999999999983
01-11-2012,-3.272000000000001
01-12-2012,-3.0539999999999994
01-01-2013,-0.41700000000000026
01-02-2013,0.5370000000000004
01-03-2013,2.0389999999999997
01-04-2013,2.7830000000000004
01-05-2013,3.151
01-06-2013,2.3729999999999993
01-07-2013,0.4350000000000005
01-08-2013,-0.26099999999999923
01-09-2013,-1.588000000000001
01-10-2013,-2.8979999999999997
01-11-2013,-2.832
01-12-2013,-2.7
01-01-2014,-0.992
01-02-2014,-0.2320000000000002
01-03-2014,2.878
01-04-2014,3.2110000000000003
01-05-2014,2.9930000000000003
01-06-2014,1.7530000000000001
01-07-2014,0.5379999999999985
01-08-2014,0.002000000000000668
01-09-2014,-1.7840000000000007
01-10-2014,-2.7609999999999992
01-11-2014,-3.617
01-12-2014,-1.8630000000000004
01-01-2015,-0.9689999999999999
01-02-2015,0.7829999999999999
01-03-2015,2.0760000000000005
01-04-2015,2.5730000000000004
01-05-2015,2.9989999999999988
01-06-2015,2.1930000000000014
01-07-2015,0.5459999999999994
01-08-2015,-0.2959999999999994
01-09-2015,-1.7560000000000002
01-10-2015,-2.1980000000000004
01-11-2015,-3.3680000000000003
01-12-2015,-1.915
