dt,AverageTemperature
1796-01-01,
1796-02-01,2.149000000000001
1796-03-01,3.1260000000000012
1796-04-01,4.913999999999998
1796-05-01,2.8019999999999996
1796-06-01,-0.7740000000000009
1796-07-01,-2.4609999999999985
1796-08-01,-0.24199999999999733
1796-09-01,-0.600000000000005
1796-10-01,-1.9269999999999996
1796-11-01,-3.844999999999999
1796-12-01,-4.7010000000000005
1797-01-01,2.464666666666666
1797-02-01,2.464666666666666
1797-03-01,2.4646666666666697
1797-04-01,3.6229999999999976
1797-05-01,2.862000000000002
1797-06-01,0.5159999999999982
1797-07-01,-2.9890000000000008
1797-08-01,-0.17499999999999716
1797-09-01,-0.6440000000000019
1797-10-01,-2.4019999999999975
1797-11-01,-4.347000000000001
1797-12-01,-2.221
1798-01-01,0.12400000000000588
1798-02-01,2.2989999999999924
1798-03-01,4.803000000000004
1798-04-01,1.6803333333333335
1798-05-01,1.6803333333333264
1798-06-01,1.680333333333337
1798-07-01,-1.4009999999999962
1798-08-01,-0.9590000000000032
1798-09-01,-1.0359999999999978
1798-10-01,-2.0749999999999993
1798-11-01,-3.1890000000000036
1798-12-01,-3.9810000000000016
1799-01-01,-0.0799999999999983
1799-02-01,1.3279999999999994
1799-04-01,4.916
1799-05-01,2.221
1799-06-01,-0.3569999999999993
1799-07-01,-2.6819999999999986
1799-08-01,-0.5040000000000013
1799-09-01,-0.5689999999999991
1799-10-01,-1.5079999999999991
1799-11-01,-4.439
1799-12-01,-3.2540000000000013
1800-01-01,0.1769999999999996
1800-02-01,2.6990000000000016
1800-03-01,3.1579999999999977
1800-05-01,0.9140000000000015
1800-06-01,-0.11100000000000065
1800-07-01,-2.7669999999999995
1800-08-01,-0.42499999999999005
1800-09-01,-1.070000000000011
1800-10-01,-0.6809999999999974
1800-11-01,-3.6930000000000014
1800-12-01,-3.076999999999998
1801-01-01,-0.11500000000000199
1801-02-01,1.4349999999999987
1801-04-01,1.1893333333333338
1801-05-01,1.1893333333333338
1801-06-01,1.1893333333333338
1801-07-01,-1.3800000000000026
1801-08-01,-1.196999999999992
1801-09-01,-0.47700000000000387
1801-10-01,-1.5970000000000013
1801-11-01,-3.5090000000000003
1801-12-01,-2.216000000000001
1802-01-01,-0.3719999999999999
1802-02-01,1.8300000000000018
1802-04-01,2.9869999999999983
1802-05-01,1.3930000000000007
1802-06-01,1.1879999999999988
1802-07-01,-2.570999999999998
1802-08-01,-1.245000000000001
1802-09-01,0.1180000000000021
1802-10-01,-2.1350000000000016
1802-11-01,-4.306000000000001
1802-12-01,-3.4629999999999974
1803-01-01,-1.1920000000000002
1803-02-01,2.6679999999999993
1803-04-01,4.942
1803-05-01,1.9920000000000009
1803-06-01,-0.6140000000000008
1803-07-01,-1.7669999999999995
1803-08-01,-0.08599999999999497
1803-09-01,-1.058000000000007
1803-10-01,-2.4129999999999896
1803-11-01,-3.570000000000011
1803-12-01,-3.8279999999999994
1804-01-01,0.5219999999999985
1804-02-01,1.6670000000000016
1804-03-01,4.105
1804-05-01,1.561
1804-06-01,-0.7399999999999984
1804-07-01,-1.257999999999992
1804-08-01,-1.9060000000000095
1804-09-01,-0.2749999999999986
1804-10-01,-2.349
1804-11-01,-2.5400000000000027
1805-01-01,0.5899999999999999
1805-02-01,1.8629999999999995
1805-03-01,4.905999999999999
1805-04-01,3.0919999999999987
1805-05-01,3.043000000000003
1805-06-01,-0.1180000000000021
1805-07-01,-2.88999999999999
1805-08-01,0.14399999999999125
1805-09-01,-1.277000000000001
1805-10-01,-3.1050000000000004
1805-11-01,-2.879999999999999
1805-12-01,-1.8659999999999997
1806-01-01,-0.9929999999999986
1806-02-01,1.926999999999996
1806-03-01,3.9940000000000033
1806-04-01,4.346
1806-05-01,2.6119999999999983
1806-06-01,-1.9170000000000016
1806-07-01,-1.0589999999999975
1806-08-01,-0.10699999999999932
1806-09-01,-0.03300000000000125
1806-10-01,-3.100999999999999
1806-11-01,-3.3019999999999996
1806-12-01,-2.7899999999999956
1807-01-01,-1.6870000000000065
1807-02-01,2.824
1807-03-01,3.0246666666666684
1807-04-01,3.024666666666665
1807-05-01,3.0246666666666684
1807-06-01,1.6679999999999993
1807-07-01,-1.9100000000000001
1807-08-01,-1.183999999999994
1807-09-01,0.017999999999993577
1807-10-01,-2.8790000000000013
1807-11-01,-3.2109999999999985
1807-12-01,-2.0710000000000015
1808-01-01,-0.06270491803278588
1808-02-01,-0.06270491803278944
1808-03-01,-0.06270491803278233
1808-04-01,-0.06270491803278944
1808-05-01,-0.06270491803278588
1808-06-01,-0.06270491803278944
1808-07-01,-0.06270491803278588
1808-08-01,-0.06270491803278588
1808-09-01,-0.06270491803278944
1808-10-01,-0.06270491803278588
1808-11-01,-0.06270491803278588
1808-12-01,-0.06270491803278588
1809-01-01,-0.06270491803278944
1809-02-01,-0.06270491803278588
1809-03-01,-0.06270491803278588
1809-04-01,-0.06270491803278588
1809-05-01,-0.06270491803278944
1809-06-01,-0.06270491803278588
1809-07-01,-0.06270491803278588
1809-08-01,-0.06270491803278944
1809-09-01,-0.06270491803278588
1809-10-01,-0.06270491803278588
1809-11-01,-0.06270491803278588
1809-12-01,-0.06270491803278944
1810-01-01,-0.06270491803278588
1810-02-01,-0.06270491803278588
1810-03-01,-0.06270491803278588
1810-04-01,-0.06270491803278944
1810-05-01,-0.06270491803278588
1810-06-01,-0.06270491803278588
1810-07-01,-0.06270491803278944
1810-08-01,-0.06270491803278588
1810-09-01,-0.06270491803278588
1810-10-01,-0.06270491803278588
1810-11-01,-0.06270491803278944
1810-12-01,-0.06270491803278588
1811-01-01,-0.06270491803278766
1811-02-01,-0.06270491803278588
1811-03-01,-0.06270491803278766
1811-04-01,-0.06270491803278588
1811-05-01,-0.06270491803278766
1811-06-01,-0.06270491803278588
1811-07-01,-0.06270491803278588
1811-08-01,-0.06270491803278944
1811-09-01,-0.06270491803278588
1811-10-01,-0.06270491803278766
1811-11-01,-0.06270491803278588
1811-12-01,-0.06270491803278588
1812-01-01,-0.06270491803278766
1812-02-01,-0.06270491803278588
1812-03-01,-0.06270491803278766
1812-04-01,-0.06270491803278944
1812-05-01,-0.06270491803278766
1812-06-01,-0.06270491803278411
1812-07-01,-0.06270491803278588
1812-08-01,-0.06270491803278766
1812-09-01,-0.06270491803278766
1812-10-01,-0.06270491803278588
1812-11-01,-0.06270491803278766
1812-12-01,-0.06270491803278411
1813-01-01,-0.06270491803278944
1813-02-01,4.07
1813-03-01,2.8599999999999994
1813-05-01,2.641999999999996
1813-06-01,-2.2079999999999984
1813-07-01,-1.4510000000000005
1813-08-01,-1.5770000000000017
1813-09-01,0.46900000000000475
1813-10-01,-2.575000000000003
1813-11-01,-2.122
1814-01-01,-0.36600000000000144
1814-02-01,3.146000000000001
1814-03-01,3.617000000000001
1814-04-01,4.312999999999999
1814-05-01,1.2020000000000017
1814-06-01,1.2019999999999982
1814-07-01,-3.3999999999999986
1814-08-01,-0.20499999999999474
1814-09-01,-0.742000000000008
1814-10-01,-2.0829999999999984
1814-11-01,-1.4929999999999986
1814-12-01,-2.436
1815-01-01,-2.6560000000000024
1815-02-01,3.242000000000001
1815-03-01,3.0509999999999984
1815-05-01,1.9079999999999977
1815-06-01,-2.716999999999995
1815-07-01,-0.20699999999999363
1815-08-01,-0.7390000000000079
1815-09-01,-0.4230000000000018
1815-10-01,-3.120000000000001
1815-11-01,-3.1690000000000005
1815-12-01,-3.4929999999999986
1816-01-01,1.0039999999999978
1816-02-01,-0.125
1816-04-01,3.886999999999997
1816-05-01,3.213000000000001
1816-06-01,-1.350999999999999
1816-07-01,-3.1030000000000015
1816-08-01,-0.21199999999998909
1816-09-01,-0.8710000000000093
1816-10-01,-2.5730000000000004
1816-11-01,-2.437000000000001
1816-12-01,-3.153999999999998
1817-01-01,0.10299999999999976
1817-02-01,2.911999999999999
1817-03-01,3.722999999999999
1817-04-01,4.501000000000001
1817-05-01,1.2280000000000015
1817-06-01,-1.1449999999999996
1817-07-01,-1.5210000000000008
1817-08-01,0.054999999999999716
1817-09-01,-2.3560000000000016
1817-10-01,-1.4100000000000001
1817-11-01,-2.59
1817-12-01,-3.7409999999999997
1818-01-01,0.5040000000000013
1818-02-01,1.9469999999999992
1818-04-01,4.698
1818-05-01,2.1690000000000005
1818-06-01,-1.0630000000000024
1818-07-01,-3.5869999999999997
1818-08-01,-0.5729999999999933
1818-09-01,-0.6710000000000029
1818-10-01,-2.0320000000000036
1818-11-01,-2.690999999999999
1818-12-01,-3.157
1819-01-01,-1.7929999999999993
1819-02-01,3.230999999999998
1819-03-01,4.405000000000001
1819-04-01,3.9979999999999976
1819-05-01,2.6430000000000007
1819-06-01,-0.41799999999999926
1819-07-01,-2.343
1819-08-01,-0.7319999999999993
1819-09-01,-0.5559999999999974
1819-10-01,-1.3510000000000026
1819-11-01,-3.279
1819-12-01,-4.014999999999999
1820-01-01,-1.0660000000000025
1820-02-01,2.6370000000000022
1820-05-01,1.4569999999999972
1820-06-01,-0.8399999999999999
1820-07-01,-2.2709999999999972
1820-08-01,-1.123000000000001
1820-09-01,0.0470000000000006
1820-10-01,-2.1090000000000018
1820-11-01,-3.224999999999998
1820-12-01,-3.553999999999995
1821-01-01,1.2599999999999945
1821-02-01,2.664999999999999
1821-03-01,3.8760000000000012
1821-04-01,2.814
1821-05-01,2.990000000000002
1821-06-01,-1.049000000000003
1821-07-01,-2.389999999999997
1821-08-01,-0.5050000000000026
1821-09-01,-1.4810000000000016
1821-10-01,-1.1429999999999971
1821-11-01,-2.6340000000000003
1821-12-01,-3.376999999999999
1822-01-01,0.48799999999999955
1822-02-01,3.1899999999999977
1822-03-01,4.815999999999999
1822-04-01,1.6070000000000029
1822-05-01,2.4349999999999987
1822-06-01,-1.1099999999999994
1822-07-01,-1.7929999999999993
1822-08-01,-1.5249999999999986
1822-09-01,-0.6220000000000034
1822-10-01,-2.0010000000000012
1822-11-01,-3.183
1822-12-01,-3.2779999999999987
1823-01-01,0.8240000000000016
1823-02-01,2.478999999999999
1823-03-01,4.108999999999998
1823-04-01,4.300000000000001
1823-05-01,1.657
1823-06-01,-0.1479999999999997
1823-07-01,-2.5759999999999934
1823-08-01,-1.5409999999999968
1823-09-01,-1.2680000000000113
1823-10-01,-0.7349999999999994
1823-11-01,-3.7620000000000005
1823-12-01,-2.2479999999999976
1824-01-01,0.1739999999999995
1824-02-01,2.003
1824-03-01,4.410999999999998
1824-04-01,3.7870000000000026
1824-05-01,2.0269999999999975
1824-06-01,-0.22100000000000009
1824-07-01,-1.2909999999999968
1824-08-01,-2.091000000000001
1824-09-01,-0.15800000000000125
1824-10-01,-3.041999999999998
1824-11-01,-2.2020000000000017
1824-12-01,-1.811
1825-01-01,-1.3229999999999933
1825-02-01,2.1419999999999924
1825-03-01,4.056000000000001
1825-04-01,4.337
1825-05-01,1.568999999999999
1825-06-01,-0.31999999999999673
1825-07-01,-2.34
1825-08-01,-1.5250000000000021
1825-09-01,-0.4259999999999984
1825-10-01,-1.7460000000000022
1825-11-01,-2.137999999999998
1825-12-01,-3.9750000000000014
1826-01-01,0.0010000000000012221
1826-02-01,1.3039999999999985
1826-04-01,4.0710000000000015
1826-05-01,2.649000000000001
1826-06-01,-2.1110000000000007
1826-07-01,-1.1999999999999993
1826-08-01,-1.9899999999999913
1826-09-01,-0.1930000000000085
1826-10-01,-1.3570000000000029
1826-11-01,-2.544999999999998
1826-12-01,-2.4909999999999997
1827-01-01,-0.7000000000000028
1827-02-01,1.9150000000000027
1827-03-01,4.361999999999998
1827-04-01,4.027000000000001
1827-05-01,1.3829999999999991
1827-06-01,-0.5879999999999974
1827-07-01,-1.6900000000000013
1827-08-01,-1.5489999999999995
1827-09-01,-1.0620000000000012
1827-10-01,-1.413999999999998
1827-11-01,-2.253
1827-12-01,-4.030000000000001
1828-01-01,-0.8589999999999982
1828-02-01,2.647999999999996
1828-03-01,4.912000000000003
1828-04-01,3.5619999999999976
1828-05-01,2.307000000000002
1828-06-01,0.14099999999999824
1828-07-01,-2.5209999999999972
1828-08-01,-1.4450000000000003
1828-09-01,-1.8230000000000004
1828-10-01,-0.4930000000000021
1828-11-01,-2.5549999999999997
1828-12-01,-3.448999999999998
1829-01-01,-0.5869999999999997
1829-02-01,1.3840000000000003
1829-04-01,3.676000000000002
1829-05-01,2.767999999999997
1829-06-01,-1.0060000000000002
1829-07-01,-2.038999999999998
1829-08-01,-1.1529999999999987
1829-09-01,-0.9760000000000026
1829-10-01,-0.8429999999999964
1829-11-01,-3.8960000000000043
1829-12-01,-2.9639999999999986
1830-01-01,0.1490000000000009
1830-02-01,2.7089999999999996
1830-03-01,3.3000000000000007
1830-04-01,4.437999999999999
1830-05-01,0.4089999999999989
1830-06-01,0.7230000000000025
1830-07-01,-1.2710000000000008
1830-08-01,-1.9160000000000004
1830-09-01,-0.9009999999999998
1830-10-01,-1.3399999999999999
1830-11-01,-1.6239999999999988
1830-12-01,-3.492000000000001
1831-01-01,-1.5169999999999995
1831-02-01,2.581999999999997
1831-03-01,4.41
1831-04-01,3.1330000000000027
1831-05-01,3.230999999999998
1831-06-01,-0.7119999999999997
1831-07-01,-2.9639999999999986
1831-08-01,-1.338000000000001
1831-09-01,-0.8509999999999991
1831-10-01,-1.2620000000000005
1831-11-01,-3.493000000000002
1831-12-01,-2.792999999999992
1832-01-01,-0.4300000000000068
1832-02-01,2.1240000000000023
1832-04-01,4.064000000000004
1832-05-01,2.375
1832-06-01,-1.434000000000001
1832-07-01,-1.434000000000001
1832-08-01,-1.711000000000002
1832-09-01,-1.1829999999999998
1832-10-01,-1.1749999999999972
1832-11-01,-3.581000000000003
1832-12-01,-1.2299999999999969
1833-01-01,-1.2300000000000004
1833-02-01,2.3859999999999992
1833-03-01,3.759999999999998
1833-04-01,3.761000000000003
1833-05-01,2.038999999999998
1833-06-01,0.22000000000000242
1833-07-01,-2.261000000000003
1833-08-01,-1.6869999999999976
1833-09-01,-0.3960000000000008
1833-10-01,-1.8590000000000018
1833-11-01,-2.2559999999999967
1833-12-01,-3.2340000000000018
1834-01-01,-1.8589999999999982
1834-02-01,3.562999999999999
1834-03-01,4.4830000000000005
1834-04-01,3.1129999999999995
1834-05-01,3.466000000000001
1834-06-01,-1.8580000000000005
1834-07-01,-1.8240000000000016
1834-08-01,-1.0779999999999994
1834-09-01,-0.2789999999999999
1834-10-01,-2.065999999999999
1834-11-01,-2.6430000000000007
1834-12-01,-2.782
1835-01-01,-0.7380000000000031
1835-02-01,2.1190000000000033
1835-03-01,3.3119999999999976
1835-04-01,3.753
1835-05-01,2.1320000000000014
1835-06-01,-0.6720000000000006
1835-07-01,-1.936
1835-08-01,-1.0919999999999987
1835-09-01,-0.5440000000000005
1835-10-01,-1.4179999999999993
1835-11-01,-3.8200000000000003
1835-12-01,-3.107000000000001
1836-01-01,0.5860000000000003
1836-02-01,2.3790000000000013
1836-03-01,4.315999999999999
1836-04-01,3.6069999999999993
1836-05-01,2.5970000000000013
1836-06-01,-0.43900000000000006
1836-07-01,-2.34
1836-08-01,-1.3500000000000014
1836-09-01,-0.038000000000000256
1836-10-01,-1.306000000000001
1836-11-01,-4.389999999999997
1836-12-01,-2.093
1837-01-01,-0.2480000000000011
1837-02-01,2.495000000000001
1837-03-01,3.0879999999999974
1837-04-01,3.2540000000000013
1837-05-01,2.4220000000000006
1837-06-01,-0.16900000000000048
1837-07-01,-1.657
1837-08-01,-0.9789999999999992
1837-09-01,-0.17600000000000193
1837-10-01,-2.2159999999999975
1837-11-01,-3.336000000000002
1837-12-01,-2.436
1838-01-01,-2.7119999999999997
1838-02-01,3.612000000000002
1838-03-01,4.269000000000002
1838-04-01,4.676999999999996
1838-05-01,1.5519999999999996
1838-06-01,-0.029999999999997584
1838-07-01,-1.367999999999995
1838-08-01,-1.5080000000000062
1838-09-01,-0.4230000000000018
1838-10-01,-1.7909999999999968
1838-11-01,-3.6060000000000016
1838-12-01,-3.0050000000000026
1839-01-01,0.14900000000000446
1839-02-01,2.7079999999999984
1839-03-01,2.0680000000000014
1839-05-01,1.8550000000000004
1839-06-01,-0.578000000000003
1839-07-01,-1.421999999999997
1839-08-01,-1.1980000000000004
1839-09-01,-0.9510000000000005
1839-10-01,-1.1310000000000002
1839-11-01,-4.651
1839-12-01,-2.776
1840-01-01,1.1809999999999974
1840-02-01,1.9130000000000003
1840-03-01,3.671000000000003
1840-04-01,4.2479999999999976
1840-05-01,2.057000000000002
1840-06-01,-0.6270000000000024
1840-07-01,-1.4299999999999997
1840-08-01,-1.698999999999998
1840-09-01,-0.7360000000000007
1840-10-01,-1.6750000000000007
1840-11-01,-3.6709999999999994
1840-12-01,-2.5599999999999987
1841-01-01,-0.13800000000000168
1841-02-01,2.4179999999999993
1841-03-01,3.2190000000000047
1841-04-01,3.849999999999998
1841-05-01,2.5969999999999978
1841-06-01,-0.3030000000000008
1841-07-01,-1.346
1841-08-01,-1.6549999999999976
1841-09-01,-0.4079999999999977
1841-10-01,-2.089000000000002
1841-11-01,-3.0180000000000007
1841-12-01,-3.150000000000002
1842-01-01,-0.2309999999999981
1842-02-01,2.593
1842-03-01,4.376000000000001
1842-04-01,3.6469999999999985
1842-05-01,1.9420000000000037
1842-06-01,-0.9380000000000024
1842-07-01,-1.5429999999999993
1842-08-01,-1.3340000000000032
1842-09-01,-0.7429999999999986
1842-10-01,-1.5350000000000001
1842-11-01,-3.225999999999999
1842-12-01,-2.2279999999999944
1843-01-01,-0.49600000000000577
1843-02-01,2.678000000000001
1843-03-01,3.0569999999999986
1843-04-01,3.7880000000000003
1843-05-01,1.7759999999999998
1843-06-01,-0.17599999999999838
1843-07-01,-1.492999999999995
1843-08-01,-1.1100000000000065
1843-09-01,-0.5899999999999999
1843-10-01,-1.8580000000000005
1843-11-01,-3.646000000000001
1843-12-01,-2.8739999999999988
1844-01-01,-0.28699999999999903
1844-02-01,1.600999999999999
1844-04-01,3.673000000000002
1844-05-01,1.6229999999999976
1844-06-01,-0.02699999999999747
1844-07-01,-2.021000000000001
1844-08-01,-0.8350000000000009
1844-09-01,-0.8389999999999986
1844-10-01,-1.490000000000002
1844-11-01,-3.3200000000000003
1844-12-01,-3.0169999999999924
1845-01-01,0.08099999999999596
1845-02-01,1.6099999999999994
1845-03-01,4.919999999999998
1845-04-01,3.3530000000000015
1845-05-01,2.375
1845-06-01,-0.9060000000000024
1845-07-01,-1.3499999999999979
1845-08-01,-1.1069999999999993
1845-09-01,-0.536999999999999
1845-10-01,-2.208000000000002
1845-11-01,-3.225999999999999
1845-12-01,-3.5680000000000014
1846-01-01,1.7070000000000007
1846-02-01,1.5539999999999985
1846-03-01,4.908999999999999
1846-04-01,2.378
1846-05-01,2.4720000000000013
1846-06-01,-0.5529999999999973
1846-07-01,-1.3049999999999962
1846-08-01,-1.2780000000000058
1846-09-01,-1.0
1846-10-01,-2.3119999999999976
1846-11-01,-2.677000000000003
1846-12-01,-2.907
1847-01-01,-0.04100000000000037
1847-02-01,1.9810000000000016
1847-03-01,3.5299999999999976
1847-04-01,4.429000000000002
1847-05-01,1.6600000000000001
1847-06-01,-0.5470000000000006
1847-07-01,-1.3790000000000013
1847-08-01,-1.1409999999999982
1847-09-01,-0.5339999999999989
1847-10-01,-2.0230000000000032
1847-11-01,-3.2139999999999986
1847-12-01,-4.406999999999998
1848-01-01,0.37299999999999756
1848-02-01,3.314000000000002
1848-03-01,3.686
1848-04-01,3.7409999999999997
1848-05-01,2.164999999999999
1848-06-01,-0.8949999999999996
1848-07-01,-1.0569999999999986
1848-08-01,-1.1920000000000002
1848-09-01,-0.6130000000000031
1848-10-01,-1.972999999999999
1848-11-01,-3.5549999999999997
1848-12-01,-2.6960000000000015
1849-01-01,-0.8539999999999957
1849-02-01,2.5699999999999967
1849-03-01,4.705000000000002
1849-04-01,3.654
1849-05-01,2.0299999999999976
1849-06-01,-0.9859999999999971
1849-07-01,-1.3440000000000012
1849-08-01,-0.990000000000002
1849-09-01,-0.634999999999998
1849-10-01,-1.6099999999999994
1849-11-01,-3.0630000000000024
1849-12-01,-4.366999999999999
1850-01-01,-0.06799999999999962
1850-02-01,2.843
1850-03-01,4.234000000000002
1850-04-01,3.7689999999999984
1850-05-01,1.843
1850-06-01,0.2029999999999994
1850-07-01,-1.7270000000000003
1850-08-01,-0.9519999999999982
1850-09-01,-0.6189999999999998
1850-10-01,-1.0039999999999978
1850-11-01,-3.886000000000003
1850-12-01,-4.038
1851-01-01,-0.47300000000000253
1851-02-01,2.5550000000000033
1851-03-01,4.347999999999999
1851-04-01,3.719999999999999
1851-05-01,2.794000000000004
1851-06-01,-1.0100000000000016
1851-07-01,-1.7000000000000028
1851-08-01,-0.7529999999999966
1851-09-01,-0.36400000000000077
1851-10-01,-1.6660000000000004
1851-11-01,-4.109000000000002
1851-12-01,-2.979999999999997
1852-01-01,-0.10999999999999588
1852-02-01,2.657999999999994
1852-03-01,2.8979999999999997
1852-04-01,4.195
1852-05-01,2.4860000000000007
1852-06-01,-0.5040000000000013
1852-07-01,-1.7589999999999932
1852-08-01,-1.103000000000005
1852-09-01,-0.2920000000000016
1852-10-01,-2.021000000000001
1852-11-01,-3.9079999999999977
1852-12-01,-2.469000000000001
1853-01-01,-1.134999999999998
1853-02-01,3.1069999999999993
1853-03-01,4.533999999999999
1853-04-01,3.492000000000001
1853-05-01,2.6030000000000015
1853-06-01,-0.2360000000000042
1853-07-01,-1.8649999999999984
1853-08-01,-1.3520000000000003
1853-09-01,-0.43100000000000094
1853-10-01,-2.164999999999999
1853-11-01,-3.854999999999997
1853-12-01,-2.5970000000000013
1854-01-01,-0.2530000000000001
1854-02-01,1.625
1854-04-01,3.3810000000000002
1854-05-01,2.803000000000001
1854-06-01,-0.8269999999999982
1854-07-01,-1.5670000000000002
1854-08-01,-1.1119999999999948
1854-09-01,-0.7590000000000074
1854-10-01,-1.1329999999999991
1854-11-01,-3.7689999999999984
1854-12-01,-3.2330000000000005
1855-01-01,-0.15200000000000102
1855-02-01,2.3689999999999998
1855-03-01,3.836000000000002
1855-04-01,4.591999999999999
1855-05-01,2.2119999999999997
1855-06-01,-1.2800000000000011
1855-07-01,-1.7680000000000007
1855-08-01,-0.9209999999999887
1855-09-01,-0.7330000000000112
1855-10-01,-2.0529999999999973
1855-11-01,-3.433
1855-12-01,-3.6720000000000006
1856-01-01,0.657
1856-02-01,2.0779999999999994
1856-03-01,4.077999999999999
1856-04-01,3.865000000000002
1856-05-01,2.1459999999999972
1856-06-01,-0.3789999999999978
1856-07-01,-2.2379999999999995
1856-08-01,-1.6310000000000002
1856-09-01,0.022999999999999687
1856-10-01,-1.8800000000000026
1856-11-01,-3.224999999999998
1856-12-01,-2.9890000000000008
1857-01-01,-0.7369999999999983
1857-02-01,2.2659999999999982
1857-03-01,4.3820000000000014
1857-04-01,3.5090000000000003
1857-05-01,2.4669999999999987
1857-06-01,-0.9969999999999999
1857-07-01,-1.404
1857-08-01,-0.7310000000000016
1857-09-01,-0.4209999999999994
1857-10-01,-2.3739999999999988
1857-11-01,-3.1140000000000008
1857-12-01,-2.8649999999999984
1858-01-01,0.259999999999998
1858-02-01,1.9690000000000012
1858-03-01,4.361000000000001
1858-04-01,4.524999999999999
1858-05-01,1.5360000000000014
1858-06-01,-0.8979999999999997
1858-07-01,-2.1060000000000016
1858-08-01,-0.6969999999999992
1858-09-01,-0.4480000000000004
1858-10-01,-1.5519999999999996
1858-11-01,-3.0410000000000004
1858-12-01,-4.3480000000000025
1859-01-01,0.3320000000000043
1859-02-01,2.5289999999999964
1859-03-01,4.485000000000003
1859-04-01,4.149999999999999
1859-05-01,2.076999999999998
1859-06-01,-1.0729999999999968
1859-07-01,-2.2590000000000003
1859-08-01,-1.0
1859-09-01,-0.45899999999999963
1859-10-01,-1.3340000000000032
1859-11-01,-3.5219999999999985
1859-12-01,-3.4349999999999987
1860-01-01,-0.48499999999999943
1860-02-01,2.4879999999999995
1860-03-01,3.3260000000000005
1860-05-01,2.333000000000002
1860-06-01,-0.6580000000000013
1860-07-01,-1.977999999999998
1860-08-01,-0.7330000000000005
1860-09-01,-0.3100000000000023
1860-10-01,-2.166999999999998
1860-11-01,-3.8369999999999997
1860-12-01,-4.286999999999999
1861-01-01,-0.27800000000000225
1861-02-01,3.065999999999999
1861-03-01,4.698
1861-04-01,3.961000000000002
1861-05-01,2.2029999999999994
1861-06-01,-0.6099999999999994
1861-07-01,-1.945999999999998
1861-08-01,-0.8229999999999933
1861-09-01,-0.5010000000000083
1861-10-01,-1.9080000000000013
1861-11-01,-3.0829999999999984
1861-12-01,-3.6720000000000006
1862-01-01,-1.3230000000000004
1862-02-01,2.568999999999999
1862-03-01,4.844999999999999
1862-04-01,-0.16055882352940998
1862-05-01,-0.16055882352941708
1862-06-01,-0.16055882352940642
1862-07-01,-0.16055882352941353
1862-08-01,-0.16055882352940998
1862-09-01,-0.16055882352941353
1862-10-01,-0.16055882352940642
1862-11-01,-0.16055882352941353
1862-12-01,-0.16055882352941708
1863-01-01,-0.16055882352940642
1863-02-01,-0.16055882352941353
1863-03-01,-0.16055882352940998
1863-04-01,-0.16055882352941353
1863-05-01,-0.16055882352940642
1863-06-01,-0.16055882352941353
1863-07-01,-0.16055882352941708
1863-08-01,-0.16055882352940998
1863-09-01,-0.16055882352940998
1863-10-01,-0.16055882352940998
1863-11-01,-0.16055882352941353
1863-12-01,-0.16055882352940642
1864-01-01,-0.16055882352941708
1864-02-01,-0.16055882352940998
1864-03-01,-0.16055882352941353
1864-04-01,-0.16055882352940998
1864-05-01,-0.16055882352940998
1864-06-01,-0.16055882352941353
1864-07-01,-0.16055882352940642
1864-08-01,-0.16055882352941708
1864-09-01,-0.16055882352940998
1864-10-01,-0.16055882352941353
1864-11-01,-0.16055882352940998
1864-12-01,-0.16055882352940998
1865-01-01,-0.16055882352941353
1865-02-01,1.7439999999999927
1865-03-01,3.6300000000000026
1865-04-01,4.276
1865-05-01,2.565999999999999
1865-06-01,-0.24599999999999866
1865-07-01,-2.3329999999999984
1865-08-01,-0.8720000000000034
1865-09-01,-0.004000000000001336
1865-10-01,-1.9749999999999979
1865-11-01,-3.2349999999999994
1865-12-01,-3.9750000000000014
1866-01-01,0.36100000000000065
1866-02-01,1.6099999999999994
1866-03-01,4.187999999999999
1866-04-01,4.484000000000002
1866-05-01,2.4130000000000003
1866-06-01,-1.1039999999999992
1866-07-01,-1.6620000000000026
1866-08-01,-1.1980000000000004
1866-09-01,-0.2099999999999973
1866-10-01,-2.1469999999999914
1866-11-01,-3.285000000000011
1866-12-01,-2.5209999999999972
1867-01-01,-0.7809999999999953
1867-02-01,1.9539999999999935
1867-03-01,4.376999999999999
1867-04-01,4.234000000000002
1867-05-01,1.7800000000000011
1867-06-01,-0.35400000000000276
1867-07-01,-2.1159999999999926
1867-08-01,-0.875
1867-09-01,-0.31800000000000495
1867-10-01,-1.674000000000003
1867-11-01,-2.8249999999999957
1867-12-01,-3.4709999999999965
1868-01-01,-1.377000000000006
1868-02-01,2.16
1868-03-01,4.4190000000000005
1868-04-01,4.599999999999998
1868-05-01,2.3880000000000017
1868-06-01,-1.065999999999999
1868-07-01,-1.9649999999999999
1868-08-01,-0.7000000000000028
1868-09-01,-0.39699999999999847
1868-10-01,-1.495000000000001
1868-11-01,-4.1789999999999985
1868-12-01,-3.2139999999999986
1869-01-01,-0.3160000000000025
1869-02-01,3.224
1869-03-01,3.2169999999999987
1869-04-01,4.619
1869-05-01,2.051000000000002
1869-06-01,-0.745000000000001
1869-07-01,-1.9519999999999982
1869-08-01,-1.091000000000001
1869-09-01,0.03300000000000125
1869-10-01,-2.1050000000000004
1869-11-01,-3.7200000000000024
1869-12-01,-3.7799999999999976
1870-01-01,0.17800000000000082
1870-02-01,2.200999999999997
1870-03-01,4.519000000000002
1870-04-01,4.3359999999999985
1870-05-01,2.5839999999999996
1870-06-01,-1.3679999999999986
1870-07-01,-2.193999999999999
1870-08-01,-1.1650000000000027
1870-09-01,0.09299999999999997
1870-10-01,-1.783999999999999
1870-11-01,-3.646000000000001
1870-12-01,-3.9579999999999984
1871-01-01,0.03700000000000614
1871-02-01,2.747999999999994
1871-03-01,4.337
1871-04-01,4.332000000000001
1871-05-01,1.852999999999998
1871-06-01,-0.4539999999999971
1871-07-01,-2.4470000000000027
1871-08-01,-0.5019999999999989
1871-09-01,-0.19099999999999895
1871-10-01,-1.8049999999999997
1871-11-01,-4.206000000000003
1871-12-01,-3.046999999999997
1872-01-01,-0.31400000000000006
1872-02-01,2.1849999999999987
1872-04-01,3.4659999999999975
1872-05-01,2.2200000000000024
1872-06-01,-0.8210000000000015
1872-07-01,-2.1260000000000012
1872-08-01,-0.8879999999999981
1872-09-01,-0.1529999999999987
1872-10-01,-1.5500000000000007
1872-11-01,-3.969000000000001
1872-12-01,-3.1719999999999935
1873-01-01,-0.6120000000000054
1873-02-01,3.0539999999999985
1873-03-01,3.803000000000001
1873-04-01,4.100000000000001
1873-05-01,2.6449999999999996
1873-06-01,-1.1110000000000007
1873-07-01,-1.9109999999999907
1873-08-01,-0.8630000000000067
1873-09-01,-0.35600000000000165
1873-10-01,-1.6239999999999988
1873-11-01,-3.863000000000003
1873-12-01,-2.9339999999999975
1874-01-01,-0.9430000000000014
1874-02-01,2.7979999999999983
1874-03-01,3.5090000000000003
1874-05-01,1.8520000000000003
1874-06-01,-0.7379999999999995
1874-07-01,-2.059000000000001
1874-08-01,-0.6400000000000006
1874-09-01,-0.4759999999999991
1874-10-01,-1.1419999999999995
1874-11-01,-3.7230000000000025
1874-12-01,-4.0169999999999995
1875-01-01,-0.3559999999999981
1875-02-01,2.384999999999998
1875-04-01,3.3309999999999995
1875-05-01,1.3500000000000014
1875-06-01,-0.6499999999999986
1875-07-01,-2.353999999999992
1875-08-01,-0.8090000000000082
1875-09-01,-0.1490000000000009
1875-10-01,-2.6050000000000004
1875-11-01,-2.9720000000000013
1875-12-01,-2.5379999999999967
1876-01-01,-0.5040000000000013
1876-02-01,2.1869999999999976
1876-03-01,4.511000000000003
1876-04-01,3.853999999999999
1876-05-01,2.469000000000001
1876-06-01,-0.375
1876-07-01,-3.0550000000000033
1876-08-01,-0.6429999999999971
1876-09-01,-0.6030000000000015
1876-10-01,-2.1739999999999995
1876-11-01,-3.245000000000001
1876-12-01,-3.1679999999999993
1877-01-01,-0.03399999999999892
1877-02-01,1.1099999999999994
1877-04-01,2.6409999999999982
1877-05-01,2.7680000000000007
1877-06-01,0.6380000000000017
1877-07-01,-1.4080000000000013
1877-08-01,-0.5869999999999997
1877-09-01,-0.7169999999999987
1877-10-01,-2.646000000000001
1877-11-01,-2.293999999999997
1877-12-01,-3.525000000000002
1878-01-01,-1.647000000000002
1878-02-01,3.8290000000000006
1878-03-01,4.177
1878-04-01,2.7779999999999987
1878-05-01,1.2800000000000011
1878-06-01,1.8640000000000008
1878-07-01,-2.942
1878-08-01,-1.1930000000000014
1878-09-01,0.142000000000003
1878-10-01,-1.4480000000000004
1878-11-01,-4.088999999999999
1878-12-01,-4.087000000000003
1879-01-01,0.245000000000001
1879-02-01,2.777000000000001
1879-03-01,3.971
1879-04-01,4.759999999999998
1879-05-01,1.5869999999999997
1879-06-01,-2.007999999999999
1879-07-01,-1.4379999999999988
1879-08-01,-1.154
1879-09-01,-0.022999999999999687
1879-10-01,-1.7700000000000031
1879-11-01,-4.716999999999999
1879-12-01,-3.0139999999999993
1880-01-01,1.0210000000000008
1880-02-01,1.5039999999999978
1880-04-01,3.2970000000000006
1880-05-01,0.9559999999999995
1880-06-01,-0.8489999999999966
1880-07-01,-2.6230000000000047
1880-08-01,0.19000000000000128
1880-09-01,-0.6980000000000004
1880-10-01,-1.2409999999999997
1880-11-01,-4.370000000000001
1880-12-01,-3.2379999999999995
1881-01-01,-0.1979999999999933
1881-02-01,3.542999999999992
1881-03-01,2.769000000000002
1881-04-01,4.744
1881-05-01,2.2959999999999994
1881-06-01,-1.568999999999999
1881-07-01,-1.654
1881-08-01,-0.7359999999999971
1881-09-01,-0.08000000000000185
1881-10-01,-1.7409999999999997
1881-11-01,-4.394000000000002
1881-12-01,-2.7349999999999994
1882-01-01,0.5519999999999996
1882-02-01,1.1769999999999996
1882-04-01,2.9110000000000014
1882-05-01,1.4920000000000009
1882-06-01,-0.8399999999999999
1882-07-01,-2.096
1882-08-01,-0.015999999999994685
1882-09-01,-0.21400000000000574
1882-10-01,-1.809000000000001
1882-11-01,-4.2010000000000005
1882-12-01,-2.059000000000001
1883-01-01,-0.9259999999999984
1883-02-01,1.6099999999999994
1883-03-01,4.849
1883-04-01,4.803000000000001
1883-05-01,1.529
1883-06-01,-1.0769999999999982
1883-07-01,-2.003
1883-08-01,0.1789999999999985
1883-09-01,-0.9430000000000014
1883-10-01,-2.0749999999999993
1883-11-01,-4.452999999999999
1883-12-01,-3.7439999999999998
1884-01-01,0.9109999999999978
1884-02-01,2.027000000000001
1884-04-01,2.9750000000000014
1884-05-01,2.5189999999999984
1884-06-01,-0.9089999999999989
1884-07-01,-2.096
1884-08-01,-0.6850000000000023
1884-09-01,-0.5949999999999989
1884-10-01,-2.5239999999999903
1884-11-01,-4.0310000000000095
1884-12-01,-2.530000000000001
1885-01-01,0.654000000000007
1885-02-01,0.5829999999999949
1885-04-01,3.1590000000000025
1885-05-01,1.291999999999998
1885-06-01,0.4420000000000037
1885-07-01,-1.8510000000000026
1885-08-01,-0.6259999999999906
1885-09-01,-0.16600000000001103
1885-10-01,-1.6660000000000004
1885-11-01,-3.814
1885-12-01,-3.4709999999999965
1886-01-01,-0.3990000000000009
1886-02-01,1.939
1886-04-01,3.823999999999998
1886-05-01,2.0279999999999987
1886-06-01,-1.046999999999997
1886-07-01,-1.988000000000003
1886-08-01,-0.3739999999999988
1886-09-01,0.10699999999999932
1886-10-01,-1.5679999999999978
1886-11-01,-3.8420000000000023
1886-12-01,-3.483999999999998
1887-01-01,-0.8580000000000005
1887-02-01,2.2390000000000008
1887-04-01,3.6640000000000015
1887-05-01,2.6140000000000008
1887-06-01,-1.9750000000000014
1887-07-01,-2.0889999999999986
1887-08-01,-0.6010000000000026
1887-09-01,-0.06599999999999895
1887-10-01,-1.9519999999999982
1887-11-01,-3.401
1887-12-01,-3.173000000000002
1888-01-01,-1.0890000000000004
1888-02-01,3.1959999999999997
1888-04-01,3.3729999999999976
1888-05-01,1.5
1888-06-01,-0.1980000000000004
1888-07-01,-2.7650000000000006
1888-08-01,-0.7419999999999973
1888-09-01,0.18999999999999773
1888-10-01,-1.9429999999999978
1888-11-01,-3.586000000000002
1888-12-01,-3.7559999999999967
1889-01-01,1.0299999999999976
1889-02-01,1.7050000000000018
1889-04-01,3.4069999999999965
1889-05-01,1.8949999999999996
1889-06-01,-1.2979999999999983
1889-07-01,-1.904999999999994
1889-08-01,-0.7970000000000077
1889-09-01,0.02400000000000091
1889-10-01,-2.6209999999999987
1889-11-01,-3.594000000000001
1889-12-01,-2.6759999999999984
1890-01-01,-0.036000000000001364
1890-02-01,2.722999999999999
1890-03-01,4.051000000000002
1890-04-01,3.8939999999999984
1890-05-01,2.16
1890-06-01,-1.8369999999999962
1890-07-01,-2.421000000000003
1890-08-01,-0.4170000000000016
1890-09-01,0.28200000000000003
1890-10-01,-1.9469999999999992
1890-11-01,-3.594000000000001
1890-12-01,-2.5009999999999977
1891-01-01,-0.9319999999999986
1891-02-01,1.4719999999999978
1891-03-01,3.9589999999999996
1891-05-01,1.8080000000000034
1891-06-01,0.7709999999999972
1891-07-01,-2.6340000000000003
1891-08-01,-1.296999999999997
1891-09-01,-0.08900000000000219
1891-10-01,-2.303000000000001
1891-11-01,-3.178000000000001
1891-12-01,-3.206999999999997
1892-01-01,0.37500000000000355
1892-02-01,2.372999999999994
1892-03-01,4.815000000000001
1892-04-01,4.568999999999999
1892-05-01,0.7940000000000005
1892-06-01,-1.6159999999999997
1892-07-01,-1.7880000000000003
1892-08-01,-1.1899999999999977
1892-09-01,-0.1960000000000015
1892-10-01,-1.689
1892-11-01,-4.309000000000001
1892-12-01,-2.841000000000001
1893-01-01,-0.8999999999999986
1893-02-01,0.9269999999999996
1893-03-01,4.861000000000001
1893-05-01,1.4479999999999968
1893-06-01,-1.1819999999999986
1893-07-01,-1.5030000000000001
1893-08-01,-0.014000000000002899
1893-09-01,-0.8029999999999973
1893-10-01,-1.6900000000000013
1893-11-01,-3.2609999999999992
1893-12-01,-3.346
1894-01-01,-0.018000000000000682
1894-02-01,2.9700000000000024
1894-03-01,3.6779999999999973
1894-04-01,3.9810000000000016
1894-05-01,2.6869999999999976
1894-06-01,-1.8309999999999995
1894-07-01,-2.1580000000000013
1894-08-01,-0.48799999999999955
1894-09-01,-0.04199999999999804
1894-10-01,-1.7040000000000006
1894-11-01,-4.265000000000001
1894-12-01,-2.6479999999999997
1895-01-01,-0.47199999999999775
1895-02-01,2.5509999999999984
1895-03-01,4.413
1895-04-01,3.346
1895-05-01,3.6519999999999975
1895-06-01,-1.8939999999999984
1895-07-01,-1.811
1895-08-01,-0.9140000000000015
1895-09-01,0.2430000000000021
1895-10-01,-2.480999999999991
1895-11-01,-2.3930000000000113
1895-12-01,-4.652999999999999
1896-01-01,0.2840000000000025
1896-02-01,2.868999999999996
1896-03-01,4.891000000000002
1896-04-01,4.161999999999999
1896-05-01,1.8850000000000016
1896-06-01,-1.9499999999999993
1896-07-01,-1.556999999999995
1896-08-01,-1.1800000000000068
1896-09-01,0.43200000000000216
1896-10-01,-1.5990000000000002
1896-11-01,-3.557000000000002
1896-12-01,-3.878999999999998
1897-01-01,0.027999999999998693
1897-02-01,2.463000000000001
1897-03-01,3.7509999999999977
1897-04-01,4.158000000000001
1897-05-01,2.878
1897-06-01,-0.9929999999999986
1897-07-01,-2.021000000000001
1897-08-01,-1.3260000000000005
1897-09-01,-0.24899999999999878
1897-10-01,-1.9790000000000028
1897-11-01,-3.696999999999999
1897-12-01,-3.721
1898-01-01,0.1880000000000024
1898-02-01,1.7909999999999968
1898-04-01,4.997
1898-05-01,1.1260000000000012
1898-06-01,-0.8360000000000021
1898-07-01,-2.526
1898-08-01,-0.5479999999999947
1898-09-01,-0.4080000000000048
1898-10-01,-1.421000000000003
1898-11-01,-3.6849999999999987
1898-12-01,-2.9869999999999983
1899-01-01,-2.287000000000001
1899-02-01,4.182999999999998
1899-04-01,2.2959999999999994
1899-05-01,2.974
1899-06-01,-1.4559999999999995
1899-07-01,-1.5710000000000015
1899-08-01,0.35400000000000276
1899-09-01,-0.40500000000000114
1899-10-01,-2.0549999999999997
1899-11-01,-3.907
1899-12-01,-2.971
1900-01-01,-0.5889999999999986
1900-02-01,2.664999999999999
1900-03-01,4.907999999999998
1900-04-01,2.714000000000002
1900-05-01,2.099999999999998
1900-06-01,0.15600000000000236
1900-07-01,-2.318999999999999
1900-08-01,-1.1160000000000032
1900-09-01,-0.8499999999999979
1900-10-01,-1.9690000000000012
1900-11-01,-2.5519999999999996
1900-12-01,-3.0139999999999993
1901-01-01,-1.936
1901-02-01,2.3339999999999996
1901-04-01,3.7709999999999972
1901-05-01,2.312999999999999
1901-06-01,0.15700000000000358
1901-07-01,-2.422000000000004
1901-08-01,-1.343
1901-09-01,0.11700000000000088
1901-10-01,-1.1499999999999986
1901-11-01,-4.2669999999999995
1901-12-01,-3.475999999999999
1902-01-01,0.31599999999999895
1902-02-01,2.1479999999999997
1902-04-01,2.678000000000001
1902-05-01,2.411999999999999
1902-06-01,-0.7260000000000026
1902-07-01,-2.3200000000000003
1902-08-01,-0.2469999999999999
1902-09-01,-1.0799999999999983
1902-10-01,-1.6739999999999995
1902-11-01,-3.958000000000002
1902-12-01,-3.3649999999999984
1903-01-01,0.04899999999999949
1903-02-01,1.7049999999999983
1903-03-01,4.339000000000002
1903-04-01,4.201999999999998
1903-05-01,2.311
1903-06-01,0.38200000000000145
1903-07-01,-2.314
1903-08-01,-1.3689999999999998
1903-09-01,-0.13400000000000034
1903-10-01,-1.9860000000000007
1903-11-01,-4.3679999999999986
1903-12-01,-3.2250000000000014
1904-01-01,0.24100000000000676
1904-02-01,2.4539999999999935
1904-03-01,4.172000000000001
1904-04-01,4.698
1904-05-01,1.4179999999999993
1904-06-01,-0.8490000000000002
1904-07-01,-2.2079999999999984
1904-08-01,-0.3230000000000004
1904-09-01,-0.18100000000000094
1904-10-01,-1.6600000000000001
1904-11-01,-4.256
1904-12-01,-2.8919999999999995
1905-01-01,-1.3420000000000005
1905-02-01,0.2889999999999997
1905-04-01,3.576999999999998
1905-05-01,4.6030000000000015
1905-06-01,-0.02500000000000213
1905-07-01,-2.892999999999997
1905-08-01,-0.5940000000000012
1905-09-01,-0.40700000000000003
1905-10-01,-1.75
1905-11-01,-3.353999999999999
1905-12-01,-4.234999999999999
1906-01-01,-0.5760000000000005
1906-02-01,2.0799999999999983
1906-03-01,4.048000000000002
1906-05-01,3.166999999999998
1906-06-01,-2.105999999999998
1906-07-01,-1.8000000000000007
1906-08-01,-0.8490000000000002
1906-09-01,-0.4009999999999998
1906-10-01,-1.5440000000000005
1906-11-01,-3.2429999999999986
1906-12-01,-3.3430000000000035
1907-01-01,0.008000000000002672
1907-02-01,0.9139999999999979
1907-03-01,3.700000000000003
1907-04-01,3.501999999999999
1907-05-01,3.1769999999999996
1907-06-01,-0.04299999999999926
1907-07-01,-1.2579999999999991
1907-08-01,-1.9520000000000017
1907-09-01,0.45500000000000185
1907-10-01,-1.436
1907-11-01,-3.6030000000000015
1907-12-01,-4.587999999999994
1908-01-01,-0.12000000000000455
1908-02-01,2.828999999999997
1908-03-01,3.974
1908-05-01,1.468
1908-06-01,-0.2680000000000007
1908-07-01,-3.3200000000000003
1908-08-01,-0.7259999999999991
1908-09-01,0.10200000000000031
1908-10-01,-1.6929999999999978
1908-11-01,-4.227000000000004
1908-12-01,-3.627999999999993
1909-01-01,0.7459999999999951
1909-02-01,1.9979999999999976
1909-04-01,1.833000000000002
1909-05-01,3.3969999999999985
1909-06-01,-1.4770000000000003
1909-07-01,-1.950999999999997
1909-08-01,-0.245000000000001
1909-09-01,-0.34299999999999997
1909-10-01,-1.379999999999999
1909-11-01,-3.174000000000003
1909-12-01,-3.8069999999999986
1910-01-01,-0.5700000000000003
1910-02-01,2.562000000000001
1910-03-01,4.480999999999998
1910-04-01,3.6159999999999997
1910-05-01,2.6010000000000026
1910-06-01,-1.6050000000000004
1910-07-01,-1.8070000000000022
1910-08-01,-0.504999999999999
1910-09-01,-0.23199999999999932
1910-10-01,-2.0909999999999975
1910-11-01,-4.214000000000002
1910-12-01,-2.939
1911-01-01,1.1760000000000055
1911-02-01,1.122999999999994
1911-03-01,3.6090000000000018
1911-04-01,4.796999999999997
1911-05-01,3.2510000000000012
1911-06-01,-2.026
1911-07-01,-0.7379999999999995
1911-08-01,-1.323999999999991
1911-09-01,-0.4690000000000083
1911-10-01,-1.3760000000000012
1911-11-01,-4.3679999999999986
1911-12-01,-3.094000000000001
1912-01-01,0.1960000000000015
1912-02-01,2.910999999999998
1912-03-01,3.404
1912-04-01,3.692
1912-05-01,2.959000000000003
1912-06-01,-0.06400000000000361
1912-07-01,-3.137999999999998
1912-08-01,-0.960999999999995
1912-09-01,-0.2750000000000057
1912-10-01,-1.519000000000002
1912-11-01,-4.356999999999999
1912-12-01,-3.267999999999997
1913-01-01,0.0049999999999954525
1913-02-01,2.732000000000003
1913-03-01,2.974999999999998
1913-05-01,0.9910000000000032
1913-06-01,-1.2410000000000032
1913-07-01,-1.282
1913-08-01,-0.4159999999999968
1913-09-01,0.08799999999999741
1913-10-01,-1.7419999999999973
1913-11-01,-4.424000000000003
1913-12-01,-3.2379999999999924
1914-01-01,0.5289999999999999
1914-02-01,1.9309999999999938
1914-03-01,3.719000000000001
1914-04-01,3.5429999999999993
1914-05-01,3.218
1914-06-01,-0.9160000000000004
1914-07-01,-2.3069999999999986
1914-08-01,-0.6130000000000031
1914-09-01,-0.021999999999998465
1914-10-01,-2.1640000000000015
1914-11-01,-2.812999999999999
1914-12-01,-3.9229999999999983
1915-01-01,-0.05000000000000071
1915-02-01,1.686
1915-03-01,4.614000000000001
1915-04-01,3.9830000000000005
1915-05-01,3.262999999999998
1915-06-01,-0.7639999999999993
1915-07-01,-2.134999999999991
1915-08-01,-1.0260000000000034
1915-09-01,-0.15200000000000458
1915-10-01,-1.2490000000000023
1915-11-01,-3.835000000000001
1915-12-01,-4.370999999999999
1916-01-01,-0.045000000000001705
1916-02-01,1.9400000000000013
1916-04-01,3.097999999999999
1916-05-01,1.9649999999999999
1916-06-01,-2.1779999999999973
1916-07-01,-0.9280000000000008
1916-08-01,-0.875
1916-09-01,-0.1460000000000008
1916-10-01,-1.786999999999999
1916-11-01,-4.148
1916-12-01,-3.652000000000001
1917-01-01,0.43800000000000594
1917-02-01,2.313999999999993
1917-03-01,3.7520000000000024
1917-04-01,3.1069999999999993
1917-05-01,1.3299999999999983
1917-06-01,0.5570000000000022
1917-07-01,-1.269000000000002
1917-08-01,-0.5119999999999933
1917-09-01,-0.735000000000003
1917-10-01,-1.7390000000000043
1917-11-01,-4.1179999999999986
1917-12-01,-2.684000000000001
1918-01-01,-0.9629999999999974
1918-02-01,3.442999999999998
1918-03-01,4.221000000000004
1918-04-01,2.883999999999997
1918-05-01,3.4110000000000014
1918-06-01,-1.8880000000000017
1918-07-01,0.05800000000000338
1918-08-01,-1.4400000000000048
1918-09-01,-0.17499999999999716
1918-10-01,-1.6650000000000027
1918-11-01,-3.6819999999999986
1918-12-01,-4.166999999999998
1919-01-01,0.6099999999999994
1919-02-01,1.626999999999999
1919-03-01,4.934000000000001
1919-04-01,3.0879999999999974
1919-05-01,2.519000000000002
1919-06-01,-0.6210000000000022
1919-07-01,-2.222999999999992
1919-08-01,-0.5690000000000062
1919-09-01,-0.37900000000000134
1919-10-01,-1.7579999999999991
1919-11-01,-3.2959999999999994
1919-12-01,-3.9150000000000027
1920-01-01,0.397000000000002
1920-02-01,1.8180000000000014
1920-03-01,4.684999999999999
1920-04-01,3.3530000000000015
1920-05-01,1.4100000000000001
1920-06-01,0.46199999999999974
1920-07-01,-2.117999999999995
1920-08-01,-0.5770000000000053
1920-09-01,0.36599999999999966
1920-10-01,-1.498000000000001
1920-11-01,-3.875
1920-12-01,-3.8969999999999985
1921-01-01,0.0940000000000012
1921-02-01,1.8809999999999967
1921-04-01,3.315999999999999
1921-05-01,2.7830000000000013
1921-06-01,-2.257999999999999
1921-07-01,-1.6529999999999951
1921-08-01,-1.4300000000000033
1921-09-01,-0.4070000000000036
1921-10-01,-1.9839999999999982
1921-11-01,-3.753
1921-12-01,-2.149999999999995
1922-01-01,-0.980000000000004
1922-02-01,3.2219999999999978
1922-03-01,4.437999999999999
1922-04-01,3.676000000000002
1922-05-01,2.1849999999999987
1922-06-01,-1.663999999999998
1922-07-01,-1.8470000000000013
1922-08-01,-0.6670000000000016
1922-09-01,-0.3979999999999997
1922-10-01,-1.9319999999999986
1922-11-01,-3.397000000000002
1922-12-01,-3.853999999999999
1923-01-01,0.3430000000000071
1923-02-01,1.8349999999999937
1923-04-01,4.135000000000002
1923-05-01,1.8329999999999984
1923-06-01,0.8659999999999997
1923-07-01,-3.790999999999997
1923-08-01,-0.8390000000000022
1923-09-01,-0.006000000000000227
1923-10-01,-2.279
1923-11-01,-3.3520000000000003
1923-12-01,-2.876999999999999
1924-01-01,-0.6539999999999999
1924-02-01,2.841000000000001
1924-04-01,3.3810000000000002
1924-05-01,0.8869999999999969
1924-06-01,0.9180000000000028
1924-07-01,-3.088000000000001
1924-08-01,-0.7509999999999941
1924-09-01,-0.8840000000000074
1924-10-01,-1.4889999999999972
1924-11-01,-4.047000000000001
1924-12-01,-2.7379999999999995
1925-01-01,-1.503000000000002
1925-02-01,2.5020000000000007
1925-04-01,4.469000000000001
1925-05-01,0.7579999999999991
1925-06-01,-1.016999999999996
1925-07-01,-1.8899999999999935
1925-08-01,0.05899999999999039
1925-09-01,0.047999999999998266
1925-10-01,-1.7459999999999987
1925-11-01,-4.170999999999999
1925-12-01,-3.5720000000000027
1926-01-01,0.3950000000000031
1926-02-01,3.1389999999999993
1926-03-01,2.777000000000001
1926-04-01,2.5869999999999997
1926-05-01,3.262999999999998
1926-06-01,1.7310000000000016
1926-07-01,-3.2449999999999974
1926-08-01,-1.2050000000000018
1926-09-01,-0.5090000000000003
1926-10-01,-1.7230000000000025
1926-11-01,-4.696999999999999
1926-12-01,-2.373000000000001
1927-01-01,-0.27199999999999847
1927-02-01,2.0390000000000015
1927-03-01,4.245999999999999
1927-04-01,4.452000000000002
1927-05-01,2.107999999999997
1927-06-01,-0.3219999999999992
1927-07-01,-2.480999999999998
1927-08-01,-0.7300000000000004
1927-09-01,0.01899999999999835
1927-10-01,-1.690999999999999
1927-11-01,-4.559000000000001
1927-12-01,-2.1389999999999993
1928-01-01,-0.570999999999998
1928-02-01,2.4869999999999983
1928-03-01,4.422999999999998
1928-04-01,3.5050000000000026
1928-05-01,3.0790000000000006
1928-06-01,-1.779
1928-07-01,-1.9550000000000018
1928-08-01,-0.2579999999999991
1928-09-01,-0.3210000000000015
1928-10-01,-1.6929999999999978
1928-11-01,-3.7510000000000012
1928-12-01,-3.718
1929-01-01,-0.23300000000000054
1929-02-01,1.7310000000000016
1929-04-01,2.9399999999999977
1929-05-01,2.9440000000000026
1929-06-01,-1.6559999999999988
1929-07-01,-2.1999999999999993
1929-08-01,-0.7640000000000029
1929-09-01,0.365000000000002
1929-10-01,-2.3480000000000025
1929-11-01,-3.2540000000000013
1929-12-01,-4.013999999999999
1930-01-01,-0.17499999999999716
1930-02-01,2.3029999999999973
1930-04-01,2.974
1930-05-01,2.7490000000000023
1930-06-01,-0.7960000000000029
1930-07-01,-2.3889999999999887
1930-08-01,-0.4100000000000108
1930-09-01,0.14000000000000057
1930-10-01,-1.7289999999999992
1930-11-01,-4.562000000000001
1930-12-01,-2.6459999999999972
1931-01-01,0.5009999999999977
1931-02-01,1.2020000000000017
1931-03-01,4.4559999999999995
1931-05-01,1.6479999999999997
1931-06-01,-0.038999999999997925
1931-07-01,-3.141000000000002
1931-08-01,-0.352999999999998
1931-09-01,-0.6799999999999997
1931-10-01,-1.875
1931-11-01,-3.7890000000000015
1931-12-01,-2.8919999999999995
1932-01-01,0.3410000000000011
1932-02-01,0.8019999999999996
1932-04-01,3.631999999999998
1932-05-01,2.2240000000000038
1932-06-01,0.16399999999999793
1932-07-01,-2.776
1932-08-01,-0.7580000000000027
1932-09-01,0.05100000000000193
1932-10-01,-1.625
1932-11-01,-4.068000000000001
1932-12-01,-3.370000000000001
1933-01-01,-0.9689999999999976
1933-02-01,3.5219999999999985
1933-03-01,3.969000000000001
1933-04-01,2.7070000000000007
1933-05-01,1.666999999999998
1933-06-01,0.23300000000000054
1933-07-01,-1.5089999999999897
1933-08-01,-1.0280000000000094
1933-09-01,-0.17800000000000082
1933-10-01,-1.7079999999999984
1933-11-01,-3.5090000000000003
1933-12-01,-3.1340000000000003
1934-01-01,-1.3030000000000008
1934-02-01,3.7340000000000018
1934-03-01,3.571999999999999
1934-04-01,4.434999999999999
1934-05-01,2.1850000000000023
1934-06-01,-1.064
1934-07-01,-2.083000000000002
1934-08-01,-0.7439999999999998
1934-09-01,0.0470000000000006
1934-10-01,-2.306000000000001
1934-11-01,-4.006
1934-12-01,-2.4639999999999986
1935-01-01,-1.408999999999999
1935-02-01,3.4909999999999997
1935-03-01,4.238999999999997
1935-04-01,2.241000000000003
1935-05-01,4.658999999999999
1935-06-01,-0.8070000000000022
1935-07-01,-2.997
1935-08-01,-0.8559999999999981
1935-09-01,-0.2190000000000012
1935-10-01,-1.5969999999999978
1935-11-01,-3.4860000000000007
1935-12-01,-3.1960000000000015
1936-01-01,-0.7709999999999972
1936-02-01,2.599999999999998
1936-03-01,4.373000000000001
1936-04-01,3.666999999999998
1936-05-01,3.181000000000001
1936-06-01,-2.7300000000000004
1936-07-01,-0.9739999999999966
1936-08-01,-0.49500000000000455
1936-09-01,-0.1369999999999969
1936-10-01,-1.9230000000000018
1936-11-01,-3.248000000000001
1936-12-01,-3.5889999999999986
1937-01-01,-1.1709999999999994
1937-02-01,3.465
1937-03-01,3.285
1937-04-01,3.434000000000001
1937-05-01,3.4959999999999987
1937-06-01,-0.2690000000000019
1937-07-01,-2.8969999999999985
1937-08-01,-0.17999999999999972
1937-09-01,-0.2630000000000017
1937-10-01,-2.419999999999998
1937-11-01,-3.254999999999999
1937-12-01,-4.073000000000004
1938-01-01,0.8390000000000022
1938-02-01,1.0410000000000004
1938-04-01,3.321999999999999
1938-05-01,2.2040000000000006
1938-06-01,-2.8530000000000015
1938-07-01,-0.8039999999999985
1938-08-01,-0.2940000000000005
1938-09-01,-0.07700000000000173
1938-10-01,-1.9239999999999995
1938-11-01,-4.788
1938-12-01,-2.416999999999998
1939-01-01,0.3290000000000006
1939-02-01,2.122
1939-03-01,2.905999999999999
1939-04-01,4.387999999999998
1939-05-01,3.529
1939-06-01,-1.5670000000000002
1939-07-01,-2.076999999999998
1939-08-01,-0.08299999999999841
1939-09-01,-0.5539999999999985
1939-10-01,-1.3730000000000047
1939-11-01,-4.349999999999998
1939-12-01,-3.1340000000000003
1940-01-01,-0.5689999999999991
1940-02-01,2.573999999999998
1940-03-01,3.0670000000000037
1940-04-01,4.564999999999998
1940-05-01,3.132999999999999
1940-06-01,-0.8520000000000003
1940-07-01,-2.348999999999993
1940-08-01,-0.8140000000000072
1940-09-01,0.03100000000000236
1940-10-01,-1.4620000000000033
1940-11-01,-3.285
1940-12-01,-4.009999999999998
1941-01-01,-0.3879999999999981
1941-02-01,3.0459999999999994
1941-04-01,3.844000000000001
1941-05-01,1.597999999999999
1941-06-01,-1.4889999999999972
1941-07-01,-1.613000000000003
1941-08-01,-0.6209999999999987
1941-09-01,-0.41999999999999815
1941-10-01,-1.0940000000000012
1941-11-01,-4.5120000000000005
1941-12-01,-2.536999999999999
1942-01-01,-1.6449999999999996
1942-02-01,3.125
1942-03-01,4.745999999999999
1942-04-01,3.6950000000000003
1942-05-01,2.411999999999999
1942-06-01,-0.602999999999998
1942-07-01,-3.4080000000000013
1942-08-01,-0.657
1942-09-01,-0.31099999999999994
1942-10-01,-1.3170000000000002
1942-11-01,-3.4269999999999996
1942-12-01,-3.8249999999999993
1943-01-01,0.4400000000000013
1943-02-01,1.3389999999999986
1943-04-01,2.6030000000000015
1943-05-01,3.285999999999998
1943-06-01,-1.2149999999999999
1943-07-01,-2.0879999999999974
1943-08-01,-0.8310000000000031
1943-09-01,0.12400000000000233
1943-10-01,-1.8550000000000004
1943-11-01,-2.9989999999999988
1943-12-01,-3.525000000000002
1944-01-01,-0.8269999999999982
1944-02-01,2.062999999999999
1944-03-01,3.911999999999999
1944-04-01,3.7840000000000025
1944-05-01,4.172999999999998
1944-06-01,-1.408999999999999
1944-07-01,-2.6400000000000006
1944-08-01,-0.33200000000000074
1944-09-01,-0.2839999999999989
1944-10-01,-2.0380000000000003
1944-11-01,-3.2729999999999997
1944-12-01,-2.6189999999999998
1945-01-01,-2.144000000000002
1945-02-01,2.8599999999999994
1945-04-01,2.4410000000000025
1945-05-01,3.325999999999997
1945-06-01,-0.21699999999999875
1945-07-01,-2.905000000000001
1945-08-01,-0.27199999999999847
1945-09-01,-0.5700000000000003
1945-10-01,-2.0980000000000025
1945-11-01,-3.6869999999999976
1945-12-01,-3.9770000000000003
1946-01-01,0.7620000000000005
1946-02-01,3.507999999999999
1946-03-01,3.4190000000000005
1946-04-01,4.027999999999999
1946-05-01,1.983000000000004
1946-06-01,-1.2180000000000035
1946-07-01,-1.857999999999997
1946-08-01,-0.5900000000000034
1946-09-01,-0.1319999999999979
1946-10-01,-1.402000000000001
1946-11-01,-3.931000000000001
1946-12-01,-2.9209999999999994
1947-01-01,-0.9299999999999997
1947-02-01,2.657
1947-03-01,4.792999999999999
1947-04-01,3.7920000000000016
1947-05-01,2.482999999999997
1947-06-01,-0.4579999999999984
1947-07-01,-2.9879999999999995
1947-08-01,-0.4670000000000023
1947-09-01,-0.8679999999999986
1947-10-01,-2.280999999999999
1947-11-01,-2.5380000000000003
1947-12-01,-3.2669999999999995
1948-01-01,-0.4299999999999997
1948-02-01,2.0109999999999992
1948-03-01,4.154999999999998
1948-04-01,4.822000000000003
1948-05-01,2.4879999999999995
1948-06-01,-1.0169999999999995
1948-07-01,-2.7490000000000023
1948-08-01,-0.8379999999999974
1948-09-01,-0.18599999999999994
1948-10-01,-1.3640000000000008
1948-11-01,-3.737000000000002
1948-12-01,-4.047999999999998
1949-01-01,0.8769999999999989
1949-02-01,1.4860000000000007
1949-04-01,3.6389999999999993
1949-05-01,2.1090000000000018
1949-06-01,-1.0559999999999974
1949-07-01,-2.171000000000003
1949-08-01,-0.43399999999999395
1949-09-01,-0.1480000000000068
1949-10-01,-1.6759999999999984
1949-11-01,-4.879000000000001
1949-12-01,-2.942
1950-01-01,0.5799999999999983
1950-02-01,0.9870000000000019
1950-03-01,4.628000000000004
1950-04-01,4.196999999999996
1950-05-01,3.1370000000000005
1950-06-01,-1.036999999999999
1950-07-01,-2.6479999999999997
1950-08-01,-0.387999999999991
1950-09-01,-0.4830000000000112
1950-10-01,-1.8689999999999998
1950-11-01,-4.023999999999997
1950-12-01,-3.2360000000000007
1951-01-01,-0.2510000000000012
1951-02-01,2.9840000000000018
1951-03-01,4.526
1951-04-01,2.503999999999998
1951-05-01,3.4810000000000016
1951-06-01,-0.722999999999999
1951-07-01,-1.6330000000000027
1951-08-01,-0.9220000000000006
1951-09-01,0.2140000000000022
1951-10-01,-0.7569999999999908
1951-11-01,-4.404000000000011
1951-12-01,-4.100000000000001
1952-01-01,0.20600000000000307
1952-02-01,3.041999999999998
1952-03-01,2.641000000000002
1952-04-01,4.905000000000001
1952-05-01,2.1309999999999967
1952-06-01,-1.1239999999999988
1952-07-01,-2.2659999999999982
1952-08-01,-0.9510000000000005
1952-09-01,0.23000000000000043
1952-10-01,-1.6910000000000025
1952-11-01,-4.113999999999997
1952-12-01,-2.5629999999999953
1953-01-01,-1.2140000000000057
1953-02-01,4.079000000000001
1953-04-01,2.0799999999999983
1953-05-01,2.6679999999999993
1953-06-01,-0.8269999999999982
1953-07-01,-2.968
1953-08-01,-0.6709999999999994
1953-09-01,-0.125
1953-10-01,-1.8300000000000018
1953-11-01,-3.751999999999999
1953-12-01,-2.1140000000000008
1954-01-01,-1.9849999999999994
1954-02-01,4.188000000000002
1954-03-01,3.5399999999999956
1954-04-01,4.263000000000002
1954-05-01,2.4849999999999994
1954-06-01,-1.5429999999999993
1954-07-01,-2.4460000000000015
1954-08-01,-0.3289999999999971
1954-09-01,-0.7320000000000029
1954-10-01,-2.7590000000000003
1954-11-01,-3.0279999999999987
1954-12-01,-2.6660000000000004
1955-01-01,-0.34299999999999287
1955-02-01,2.938999999999993
1955-04-01,1.588000000000001
1955-05-01,2.8900000000000006
1955-06-01,-0.3760000000000012
1955-07-01,-2.151
1955-08-01,-0.9770000000000003
1955-09-01,-0.013999999999995794
1955-10-01,-2.1099999999999994
1955-11-01,-3.985000000000003
1955-12-01,-2.776
1956-01-01,-0.10200000000000031
1956-02-01,2.2379999999999995
1956-04-01,3.844999999999999
1956-05-01,2.1290000000000013
1956-06-01,-2.2560000000000002
1956-07-01,-2.1580000000000013
1956-08-01,-0.09600000000000009
1956-09-01,0.10000000000000142
1956-10-01,-2.372
1956-11-01,-3.4619999999999997
1956-12-01,-2.6589999999999954
1957-01-01,-0.4730000000000061
1957-02-01,1.5410000000000004
1957-03-01,4.145
1957-04-01,4.2940000000000005
1957-05-01,2.596
1957-06-01,-0.13299999999999912
1957-07-01,-2.373000000000001
1957-08-01,-0.6099999999999994
1957-09-01,-0.28200000000000003
1957-10-01,-1.6170000000000009
1957-11-01,-3.247
1957-12-01,-3.225999999999999
1958-01-01,0.1869999999999976
1958-02-01,1.5519999999999996
1958-03-01,4.764000000000003
1958-04-01,4.1419999999999995
1958-05-01,1.7240000000000002
1958-06-01,0.16399999999999793
1958-07-01,-3.581999999999997
1958-08-01,-0.4540000000000006
1958-09-01,-0.5640000000000001
1958-10-01,-1.6000000000000014
1958-11-01,-3.2639999999999993
1958-12-01,-3.187999999999999
1959-01-01,-0.5539999999999949
1959-02-01,1.9519999999999946
1959-04-01,3.497
1959-05-01,2.1660000000000004
1959-06-01,-0.8599999999999994
1959-07-01,-2.700000000000003
1959-08-01,-0.3859999999999921
1959-09-01,-0.2600000000000051
1959-10-01,-1.3610000000000007
1959-11-01,-3.878
1959-12-01,-2.8619999999999948
1960-01-01,-1.0150000000000041
1960-02-01,4.076999999999998
1960-03-01,2.3230000000000004
1960-04-01,4.203000000000003
1960-05-01,2.6969999999999956
1960-06-01,-0.6039999999999992
1960-07-01,-2.4899999999999984
1960-08-01,-0.5609999999999999
1960-09-01,-0.013000000000001677
1960-10-01,-2.134999999999998
1960-11-01,-3.9790000000000028
1960-12-01,-2.2659999999999982
1961-01-01,-0.622999999999994
1961-02-01,0.8209999999999944
1961-04-01,3.0779999999999994
1961-05-01,2.2200000000000024
1961-06-01,-1.2469999999999999
1961-07-01,-2.0390000000000015
1961-08-01,-0.21499999999999986
1961-09-01,-0.5799999999999983
1961-10-01,-1.9860000000000007
1961-11-01,-3.9890000000000008
1961-12-01,-3.8840000000000003
1962-01-01,-0.1850000000000005
1962-02-01,3.782000000000002
1962-03-01,3.9250000000000007
1962-04-01,4.088999999999999
1962-05-01,2.094000000000001
1962-06-01,-0.45300000000000296
1962-07-01,-1.975999999999999
1962-08-01,-0.9829999999999899
1962-09-01,-0.5000000000000107
1962-10-01,-2.1430000000000007
1962-11-01,-3.1799999999999997
1962-12-01,-3.1129999999999924
1963-01-01,-0.8260000000000041
1963-02-01,3.7879999999999967
1963-03-01,3.267000000000003
1963-04-01,3.218
1963-05-01,2.4819999999999993
1963-06-01,-0.36599999999999966
1963-07-01,-1.6189999999999998
1963-08-01,-1.115000000000002
1963-09-01,-0.06299999999999883
1963-10-01,-1.5150000000000006
1963-11-01,-3.193999999999999
1963-12-01,-3.6190000000000033
1964-01-01,-1.3499999999999979
1964-02-01,3.196999999999999
1964-04-01,3.2920000000000016
1964-05-01,1.2590000000000003
1964-06-01,-0.4759999999999991
1964-07-01,-2.6060000000000016
1964-08-01,-0.3200000000000003
1964-09-01,-0.259999999999998
1964-10-01,-1.3240000000000016
1964-11-01,-4.355
1964-12-01,-2.916999999999998
1965-01-01,0.5919999999999987
1965-02-01,1.597999999999999
1965-03-01,3.6350000000000016
1965-04-01,3.3629999999999995
1965-05-01,2.8629999999999995
1965-06-01,0.3000000000000007
1965-07-01,-2.8320000000000007
1965-08-01,-0.5210000000000008
1965-09-01,-0.27199999999999847
1965-10-01,-1.2119999999999997
1965-11-01,-3.461000000000002
1965-12-01,-3.7489999999999988
1966-01-01,-0.0759999999999934
1966-02-01,3.532999999999994
1966-03-01,2.932000000000002
1966-04-01,3.7399999999999984
1966-05-01,2.3659999999999997
1966-06-01,-0.9640000000000022
1966-07-01,-1.4819999999999922
1966-08-01,-1.178000000000008
1966-09-01,-0.39399999999999835
1966-10-01,-1.4750000000000014
1966-11-01,-3.163999999999998
1966-12-01,-4.164999999999999
1967-01-01,-0.6239999999999952
1967-02-01,3.925999999999995
1967-03-01,2.387999999999998
1967-04-01,3.926000000000002
1967-05-01,2.8689999999999998
1967-06-01,-0.2959999999999994
1967-07-01,-2.514000000000003
1967-08-01,-0.9439999999999955
1967-09-01,-0.15200000000000458
1967-10-01,-1.8909999999999982
1967-11-01,-3.4879999999999995
1967-12-01,-2.329999999999991
1968-01-01,-1.8210000000000122
1968-02-01,2.3180000000000014
1968-03-01,4.818000000000001
1968-04-01,3.3500000000000014
1968-05-01,2.540999999999997
1968-06-01,-0.1579999999999977
1968-07-01,-2.2620000000000005
1968-08-01,-0.6370000000000005
1968-09-01,0.4750000000000014
1968-10-01,-2.7910000000000004
1968-11-01,-3.2010000000000005
1968-12-01,-3.1330000000000027
1969-01-01,-0.5319999999999965
1969-02-01,3.1069999999999993
1969-04-01,2.6430000000000007
1969-05-01,1.4149999999999991
1969-06-01,0.17099999999999937
1969-07-01,-2.622
1969-08-01,-0.8129999999999953
1969-09-01,-0.3049999999999997
1969-10-01,-1.262000000000004
1969-11-01,-2.853999999999999
1969-12-01,-3.934000000000001
1970-01-01,-0.5179999999999971
1970-02-01,2.2789999999999964
1970-03-01,4.128
1970-04-01,4.405000000000001
1970-05-01,2.208000000000002
1970-06-01,-2.157
1970-07-01,-1.1610000000000014
1970-08-01,-0.8560000000000016
1970-09-01,-0.27099999999999724
1970-10-01,-1.3930000000000007
1970-11-01,-4.378
1970-12-01,-3.2049999999999983
1971-01-01,-0.22100000000000009
1971-02-01,2.7479999999999976
1971-03-01,4.051000000000002
1971-04-01,4.064999999999998
1971-05-01,1.152000000000001
1971-06-01,-1.1430000000000007
1971-07-01,-1.2600000000000016
1971-08-01,-0.48999999999999844
1971-09-01,0.1490000000000009
1971-10-01,-2.0010000000000012
1971-11-01,-3.9239999999999995
1971-12-01,-3.0009999999999977
1972-01-01,0.007999999999999119
1972-02-01,1.0239999999999974
1972-04-01,2.747
1972-05-01,3.1579999999999977
1972-06-01,-0.047999999999998266
1972-07-01,-2.692
1972-08-01,-1.0180000000000007
1972-09-01,-0.38700000000000045
1972-10-01,-1.7339999999999982
1972-11-01,-3.437000000000001
1972-12-01,-2.657
1973-01-01,-0.6969999999999992
1973-02-01,3.2459999999999987
1973-03-01,3.312000000000001
1973-04-01,4.9879999999999995
1973-05-01,1.524000000000001
1973-06-01,-1.4130000000000003
1973-07-01,-2.2910000000000004
1973-08-01,-0.8929999999999971
1973-09-01,-0.09100000000000463
1973-10-01,-1.7929999999999993
1973-11-01,-3.6930000000000014
1973-12-01,-3.4800000000000004
1974-01-01,-0.29799999999999827
1974-02-01,2.5070000000000014
1974-04-01,3.5720000000000027
1974-05-01,1.2019999999999982
1974-06-01,-0.5960000000000001
1974-07-01,-2.1400000000000006
1974-08-01,-0.4819999999999922
1974-09-01,0.06499999999999417
1974-10-01,-1.7759999999999998
1974-11-01,-4.297000000000001
1974-12-01,-3.783999999999999
1975-01-01,-0.4299999999999997
1975-02-01,3.1149999999999984
1975-03-01,4.331000000000003
1975-04-01,4.57
1975-05-01,2.1579999999999977
1975-06-01,-1.5519999999999996
1975-07-01,-2.463000000000001
1975-08-01,-0.22100000000000009
1975-09-01,-0.6189999999999998
1975-10-01,-0.9000000000000021
1975-12-01,-2.724
1976-01-01,-0.009000000000000341
1976-02-01,2.812000000000001
1976-03-01,4.302999999999997
1976-04-01,3.1200000000000045
1976-05-01,2.636999999999997
1976-06-01,-1.2429999999999986
1976-07-01,-1.6450000000000031
1976-08-01,-1.105999999999998
1976-09-01,0.05000000000000071
1976-10-01,-0.8010000000000019
1976-11-01,-2.5669999999999966
1976-12-01,-4.261000000000003
1977-01-01,-1.1769999999999996
1977-02-01,3.215
1977-04-01,1.9480000000000004
1977-05-01,1.468
1977-06-01,-0.08800000000000097
1977-07-01,-2.149000000000001
1977-08-01,-0.33399999999999963
1977-09-01,-0.35800000000000054
1977-10-01,-1.293999999999997
1977-11-01,-2.3249999999999993
1977-12-01,-4.349999999999998
1978-01-01,-1.318000000000005
1978-02-01,2.437000000000001
1978-03-01,3.7349999999999994
1978-04-01,4.763999999999999
1978-05-01,3.3629999999999995
1978-06-01,-2.196999999999999
1978-07-01,-2.3979999999999997
1978-08-01,-0.33599999999999497
1978-09-01,-0.16200000000000614
1978-10-01,-1.1499999999999986
1978-11-01,-3.001999999999999
1978-12-01,-3.979999999999997
1979-01-01,0.11399999999999366
1979-02-01,1.2540000000000013
1979-03-01,4.131999999999998
1979-05-01,1.4690000000000012
1979-06-01,0.3230000000000004
1979-07-01,-2.529999999999994
1979-08-01,-0.850000000000005
1979-09-01,-0.15399999999999991
1979-10-01,-1.3100000000000023
1979-11-01,-2.649000000000001
1979-12-01,-4.172999999999998
1980-01-01,-0.75
1980-02-01,2.902000000000001
1980-03-01,3.5760000000000005
1980-04-01,4.897000000000002
1980-05-01,2.085999999999995
1980-06-01,-2.415999999999997
1980-07-01,-1.7510000000000012
1980-08-01,-0.5309999999999988
1980-09-01,0.17299999999999827
1980-10-01,-1.5139999999999993
1980-11-01,-3.498000000000001
1980-12-01,-3.5229999999999997
1981-01-01,-0.9269999999999996
1981-02-01,3.303000000000001
1981-03-01,3.1999999999999993
1981-04-01,4.323999999999998
1981-05-01,2.1040000000000028
1981-06-01,-0.20599999999999952
1981-07-01,-2.9720000000000013
1981-08-01,-0.41499999999999915
1981-09-01,0.0009999999999976694
1981-10-01,-1.7799999999999976
1981-11-01,-4.260000000000002
1981-12-01,-2.939
1982-01-01,0.43900000000000006
1982-02-01,1.4920000000000009
1982-03-01,3.5700000000000003
1982-04-01,4.227
1982-05-01,1.9140000000000015
1982-06-01,0.23699999999999832
1982-07-01,-1.3949999999999996
1982-08-01,-1.514000000000003
1982-09-01,0.04700000000000415
1982-10-01,-1.4690000000000012
1982-11-01,-3.901
1982-12-01,-2.9379999999999953
1983-01-01,-1.3780000000000001
1983-02-01,2.332999999999995
1983-03-01,4.5120000000000005
1983-04-01,2.870000000000001
1983-05-01,3.1459999999999972
1983-06-01,0.14300000000000068
1983-07-01,-2.2699999999999996
1983-08-01,-0.8670000000000009
1983-09-01,-0.3869999999999969
1983-10-01,-2.1950000000000003
1983-11-01,-3.861000000000004
1983-12-01,-2.8119999999999976
1984-01-01,-0.3769999999999989
1984-02-01,1.6839999999999975
1984-04-01,3.3369999999999997
1984-05-01,3.120000000000001
1984-06-01,-2.173000000000002
1984-07-01,-2.3049999999999997
1984-08-01,-0.5339999999999989
1984-09-01,-0.5410000000000004
1984-10-01,-1.25
1984-11-01,-4.001000000000001
1984-12-01,-2.2349999999999994
1985-01-01,-0.5679999999999978
1985-02-01,2.4039999999999964
1985-04-01,2.718
1985-05-01,2.2270000000000003
1985-06-01,-1.3389999999999986
1985-07-01,-2.4830000000000005
1985-08-01,-0.3030000000000008
1985-09-01,-0.027000000000001023
1985-10-01,-2.539999999999999
1985-11-01,-2.901
1985-12-01,-2.3240000000000016
1986-01-01,-1.4039999999999964
1986-02-01,2.3679999999999986
1986-03-01,4.535
1986-04-01,3.751999999999999
1986-05-01,1.7319999999999993
1986-06-01,-0.24899999999999878
1986-07-01,-2.3789999999999907
1986-08-01,-0.5790000000000113
1986-09-01,0.2410000000000032
1986-10-01,-1.9550000000000018
1986-11-01,-2.9679999999999964
1986-12-01,-3.959000000000003
1987-01-01,-0.11299999999999955
1987-02-01,2.681000000000001
1987-03-01,3.9639999999999986
1987-04-01,3.8550000000000004
1987-05-01,1.1089999999999982
1987-06-01,0.9960000000000022
1987-07-01,-2.0420000000000016
1987-08-01,-0.7539999999999978
1987-09-01,-0.09299999999999997
1987-10-01,-2.168000000000003
1987-11-01,-3.503999999999998
1987-12-01,-3.6270000000000024
1988-01-01,0.20700000000000074
1988-02-01,2.710000000000001
1988-03-01,3.350999999999999
1988-04-01,4.0809999999999995
1988-05-01,2.833000000000002
1988-06-01,-1.748000000000001
1988-07-01,-2.541999999999998
1988-08-01,-0.33500000000000085
1988-09-01,0.2240000000000002
1988-10-01,-2.1999999999999993
1988-11-01,-3.6359999999999992
1988-12-01,-2.6610000000000014
1989-01-01,-1.5770000000000017
1989-02-01,2.7600000000000016
1989-03-01,4.082000000000001
1989-04-01,3.9179999999999993
1989-05-01,2.9979999999999976
1989-06-01,-1.9329999999999998
1989-07-01,-1.5239999999999974
1989-08-01,-0.703000000000003
1989-09-01,0.028999999999999915
1989-10-01,-1.4879999999999995
1989-11-01,-3.468
1989-12-01,-3.823999999999998
1990-01-01,0.9749999999999979
1990-02-01,1.4480000000000004
1990-03-01,2.9840000000000018
1990-04-01,4.5909999999999975
1990-05-01,1.6190000000000033
1990-06-01,-0.3620000000000019
1990-07-01,-2.3069999999999986
1990-08-01,-0.021999999999994913
1990-09-01,-0.34400000000000475
1990-10-01,-2.158999999999992
1990-11-01,-2.4030000000000094
1990-12-01,-3.4399999999999906
1991-01-01,-1.1750000000000078
1991-02-01,3.4669999999999987
1991-03-01,3.9830000000000005
1991-04-01,2.913999999999998
1991-05-01,3.1080000000000005
1991-06-01,-1.4250000000000007
1991-07-01,-1.4619999999999926
1991-08-01,-1.282
1991-09-01,0.21799999999999642
1991-10-01,-2.1270000000000024
1991-11-01,-3.753
1991-12-01,-2.9879999999999995
1992-01-01,-0.5380000000000003
1992-02-01,1.873000000000001
1992-04-01,3.517999999999997
1992-05-01,1.948000000000004
1992-06-01,0.21999999999999886
1992-07-01,-2.4840000000000018
1992-08-01,-1.1739999999999995
1992-09-01,-0.21499999999999986
1992-10-01,-1.618000000000002
1992-11-01,-3.331999999999997
1992-12-01,-3.3159999999999954
1993-01-01,-0.2940000000000076
1993-02-01,2.8760000000000012
1993-03-01,2.719000000000001
1993-04-01,4.530999999999999
1993-05-01,2.946999999999999
1993-06-01,-1.0549999999999997
1993-07-01,-2.2099999999999973
1993-08-01,-0.3780000000000001
1993-09-01,-0.9110000000000014
1993-10-01,-1.1310000000000002
1993-11-01,-3.4529999999999994
1993-12-01,-3.5709999999999944
1994-01-01,0.3049999999999926
1994-02-01,1.301000000000002
1994-04-01,2.0150000000000006
1994-05-01,3.7369999999999983
1994-06-01,-1.7029999999999994
1994-07-01,-2.5639999999999894
1994-08-01,-0.3160000000000096
1994-09-01,-0.18400000000000105
1994-10-01,-1.727999999999998
1994-11-01,-3.3049999999999997
1994-12-01,-3.469999999999999
1995-01-01,-1.3220000000000027
1995-02-01,3.5199999999999996
1995-03-01,3.715
1995-04-01,4.063000000000002
1995-05-01,2.725999999999999
1995-06-01,0.384999999999998
1995-07-01,-3.343
1995-08-01,-0.5949999999999989
1995-09-01,-0.15399999999999636
1995-10-01,-1.4870000000000019
1995-11-01,-3.8240000000000016
1995-12-01,-2.9170000000000016
1996-01-01,-0.5109999999999921
1996-02-01,2.417999999999992
1996-03-01,4.795000000000002
1996-04-01,2.771000000000001
1996-05-01,2.7029999999999994
1996-06-01,-1.3210000000000015
1996-07-01,-1.875
1996-08-01,-1.1999999999999993
1996-09-01,0.3249999999999993
1996-10-01,-2.171999999999997
1996-11-01,-3.25
1996-12-01,-3.4830000000000005
1997-01-01,-0.8640000000000008
1997-02-01,2.5809999999999995
1997-03-01,4.933
1997-04-01,2.062999999999999
1997-05-01,3.2270000000000003
1997-06-01,-0.4029999999999987
1997-07-01,-1.5629999999999988
1997-08-01,-0.8079999999999998
1997-09-01,-0.2680000000000007
1997-10-01,-2.599999999999998
1997-11-01,-2.1900000000000013
1997-12-01,-4.0369999999999955
1998-01-01,-0.08999999999999986
1998-02-01,2.6459999999999937
1998-03-01,3.155999999999999
1998-04-01,4.987000000000002
1998-05-01,2.8759999999999977
1998-06-01,-0.9609999999999985
1998-07-01,-2.6769999999999996
1998-08-01,-0.36799999999999855
1998-09-01,-0.5100000000000016
1998-10-01,-1.4319999999999986
1998-11-01,-3.384999999999998
1998-12-01,-3.889000000000003
1999-01-01,-0.9939999999999998
1999-02-01,4.09
1999-03-01,4.047000000000001
1999-04-01,4.099
1999-05-01,0.7379999999999995
1999-06-01,-1.1479999999999997
1999-07-01,-1.492999999999995
1999-08-01,-0.6900000000000048
1999-09-01,-0.14000000000000057
1999-10-01,-1.6610000000000014
1999-11-01,-3.0919999999999987
1999-12-01,-3.686
2000-01-01,-0.18400000000000105
2000-02-01,1.2310000000000016
2000-03-01,4.602999999999998
2000-05-01,1.221
2000-06-01,-1.5779999999999994
2000-07-01,-1.5309999999999988
2000-08-01,-0.15899999999999892
2000-09-01,-0.3160000000000025
2000-10-01,-0.9220000000000006
2000-11-01,-3.5969999999999978
2000-12-01,-3.9380000000000024
2001-01-01,-0.7529999999999966
2001-02-01,3.4619999999999997
2001-03-01,3.6439999999999984
2001-04-01,3.2600000000000016
2001-05-01,2.7129999999999974
2001-06-01,-2.320999999999998
2001-07-01,-1.1620000000000026
2001-08-01,-0.12899999999999778
2001-09-01,0.3569999999999993
2001-10-01,-1.9229999999999983
2001-11-01,-3.1690000000000005
2001-12-01,-3.5799999999999947
2002-01-01,-1.0280000000000058
2002-02-01,2.8919999999999995
2002-03-01,4.559999999999999
2002-04-01,3.796000000000003
2002-05-01,2.232999999999997
2002-06-01,-1.4669999999999952
2002-07-01,-0.9460000000000051
2002-08-01,-1.8669999999999973
2002-09-01,-0.240000000000002
2002-10-01,-1.0589999999999975
2002-11-01,-3.6850000000000023
2002-12-01,-2.724999999999998
2003-01-01,-1.6660000000000004
2003-02-01,3.3979999999999997
2003-03-01,3.5189999999999984
2003-04-01,4.43
2003-05-01,2.022000000000002
2003-06-01,-0.4960000000000022
2003-07-01,-2.9319999999999986
2003-08-01,-0.44399999999999906
2003-09-01,-0.4939999999999998
2003-10-01,-1.596
2003-11-01,-3.0790000000000006
2003-12-01,-3.5489999999999995
2004-01-01,-0.8009999999999948
2004-02-01,3.0019999999999953
2004-04-01,2.6690000000000005
2004-05-01,1.3570000000000029
2004-06-01,-1.3350000000000009
2004-07-01,-1.2369999999999912
2004-08-01,-0.92100000000001
2004-09-01,0.23799999999999955
2004-10-01,-2.7639999999999993
2004-11-01,-2.6149999999999984
2004-12-01,-2.958000000000002
2005-01-01,-1.002999999999993
2005-02-01,2.8589999999999947
2005-03-01,4.495999999999999
2005-04-01,2.908999999999999
2005-05-01,2.328000000000003
2005-06-01,0.3619999999999983
2005-07-01,-3.3909999999999982
2005-08-01,-0.11700000000000088
2005-09-01,-0.3990000000000009
2005-10-01,-1.9499999999999993
2005-11-01,-3.7880000000000003
2005-12-01,-3.25
2006-01-01,0.25
2006-02-01,4.318000000000001
2006-03-01,1.852999999999998
2006-04-01,3.9520000000000017
2006-05-01,2.3560000000000016
2006-06-01,-1.1890000000000036
2006-07-01,-1.7049999999999983
2006-08-01,-0.8610000000000007
2006-09-01,0.10500000000000043
2006-10-01,-1.341000000000001
2006-11-01,-3.507999999999999
2006-12-01,-3.289999999999999
2007-01-01,-0.6640000000000015
2007-02-01,2.4499999999999993
2007-03-01,3.839000000000002
2007-04-01,4.645
2007-05-01,1.8049999999999997
2007-06-01,-1.2420000000000009
2007-07-01,-1.9200000000000017
2007-08-01,-0.44499999999999673
2007-09-01,-0.4190000000000005
2007-10-01,-1.8019999999999996
2007-11-01,-3.146000000000001
2007-12-01,-3.3930000000000007
2008-01-01,-0.9089999999999989
2008-02-01,1.6050000000000004
2008-04-01,2.948999999999998
2008-05-01,2.2570000000000014
2008-06-01,-2.0459999999999994
2008-07-01,-0.8810000000000002
2008-08-01,-0.745000000000001
2008-09-01,-0.02499999999999858
2008-10-01,-1.299000000000003
2008-11-01,-3.386999999999997
2008-12-01,-2.4520000000000017
2009-01-01,-0.5829999999999984
2009-02-01,2.854999999999997
2009-03-01,3.567
2009-04-01,3.5820000000000007
2009-05-01,1.8279999999999994
2009-06-01,-0.08399999999999963
2009-07-01,-2.7979999999999983
2009-08-01,-0.23199999999999932
2009-09-01,-0.29900000000000304
2009-10-01,-2.3049999999999997
2009-11-01,-3.317999999999998
2009-12-01,-2.8260000000000005
2010-01-01,-1.5219999999999985
2010-02-01,3.6549999999999976
2010-04-01,3.440999999999999
2010-05-01,1.3550000000000004
2010-06-01,-1.2609999999999992
2010-07-01,-2.474999999999998
2010-08-01,-0.5410000000000039
2010-09-01,-0.5960000000000001
2010-10-01,-1.102999999999998
2010-11-01,-2.9890000000000008
2010-12-01,-4.748999999999999
2011-01-01,-0.9770000000000039
2011-02-01,3.5920000000000023
2011-03-01,4.524999999999999
2011-04-01,2.6780000000000044
2011-05-01,3.147999999999996
2011-06-01,-1.5500000000000007
2011-07-01,-1.661999999999999
2011-08-01,-0.6759999999999984
2011-09-01,-0.21199999999999974
2011-10-01,-1.2600000000000016
2011-11-01,-3.0790000000000006
2011-12-01,-3.809000000000001
2012-01-01,-1.394999999999996
2012-02-01,3.012999999999998
2012-03-01,4.562999999999999
2012-04-01,3.713000000000001
2012-05-01,2.7379999999999995
2012-06-01,-0.26899999999999835
2012-07-01,-2.8369999999999997
2012-08-01,-0.9640000000000022
2012-09-01,-0.18400000000000105
2012-10-01,-1.9609999999999985
2012-11-01,-3.428000000000001
2012-12-01,-2.539999999999999
2013-01-01,-1.4619999999999997
2013-02-01,3.0829999999999984
2013-03-01,4.332000000000001
2013-04-01,3.4060000000000024
2013-05-01,3.0329999999999977
2013-06-01,-2.248000000000001
2013-07-01,-1.7539999999999978
2013-08-01,-0.45700000000000074
2013-09-01,0.0
